name_x,team_x,PC1,PC2,PC3,PC4,PC5,PC6,PC7,PC8,PC9,PC10,PC11,position_x,conference,2026_wAV_Predictions
Trinidad Chambliss,Ole Miss,22.63438705,3.994239864,-1.263367875,-0.649180393,-2.218989705,4.008038937,-2.970553366,0.97173954,-1.528494099,-1.452560405,-0.36687178,QB,SEC,5.928689291
Diego Pavia,Vanderbilt,24.42807141,2.504992493,1.253079308,0.404239702,1.146298764,4.823064293,-2.232009886,0.867484291,-2.157733244,-0.911022408,-0.222395037,QB,SEC,5.016850131
Elijah Sarratt,Indiana,1.708794384,8.959955656,1.652081968,-4.311928108,-0.325519005,0.050821697,1.125592187,0.266300636,-0.210734563,-0.104840595,-0.442021402,WR,B1G,4.52821548
Caleb Hawkins,North Texas,8.526971531,-0.172556284,12.9331993,-0.14837412,3.080164671,1.499033894,-1.812074135,1.913316376,-2.719321373,0.116266868,-0.600226896,RB,AAC,4.523200382
Kevin Concepcion,Texas A&M,2.009713137,4.600208796,2.601606612,-3.765816864,1.678019038,1.543689741,2.118833291,0.960358961,1.994184076,0.04424329,-0.208675208,WR,SEC,4.138336856
Malachi Toney,Miami,3.926148523,5.972093283,1.934154363,-6.162426184,4.210074652,0.507532439,4.700384691,0.436574278,-1.205930016,0.8959959,-3.238839957,WR,ACC,3.867230854
Darian Mensah,Duke,22.50637557,3.501326023,-5.589618803,-0.116420985,6.162216276,8.154750561,-1.581196379,-1.58835301,-1.542297498,-1.251348284,0.480135548,QB,ACC,3.815435572
Jeremiah Smith,Ohio State,3.625939238,10.04118296,3.592525186,-6.003625638,0.079069445,1.698111918,3.431151196,-0.408962405,0.140898714,-0.058816211,-0.374148296,WR,B1G,3.564031513
Omar Cooper Jr.,Indiana,0.272521619,7.241849762,1.347269626,-2.557634132,-0.065122535,-0.058073152,0.689567563,0.313665707,-0.249784488,0.209268852,-0.289728806,WR,B1G,3.532849151
Nicholas Singleton,Penn State,3.883365685,-0.924953391,7.193076995,-0.582584909,-0.632517487,-0.95386137,-0.656770117,0.824314719,-0.542339226,0.485979364,-0.241767483,RB,B1G,3.47686605
Griffin Wilde,Northwestern,1.300325893,5.537216971,1.384749872,-4.447310879,-0.116022883,-0.40838787,1.996419668,-0.643866509,0.661003745,0.180403635,-0.169616116,WR,B1G,3.32597002
Kaytron Allen,Penn State,5.119732102,-2.50536633,8.283197882,0.577020375,0.533576937,0.239256441,-1.217416876,1.035119392,-1.185661244,0.797163713,-0.441839955,RB,B1G,3.201853947
Byrd Ficklin,Utah,3.011522847,-1.565508804,3.22636348,2.999418023,2.374339435,2.733734786,1.817699186,1.211075711,-2.240283275,-1.791106697,-2.419726707,QB,B12,3.130894944
Makai Lemon,USC,0.662345411,5.900266024,1.097538161,-3.866757409,0.028025793,-0.275969689,0.864812143,0.051281325,0.050598384,0.953082815,-0.253619453,WR,B1G,3.122914881
Dierre Hill Jr.,Oregon,1.232201719,-0.687046304,5.352649986,0.446335107,-1.610982141,1.676483028,0.791110031,0.974269382,-0.755675303,1.808977467,-0.42689904,RB,B1G,3.113381602
Nate Sheppard,Duke,4.997786487,-1.799271987,8.354766483,-0.374696133,-0.706311713,-1.330545544,-0.980696443,0.785996907,-0.480983365,0.509282776,-0.284278293,RB,ACC,3.11175125
Carnell Tate,Ohio State,0.525882209,6.122346576,0.896392241,-2.627857973,-0.196138355,0.008219334,0.411891336,0.169458765,-0.152759917,-0.085953186,-0.176034382,WR,B1G,3.110991125
Julian Sayin,Ohio State,14.11982906,3.3156452,-4.734926668,-0.874065565,-4.407196035,3.241628066,-0.299889581,1.311212839,-1.017169886,0.080331877,-0.734761804,QB,B1G,3.038914996
Cayden Lee,Ole Miss,-0.237644085,5.012010964,0.633985398,-1.867952711,-0.200234208,0.2773094,0.016454101,0.331673165,-0.299136299,0.466591098,-0.130419696,WR,SEC,3.033993799
Denzel Boston,Washington,0.151987039,5.201929418,0.775559727,-2.776070626,-0.116076517,-0.056664499,0.642054792,0.101307273,-0.057131469,0.462330147,-0.244948971,WR,B1G,3.016181374
Jadan Baugh,Florida,4.249228406,-2.508378073,7.273830978,-0.013718356,-0.346086883,-1.861434763,-0.847894857,0.342042188,0.005048414,1.158807104,-0.108787148,RB,SEC,2.984705835
Junior Sherrill,Vanderbilt,0.351349321,4.778626959,1.478554071,-1.760876587,-0.763608264,0.847955541,1.336316196,-0.005916471,0.047465688,0.328076677,-0.100543831,WR,SEC,2.940189749
De'Zhaun Stribling,Ole Miss,-0.025143993,5.436471976,0.798791524,-2.275310577,-0.057924237,-0.074089033,0.369486626,0.130126923,-0.111362594,0.201835053,-0.156373554,WR,SEC,2.902172626
Eli Heidenreich,Navy,3.610039684,5.069459491,4.692124745,-2.670838517,-0.845723722,0.072711273,1.067206071,0.250986016,-0.055109588,0.300852003,-0.12475045,WR,AAC,2.877346352
Harrison Wallace III,Ole Miss,0.250710607,5.046226767,0.502028866,-2.196414622,-0.26871427,0.180194681,0.129025349,0.161662127,-0.151773048,0.17075805,-0.115102948,WR,SEC,2.869512205
Blake Horvath,Navy,17.11621072,-1.255125183,5.417175687,2.462987219,8.505830827,5.97754544,-0.066083459,0.880272712,-3.64494042,-0.912016497,-0.980786164,QB,AAC,2.85977201
DT Sheffield,Rutgers,-0.029983316,4.541910294,0.759040975,-2.866715214,-0.063657908,-0.120021827,0.518114173,0.090479312,-0.08348546,0.13683086,-0.217712655,WR,B1G,2.855709992
Nyziah Hunter,Nebraska,-0.50244737,3.96542319,0.775917817,-2.857784457,0.003390084,0.065485297,0.481839375,0.270115595,-0.154206542,1.586417893,-0.249214195,WR,B1G,2.831862793
Ahmad Hardy,Missouri,7.830387578,-3.672655918,11.17583672,1.957185244,2.919748422,1.038082499,-1.892958866,0.770813345,-1.670062952,-0.587082306,-0.07797854,RB,SEC,2.825400578
Liam Szarka,Air Force,16.50693171,-0.544692252,4.501861033,1.891349089,3.294720603,2.372481278,-0.240267041,1.811810228,-2.852157151,-0.660857156,-1.160271437,QB,MWC,2.770793468
Jonah Coleman,Washington,4.289978174,-0.750482564,7.382896014,0.142384687,-0.752398095,-1.051752102,-0.917244552,0.701047808,-0.468785622,-0.267096102,-0.10996955,RB,B1G,2.75140466
Jeremiyah Love,Notre Dame,5.206688391,-1.316092667,9.24286938,0.110676247,-1.015680697,-0.810775017,-0.915623013,1.204192309,-0.900043573,-0.007873801,-0.321423766,RB,Ind,2.722737655
Jordon Davison,Oregon,2.537440196,-2.270768628,6.466927144,1.030082,-0.686297738,1.247299234,-0.722922554,1.394040347,-1.41493717,0.169593517,-0.478700332,RB,B1G,2.720770542
Jordyn Tyson,Arizona State,1.663293068,6.797560056,1.260426287,-4.330437668,0.019984931,-0.499727394,0.573070038,0.093320989,-0.037866285,0.47693348,-0.404261747,WR,B12,2.713057043
Mario Craver,Texas A&M,0.941457058,5.394970901,2.168223012,-2.236408395,-0.524135938,0.442481903,1.350361126,-0.142226374,0.212040804,0.362901143,0.059320588,WR,SEC,2.639918673
J'mari Taylor,Virginia,6.103280746,-3.270816974,7.68809538,0.611864705,2.615799943,-2.45373037,0.78848603,0.509511786,-0.735955414,0.133847697,-1.751836256,RB,ACC,2.635834626
Cam Coleman,Auburn,0.094644632,4.649576624,0.797729363,-3.022963283,0.117922181,-0.408735843,0.680790856,-0.052064997,0.112777198,0.56281006,-0.134916643,WR,SEC,2.614152398
Jacob De Jesus,California,2.094889868,3.922158584,1.612177659,-3.66699927,4.487742722,2.255457032,1.496707275,-1.095800885,-0.265362852,0.623856177,-0.160785931,WR,ACC,2.608796429
Amare Thomas,Houston,0.976972613,6.121985732,1.631521408,-4.097600505,-0.033251157,-0.4201298,1.574152466,-0.429787866,0.411124367,-0.26624578,-0.158963434,WR,B12,2.588865198
Antonio Williams,Clemson,0.647342395,4.559273748,0.837076485,-3.268374092,-0.061199712,-0.334122485,0.618140741,-0.042943953,0.083499914,0.294859913,-0.166024822,WR,ACC,2.585244265
Ryan Williams,Alabama,1.435013467,5.10073809,2.518178423,-2.776263209,1.552832594,2.403448024,2.632264142,-0.892173643,0.151772278,0.470815243,-0.012962664,WR,SEC,2.582247009
Chris Bell,Louisville,0.435691503,5.389923536,0.765448351,-2.476784841,-0.161808465,-0.001343004,0.342749689,0.176044439,-0.105223507,0.730202072,-0.20263321,WR,ACC,2.57203902
Germie Bernard,Alabama,1.16329041,4.544982906,1.991503737,-1.998756493,-0.872676833,0.685250336,1.62158326,-0.273895048,0.315069741,-0.076937734,0.028171106,WR,SEC,2.570337588
Jai'Den Thomas,UNLV,3.59954705,-1.708334885,7.013431067,0.183743732,-0.942022601,-0.450600025,-0.692418552,0.924579649,-0.682737835,0.422450865,-0.320947273,RB,MWC,2.513852938
Mark Fletcher Jr.,Miami,3.852873986,-2.355171067,7.098868561,0.624910889,2.017004792,1.253858341,-0.926194564,0.584702035,-1.241722111,0.574953918,-0.245297552,RB,ACC,2.501846615
Javon Tracy,Minnesota,-0.152874126,4.722051249,0.653950007,-2.122000744,0.022465056,-0.226099416,0.404413091,0.030350569,0.017665231,0.515035136,-0.096630197,WR,B1G,2.456731057
Eric Singleton Jr.,Auburn,0.650733164,3.249003602,1.67243465,-2.627103091,-0.330038914,-0.005068838,1.565221613,-0.540807456,0.55142734,0.246190122,0.028400894,WR,SEC,2.449199135
Andrew Marsh,Michigan,1.410729498,4.487612082,2.575556585,-0.561324869,2.60300849,4.471662222,4.785867613,-1.97316985,0.73218767,-0.118131763,0.874384165,WR,B1G,2.444020393
Cameron Dickey,Texas Tech,3.179795866,-1.52718302,6.856985778,0.060004523,-0.476703371,-1.112844507,-0.622509317,0.516295737,-0.297338224,0.347655008,-0.114933141,RB,B12,2.415347906
Dezmen Roebuck,Washington,-0.163301774,3.779949612,1.372245929,-2.575385127,1.918439332,1.696285332,1.724298207,-0.477682008,-0.13478308,1.321766332,-0.150778444,WR,B1G,2.413658435
Jordan Hudson,SMU,-0.273646475,4.472138739,0.615119451,-2.483757891,-0.031520865,-0.060477162,0.488871825,0.111313138,-0.055234185,0.818232737,-0.194949372,WR,ACC,2.408035806
C.J. Daniels,Miami,0.032875392,5.297747616,0.556754025,-1.912667638,-0.169663281,0.019300522,0.316799902,0.098185915,-0.08627295,0.241181485,-0.178665714,WR,ACC,2.398408043
Teddy Hoffmann,NC State,2.139833677,1.297389188,-3.689106148,0.753610155,6.32433325,-2.987530113,6.951419567,4.676146545,-5.067131418,-2.173019743,-10.37019886,WR,ACC,2.39286227
Devonte Ross,Penn State,1.177012848,6.202643594,1.910136454,-2.814272408,2.094263568,1.543149786,1.730714373,-0.77501525,-0.040229302,-0.4576713,-0.05975339,WR,B1G,2.386331834
Jeremiah Koger,South Florida,-0.568784952,4.574990645,0.865128152,-3.119849316,0.081327916,0.021463315,0.713615851,0.338602265,-0.183331214,1.871579943,-0.321049705,WR,AAC,2.373074817
Bear Bachmeier,BYU,21.25662802,0.73841567,-0.093655185,1.278738014,5.169146699,5.212372862,-1.61236071,-0.163597106,-1.927260937,0.133853694,0.046510128,QB,B12,2.36940259
Isaac Brown,Louisville,4.500624726,-3.187536454,7.437729492,0.880943431,4.241964211,3.428487893,0.240107916,-0.161619019,-1.414563125,0.598815422,-0.308032224,RB,ACC,2.35964757
Malachi Hosley,Georgia Tech,1.832871606,-1.482890489,5.134499937,0.443703123,-0.868227681,0.01268055,-0.188496252,0.477538719,-0.357329862,0.349061579,-0.163012179,RB,ACC,2.338873959
Trent Walker,Oregon State,0.599988624,4.5134805,0.485826043,-2.657205473,-0.256303577,0.029408098,0.362390042,0.04686887,-0.002756097,0.565204588,-0.174818319,WR,PAC,2.334829056
Tanner Koziol,Houston,0.616847055,4.495731526,0.606705721,-3.712412342,-0.057643274,-0.351684692,0.867306309,-0.199733472,0.203229822,0.005437742,-0.172957947,TE,B12,2.318197786
Junior Vandeross,Toledo,0.875106355,5.937850674,1.090532384,-4.249150202,0.061793826,-0.45781242,0.973578229,-0.157039823,0.194513104,0.263560283,-0.178277232,WR,MAC,2.313227779
Beau Sparks,Texas State,1.466461105,5.844121462,2.427036722,-3.927072184,-0.488990147,0.27004031,1.988449236,-0.346504956,0.316447383,-0.138509519,-0.26206062,WR,SBC,2.312524802
Hank Beatty,Illinois,-0.218802323,3.901505555,0.283581907,-1.060767843,-0.275917666,0.202725221,-0.156843389,0.217181382,-0.213678778,0.150216136,-0.068944799,WR,B1G,2.307449662
Justice Haynes,Michigan,2.877911809,-2.99040316,5.199628744,1.366340631,-1.389313082,0.235917921,-0.133683682,0.439290275,-0.306222286,0.187214886,-0.220980356,RB,B1G,2.304520988
Antwan Raymond,Rutgers,4.352740043,-1.953141796,8.135810098,0.813403305,-0.260640271,-1.977903248,-1.437676482,0.659465818,-0.339598844,0.330563339,-0.010756379,RB,B1G,2.303284947
Tucker Gleason,Toledo,11.8940124,0.265288752,-2.718401032,0.737830239,-2.304184115,-0.175022133,0.027330542,0.321203867,0.050785858,0.044672613,-0.166727854,QB,MAC,2.294587657
CJ Bailey,NC State,21.53033797,1.600924875,-3.495165386,0.723622693,3.897739465,4.466787085,-1.011723487,-1.22514083,-0.686292617,-0.95040289,0.787502859,QB,ACC,2.293643106
Kevin Coleman Jr.,Missouri,0.433038215,3.924204952,1.4212307,-2.817629712,-0.076923133,-0.228994992,1.192666378,-0.508091509,0.446284478,-0.119450211,-0.02652821,WR,SEC,2.279730862
Parker Navarro,Ohio,12.77879547,-0.535414287,1.494060345,1.44938492,-2.810427759,0.152010091,0.009059098,1.790757018,-1.181278648,-0.114414887,-0.325188776,QB,MAC,2.274584623
Josh Cameron,Baylor,0.157517045,5.238348632,0.732560284,-2.762849322,-0.072207252,-0.165001097,0.598131583,0.013102948,-0.010438928,-0.066219988,-0.169083197,WR,B12,2.273762418
Dashun Reeder,Northwestern,-0.000778827,-2.794550893,2.442366536,0.998066012,2.823076355,4.823735833,1.084146591,9.001551046,10.85209573,-0.839390981,-0.453958706,RB,B1G,2.27131222
Parker Livingstone,Texas,-0.230206281,3.760466938,-0.40703786,-1.793608274,1.063100668,-2.025148141,2.116245328,0.74929875,-0.578030455,-0.738222093,-1.99544349,WR,SEC,2.261951922
CJ Donaldson,Ohio State,3.12340898,-1.958561945,5.555621649,0.77974284,1.168324282,1.009787879,-0.870964069,0.553904145,-1.034572378,-0.164008458,-0.147041599,RB,B1G,2.254825449
Darius Taylor,Minnesota,5.011364762,-2.34482286,6.763501258,-0.139189236,0.211973731,-3.129791221,-0.202925873,-0.882023556,1.15300034,0.788661452,0.293383885,RB,B1G,2.248878591
Bryant Wesco Jr.,Clemson,-0.147533921,4.980867769,0.856514788,-2.340415085,0.12595373,-0.267087939,0.327479473,0.123293606,-0.003587655,1.232010602,-0.082223234,WR,ACC,2.246132374
Mason Heintschel,Pittsburgh,16.62240064,-1.617974863,-3.858691761,2.016298923,8.285066237,2.729668806,0.519472119,-3.08769821,0.561600639,-0.06352326,1.203979601,QB,ACC,2.245742001
DeJuan Williams,Maryland,2.097440544,-1.993983812,4.548086793,-1.407995636,3.110742666,-1.7085269,0.522557748,-1.584489239,1.054059757,1.431459619,0.366644641,RB,B1G,2.239011987
Khobie Martin,Indiana,0.465388589,-2.547627135,2.581607756,0.622412236,-1.344437871,1.143438684,-0.01158788,0.510738658,-0.46497226,0.483481163,-0.256703134,RB,B1G,2.234609422
Mike Matthews,Tennessee,-0.692785073,3.681906693,0.460020925,-2.073948839,-0.003503723,-0.015484651,0.188324505,0.174077689,-0.164259503,0.265905675,-0.089738708,WR,SEC,2.21623834
Emmett Johnson,Nebraska,5.452762601,-1.607885118,7.631379076,-0.377364358,2.474734133,-0.681401419,-0.226570064,-0.504523628,-0.04557379,0.401904438,0.087441387,RB,B1G,2.216082665
Nick Marsh,Michigan State,0.631618688,3.912322656,1.248953092,-2.84511069,0.620324404,0.229150194,1.665053808,-0.671541784,0.51149154,0.649591625,0.000589372,WR,B1G,2.210365201
Malik Rutherford,Georgia Tech,-0.268904369,3.848189696,0.492664656,-1.956631777,-0.137002347,0.054018281,0.158184608,0.156427351,-0.132921137,0.544697575,-0.159724543,WR,ACC,2.201733088
Fernando Mendoza,Indiana,20.86352456,3.184568093,-3.667322509,0.073552081,-0.364242882,4.215329724,-1.51991872,0.189326938,-1.059755538,-1.016094445,0.085265526,QB,B1G,2.189995865
Ryan Wingo,Texas,0.002168733,2.699791422,2.338173163,-2.721343707,-0.222837178,-0.064085222,3.084910312,-1.307050626,1.300499962,0.206274106,0.380608338,WR,SEC,2.187195714
Bryson Washington,Baylor,2.998102153,-2.46568805,5.670520635,0.201126341,-0.796211362,-0.673454324,-0.555056665,0.451698258,-0.227844578,0.653300571,-0.160462671,RB,B12,2.179672688
Brian Rowe Jr.,South Carolina,0.138548302,-1.095381104,-2.077006321,-0.206827649,0.66293386,-1.613992014,3.626411973,2.537487071,-2.072535844,1.227727604,-5.057763578,WR,SEC,2.176588663
Eric Rivers,Georgia Tech,0.517345935,5.689794952,1.271215459,-3.113762275,0.343439272,-0.714160073,-0.009813709,0.019146564,-0.106822615,-0.255316071,-0.309530671,WR,ACC,2.169754467
Kenyon Sadiq,Oregon,-0.610308769,2.912883214,0.634932601,-1.51473449,-0.364799024,0.377016025,0.854658702,-0.15819778,0.121955293,0.299266133,-0.147307032,TE,B1G,2.157309539
Mason Mini,California,1.026914097,1.957747009,-2.28288533,-1.131860265,1.766344564,-3.519950674,3.730776991,2.988195478,-2.576936964,-0.982265,-6.138496649,TE,ACC,2.152661049
Tre Richardson,Vanderbilt,0.883304999,5.208547239,2.080231747,-3.339046686,0.024979639,-0.51146958,1.641976917,-0.650502397,0.631796219,-0.547563766,0.189067679,WR,SEC,2.148016761
Cooper Barkate,Duke,1.429192799,6.383427138,1.334474016,-5.353154762,0.266456216,-0.879842132,1.197106477,-0.39812791,0.451668065,0.07035651,-0.027609698,WR,ACC,2.144926945
Chrishon Mccray,Michigan State,-0.284151425,4.026024168,0.733208059,-1.769254189,-0.033188542,-0.105911609,0.605196501,-0.152725296,0.18025907,0.674730383,-0.043052631,WR,B1G,2.143478939
Cameron Dorner,North Texas,-0.110656607,5.745300162,1.507261999,-4.054653973,1.005946994,0.221934968,1.070352975,0.021822921,-0.163737121,0.921147612,-0.277753698,WR,AAC,2.142816742
Cade Klubnik,Clemson,18.78603385,0.176016809,-3.274472086,0.974936032,2.759855379,2.555608527,-1.194806395,-1.280202438,-0.002274495,0.185949072,0.552358847,QB,ACC,2.130198039
Joey Aguilar,Tennessee,21.88639916,2.167866201,-4.814899505,0.676484732,4.902714264,5.775628311,-1.040741697,-1.612204195,-0.769669125,-0.944223255,1.195266428,QB,SEC,2.12923451
Cam Cook,Jacksonville State,4.681268912,-3.810411749,6.868511928,1.022039949,-1.146292092,-0.81248826,-1.658005733,0.988768853,-0.733241154,-0.165873973,-0.219915348,RB,CUSA,2.117004314
Cade Harris,Air Force,1.008331965,3.224109293,3.073606779,-0.033230007,-0.589976935,0.363913853,0.400009316,0.294951521,-0.099768928,1.166163489,0.109529409,WR,MWC,2.114899575
Chase Hendricks,Ohio,0.420530308,4.939316628,0.61985729,-2.697401008,-0.079924275,-0.164428146,0.437420641,0.02527422,0.012339319,0.315492384,-0.124713452,WR,MAC,2.114707753
Sedrick Alexander,Vanderbilt,2.845374774,-0.956904825,5.32190109,0.037650556,2.021432141,0.22760895,-0.336661336,-0.21512535,-0.374837502,0.106644818,-0.011832132,RB,SEC,2.112485104
Chris Brazzell II,Tennessee,-0.021811353,4.694829536,0.560381985,-2.580219594,0.069409754,-0.340302709,0.452890978,-0.106740127,0.123662646,0.1696702,-0.023590721,WR,SEC,2.111815543
Roman Hemby,Indiana,2.81368811,-2.088650709,6.178605432,-0.252474933,-0.075205574,-1.727059594,-0.318662979,-0.157812023,0.325502736,0.646702386,0.020083854,RB,B1G,2.10904415
Will Henderson III,UTSA,1.3137047,-1.767573997,4.341141654,-0.117437185,-0.803611634,0.07277137,0.142061315,0.186783139,-0.136323668,0.198659026,-0.097946298,RB,AAC,2.104286101
OJ Arnold,Georgia Southern,3.799699338,-0.959602503,2.900249803,1.250605305,0.150426028,-2.306929308,3.443811551,2.914563234,-2.414150276,-1.193265732,-5.166416824,RB,SBC,2.102413415
Link Rhodes,SMU,-2.349187115,-1.774837793,-1.564184248,-1.521121721,6.134357278,2.87228735,-3.718815997,19.67492432,21.15698307,-3.462227736,-0.878620317,WR,ACC,2.10173819
Dane Key,Nebraska,0.326667216,5.260164058,0.453089308,-1.797817869,-0.149041377,-0.14639848,0.199820835,-0.037182893,0.023776732,-0.230575238,-0.033759881,WR,B1G,2.101141129
Terrill Davis,Oklahoma State,0.346956446,1.284599084,-1.513661932,-0.521397207,0.705300564,-1.764957774,2.149083837,1.442101971,-1.171354856,-0.241200408,-3.02757675,WR,B12,2.094374458
Dakorien Moore,Oregon,0.374611636,2.55042542,2.333931803,-1.185383089,1.077342846,2.612959468,3.044176044,-1.141443832,0.472376949,0.32313089,0.325782366,WR,B1G,2.088958538
Terrance Carter,Texas Tech,0.061025805,4.846698635,0.569799298,-2.295019197,-0.082354392,-0.131556973,0.362437926,-0.002134725,0.014164286,0.203182349,-0.101469236,TE,B12,2.08728082
Dequan Finn,Miami (OH),12.44942826,-0.361461838,-0.254343504,0.852152912,-2.397481884,-0.42791005,0.084438709,0.77816331,-0.289473255,-0.126292612,-0.174448285,QB,MAC,2.074261818
Vernell Brown III,Florida,0.45855111,2.426871127,2.016183022,-0.052300138,0.28108232,3.491195647,4.737270972,-1.962299258,1.320521396,-0.220041963,0.901986627,WR,SEC,2.074169222
DeSean Bishop,Tennessee,3.544938836,-2.019422108,6.993449515,1.179476628,-1.143171265,-0.250814241,-1.203916305,1.074597209,-0.8712033,-0.753999507,-0.055155216,RB,SEC,2.067537559
A.J. Turner,Minnesota,0.132568872,-2.348721945,1.925342099,0.38408607,-1.169756,0.957394306,-0.087925659,0.312628513,-0.353987459,-0.030662653,-0.212017746,RB,B1G,2.066312281
Caden Durham,LSU,1.768524695,-2.286896277,4.693626406,-0.152913745,-0.015975002,-1.503017706,-0.133412031,-0.46628365,0.538135533,0.34469776,0.164697469,RB,SEC,2.065062958
Jayce Brown,Kansas State,0.908158121,4.587883627,3.110729202,-1.522549285,-1.001971879,0.987958208,3.144358459,-0.874880325,0.886718344,0.244964851,0.125487823,WR,B12,2.06499729
Tawee Walker,Cincinnati,2.423985601,-2.455976068,5.100401613,0.513831289,-0.850296671,-0.369075459,-0.625309261,0.497884644,-0.329057056,0.573532869,-0.199368617,RB,B12,2.063398253
Austin Simmons,Ole Miss,3.562402306,-0.421906165,-1.994053129,1.043258237,-1.086932938,0.088801693,1.812775592,1.875340325,-1.45915703,0.620822362,-1.13917939,QB,SEC,2.062106174
Anthony Colandrea,UNLV,20.4964944,0.067214127,-1.429836296,1.499478641,4.704778625,4.132345419,-0.639347578,-0.940158515,-0.925730301,0.200636524,0.662771584,QB,MWC,2.060358746
Keyjuan Brown,Louisville,1.182230198,-2.557317013,3.367814562,0.998869271,-1.342132006,0.7568029,0.073471233,0.261094206,-0.212280779,0.238241399,-0.166903676,RB,ACC,2.054682129
Kevin Jennings,SMU,17.51450431,1.549831464,-3.885896711,0.456580427,4.364860981,4.527956312,-0.687070944,-0.990897729,-1.070009613,-0.690826298,0.432442777,QB,ACC,2.05175455
KJ Duff,Rutgers,0.675915104,6.430558825,0.977841453,-2.892683981,0.093864878,-0.4941374,0.467262141,-0.142069089,0.137710673,-0.469784107,0.037227931,WR,B1G,2.037305108
Nate Frazier,Georgia,3.41958676,-2.410872983,6.180169184,0.347055086,3.405067461,1.958033406,-0.601392923,0.006468746,-1.149020515,0.533328321,-0.176009755,RB,SEC,2.031056887
Nykahi Davenport,South Florida,3.644513289,-2.457278369,2.449231481,2.500135393,2.715085354,-1.522416171,3.75557481,3.074646242,-3.223985101,-0.971762658,-6.096459318,RB,AAC,2.02992248
Carlos Del Rio-Wilson,Marshall,10.48692608,-0.826832028,-0.885207353,0.659088215,-1.667131255,-1.024895846,-0.058431021,0.69377144,-0.24457212,0.468115612,-0.473121547,QB,SBC,2.025548111
Fluff Bothwell,Mississippi State,3.093242867,-1.95028047,6.126399609,0.616517186,-0.861918177,-0.510087069,-0.745909299,0.654533046,-0.43673601,0.188521439,-0.054792276,RB,SEC,2.021529757
Kamario Taylor,Mississippi State,5.31538458,-2.318243821,2.310331965,1.844683084,-1.645852713,0.122351057,1.058386344,1.811142482,-1.423739302,-0.502941381,-1.699574886,QB,SEC,2.019162784
Sam Leavitt,Arizona State,14.25261803,0.069038164,-0.693698023,1.099809297,-2.728344073,-0.37958417,0.265323505,0.432074046,0.145559169,0.739508248,-0.489108241,QB,B12,2.01588238
Justin Joly,NC State,-0.273021655,4.478747422,0.507849879,-2.074087882,0.02139951,-0.221899633,0.382992814,-0.034689123,0.047546844,0.304202404,-0.089823778,TE,ACC,2.015554624
C.J. Carr,Notre Dame,15.99042486,2.236907795,-4.283893721,0.250160585,-1.392370546,2.551902835,-0.612317214,0.575227923,-0.880545399,0.004784025,-0.454904244,QB,Ind,2.013274458
Elijah Tau-Tolliver,Michigan State,0.553069408,-2.607331685,3.557605152,-0.317388624,-0.094403885,-0.841410252,0.462769209,-0.66002442,0.647118626,0.837916062,0.091284177,RB,B1G,2.013077488
Malachi Fields,Notre Dame,0.043180969,4.649862237,0.556624213,-1.9983265,-0.051291726,-0.205035017,0.248143029,0.019614278,-0.004303681,0.206503012,-0.099962578,WR,Ind,2.01104661
Alberto Mendoza,Indiana,1.144128628,-0.687165412,-0.654769184,1.818121078,-0.840525097,0.285351418,2.77443035,2.056645542,-1.869475184,-1.250857383,-2.263557316,QB,B1G,2.01093316
Dorian Thomas,New Mexico,0.757173811,2.797621392,0.535322186,-2.786795133,4.30277022,2.427167893,0.835233564,-0.742979926,-0.600959324,0.935996501,-0.159704287,TE,MWC,2.010577921
Eli Stowers,Vanderbilt,0.836043948,4.826366883,0.7763937,-2.82532213,0.294922104,-0.943123205,-0.150258521,-0.221463084,0.11357868,-0.91072775,-0.071619105,TE,SEC,2.008455002
Rahsul Faison,South Carolina,2.361049582,-2.256099458,5.20380054,0.133852027,-0.524720618,-0.853969339,-0.486770849,0.160898212,-0.02161734,0.336965965,-0.008941005,RB,SEC,2.007941952
Nick Minicucci,Delaware,22.17266751,0.908716902,-2.693232928,1.06082092,1.912388483,3.751910226,-2.312629925,-0.76170767,-0.572032861,-0.071310014,0.77318042,QB,CUSA,2.007707036
Noah Whittington,Oregon,1.729226021,-1.736646637,4.466098367,0.287983107,-0.740342203,-0.294453938,0.044494878,0.099410944,-0.025111375,-0.082980769,-0.035097487,RB,B1G,2.005915249
Raylen Sharpe,Arkansas,0.717574042,3.471689694,2.054609115,-1.559893245,-0.556727927,0.176484206,2.164267852,-1.190718162,0.984993595,-1.586552583,0.292579263,WR,SEC,2.003573354
Harlem Berry,LSU,1.56401542,-3.370297584,3.394017341,0.380224521,4.570518737,2.704038019,0.119464083,-1.085565127,-0.55753454,-0.103896325,0.19881217,RB,SEC,2.003056138
Kewan Lacy,Ole Miss,4.215582874,-3.931222235,8.078651547,0.879848023,1.922639669,-0.593493791,-1.353962369,0.242327008,-0.66428884,0.014166667,0.005858786,RB,SEC,1.998517807
Bryson Barnes,Utah State,12.50550973,-0.831193055,0.372585973,1.746922379,-2.309272002,-0.634980512,0.421155348,0.896406396,-0.306413938,0.751467258,-0.474204469,QB,MWC,1.984958285
Isaiah Horton,Alabama,-0.443961402,4.249501871,0.224502509,-1.388105788,-0.154106779,-0.012853694,0.191130677,-0.021745,-0.033143098,-0.338263163,-0.065823629,WR,SEC,1.980138081
Desmond Reid,Pittsburgh,2.867051017,0.693716958,4.985150912,-1.114782678,0.197129306,-1.971227245,0.126910282,-0.644530245,0.743998369,0.269345088,0.169399229,RB,ACC,1.980112102
Aaron Anderson,LSU,-0.125613357,3.230924643,0.160645455,-1.812452766,-0.087807417,-0.192692178,0.050473344,-0.105357021,0.086435929,0.098635831,-0.007648563,WR,SEC,1.979885873
Shamar Rigby,Oklahoma State,0.966142608,1.354370244,-3.15654283,1.385871738,1.598102484,-3.360669472,5.462483911,4.384992779,-3.731092778,-0.938116057,-8.325825799,WR,B12,1.979750069
Cale Hellums,Army,7.044870744,-2.452762066,6.643599565,1.184609954,-1.718716891,-0.483024133,-1.797201839,1.433720734,-0.978935828,0.046106573,-0.231462062,QB,AAC,1.979619828
Jayden Maiava,USC,17.98423308,2.609374311,-3.831131892,0.129556053,-0.386150858,3.15343985,-0.756115801,0.106215254,-0.753833385,-0.795291303,0.290854747,QB,B1G,1.976591653
Jacob Zeno,Texas A&M,6.070959194,-0.964447773,-3.306947644,0.137140145,-0.725084345,-1.308147369,0.480898213,0.507555667,-0.176145027,0.181915535,-0.636141103,QB,SEC,1.970065097
Braden Pegan,Utah State,0.121023898,3.686224261,0.513378292,-2.84999326,-0.017975117,-0.285726768,0.458619378,-0.085245609,0.106984122,0.325508934,-0.104547822,WR,MWC,1.968288982
Jonathan Brady,Indiana,-1.17441542,2.976134159,0.060946138,-0.717974752,-0.18596587,0.28266944,-0.085927717,0.260703629,-0.252666743,0.678522079,-0.173766333,WR,B1G,1.967435818
Devin Mockobee,Purdue,4.195687861,-1.966114575,5.732933181,0.496565915,5.389698626,1.059914619,-0.301529727,-1.318442989,-0.215046983,0.142863985,0.314958307,RB,B1G,1.96301486
Keshaun Singleton,South Florida,-0.320393036,5.680235881,0.889895749,-2.369992952,0.268731588,-0.504096103,0.629990572,-0.059956794,0.122978835,0.742574257,-0.121715579,WR,AAC,1.962538823
Christian Neptune,South Florida,1.747580624,0.142325782,-1.427404939,-0.226064539,3.164023804,-1.299282845,5.557844965,1.929266881,-2.242162982,-1.023280348,-5.884015332,WR,AAC,1.961297739
Chase Roberts,BYU,0.250839301,5.230987077,0.888070275,-2.850162266,0.084600128,-0.363840199,0.442038808,-0.021866459,0.061060359,0.254816547,-0.053058138,WR,B12,1.957713024
Will Hammond,Texas Tech,6.360459256,-1.269784249,0.296885496,1.721328647,0.741698313,1.602601282,2.006082944,0.758557858,-1.12582486,0.340978041,-1.035522538,QB,B12,1.957409221
Manny Covey,Cincinnati,0.169495826,-0.184135349,1.841924557,0.61082955,3.683498881,2.785731777,0.596100088,2.283640876,3.526219725,-0.148502008,0.190834149,RB,B12,1.956900787
Lucky Sutton,San Diego State,1.841540936,-3.202103158,3.923538569,0.822735454,-1.023122118,0.023447536,-0.594524387,0.455779523,-0.349452671,0.26636921,-0.196098082,RB,MWC,1.955605593
Angel H Flores,Central Michigan,5.901092538,-3.3444115,3.244572957,2.04656156,3.558801995,1.120998813,1.444315216,1.044819243,-1.943893932,-0.254776072,-1.291804231,QB,MAC,1.952354888
Waymond Jordan,USC,3.846068083,-2.764291792,5.297376976,1.005091831,3.452014275,1.953168988,0.079678782,-0.684516121,-0.499542216,0.741271136,0.09856047,RB,B1G,1.948395342
Zachariah Branch,Georgia,0.257050198,3.540901912,1.152954177,-2.741238555,-0.237551858,-0.100804709,1.492908575,-0.627965201,0.553738417,-0.43478236,0.009216929,WR,SEC,1.946600959
Lincoln Pare,Texas State,3.454061771,-1.237634695,6.645108374,0.006326207,-0.453515351,-1.254652011,-0.560662247,0.335153476,-0.134469796,0.044646364,-0.013840906,RB,SBC,1.946129383
Durell Robinson,Auburn,0.396598949,-2.080925102,3.094955831,1.628007778,-1.953767924,2.044429582,1.553721778,-0.052164179,0.075675442,0.678134125,-0.141751117,RB,SEC,1.944101067
Nick DeGennaro,James Madison,1.845546829,4.5464947,-1.79784205,0.823517803,1.570247667,-3.372502028,7.303830736,4.678764181,-3.918121195,-0.809053544,-9.273429945,WR,SBC,1.943447076
Chris Barnes,Wake Forest,-0.66097955,0.756198911,1.924086449,-1.546063727,-0.458484146,0.603610842,1.295458413,-0.167032933,0.14439555,0.727100851,-0.101935331,WR,ACC,1.939887775
Jalon Daniels,Kansas,16.12237458,0.690172261,-1.301935968,1.185474144,2.764276621,2.427629384,0.191240222,-0.296265956,-0.788990378,0.182397361,-0.207713496,QB,B12,1.939768145
Deuce Alexander,Ole Miss,-0.890449074,3.356815715,0.453917823,-1.367379989,0.011079455,0.004057758,-0.077256166,0.212496589,-0.168443413,0.852536729,-0.072274411,WR,SEC,1.937754852
Preston Stone,Northwestern,9.519545864,0.195728891,-3.509552059,0.596473147,-1.943957272,-0.053035707,0.310606234,0.395775572,-0.092948609,0.010952559,-0.259108379,QB,B1G,1.937384255
Isaiah Sategna,Oklahoma,-0.016377544,2.928304201,1.683417556,-2.115511831,-0.656331178,0.611877897,2.530025228,-1.060656102,0.934277702,-0.559430757,0.178731436,WR,SEC,1.933515265
Byrum Brown,South Florida,19.16940821,-0.258901209,1.437559225,1.587008162,4.752592999,4.130218206,-0.541922795,-0.287303227,-1.61722268,-0.000572854,-0.354116738,QB,AAC,1.928875218
E.J. Warner,Fresno State,18.52454827,1.101629422,-5.840298976,0.779140452,3.498069761,2.434109072,-0.179048744,-2.047998452,0.596800958,0.299683056,1.475965768,QB,MWC,1.928405332
Alex Tecza,Navy,3.761499869,-1.338668965,6.464610754,0.563347206,1.151418003,0.400749271,-0.582091521,0.345200737,-0.692329025,0.213833523,-0.070787072,RB,AAC,1.918731411
Broc Lowry,Western Michigan,5.541715454,-1.047934751,-2.20367164,0.325005201,-1.122797387,-0.469290462,0.049487172,1.019839349,-0.717339168,0.287143659,-1.275528968,QB,MAC,1.918468105
Ian Strong,Rutgers,0.30640605,5.475250142,0.5129716,-1.796889521,0.002839279,-0.366755478,0.267621084,-0.133428115,0.128767304,-0.336493823,0.072226351,WR,B1G,1.913813303
Cameran Brown,Georgia State,5.828820294,-1.372767626,-0.515309581,0.913721752,-1.904781246,0.560949585,1.129470592,0.402872748,-0.173335626,-0.07261857,-0.893998959,QB,SBC,1.912470663
Trey'Dez Green,LSU,-0.981042177,4.125964637,0.287013083,-0.470087563,-0.04247451,-0.024451106,0.227888693,0.164066123,-0.110622739,0.857929528,-0.20226518,TE,SEC,1.911489213
Micah Ford,Stanford,2.630106866,-3.011804983,4.001742634,0.478319551,1.755181835,-1.973248422,0.547228883,-0.56571696,0.385536839,0.532873304,-0.659946431,RB,ACC,1.91065481
Ja'Kobi Lane,USC,0.234724055,6.347034558,0.70235505,-1.271874794,-0.040904699,-0.37285596,0.288914835,-0.092752212,0.034990242,-0.989725347,-0.028814106,WR,B1G,1.906479615
Ryder Burton,UAB,4.933209389,-1.309929336,-2.513761212,0.987923776,-0.768456076,-0.939950359,1.090849072,1.057887174,-0.675256137,0.302669946,-0.342379653,QB,AAC,1.903830203
Jordan Marshall,Michigan,2.446628174,-3.213651598,4.631571152,1.281947546,-0.721891695,-0.794880193,-0.676058538,0.116251273,-0.016598543,0.025529554,-0.104398563,RB,B1G,1.896939986
Kole Wilson,Baylor,-0.377122504,3.791400676,0.615137319,-3.341105544,0.429674676,-0.7266384,0.240046269,-0.093314711,0.079406745,0.338308706,-0.115515837,WR,B12,1.889193746
Amari Odom,Kennesaw State,18.24432488,-0.834999412,-1.873559849,2.070281877,9.492603109,5.355526239,-0.202632045,-2.004700671,-1.224094499,-1.180622541,0.700623141,QB,CUSA,1.887124464
Keyone Jenkins,Florida International,15.13817474,-1.341287838,-3.024748209,1.454139457,8.545197639,4.037930587,0.391945215,-2.142876335,-0.538129954,0.797094491,0.480526009,QB,CUSA,1.884874454
Giovanni Lopez,North Carolina,13.43708996,-0.153134148,-1.660932904,1.221106731,-2.179328848,-1.157274089,0.300334603,-0.09653981,0.578075314,-0.048521255,-0.174515137,QB,ACC,1.883965208
Dean Connors,Houston,3.892355314,-1.604049802,6.39088224,-0.931278031,4.261052292,0.090662226,0.34731298,-1.182056173,0.099795059,0.475017239,0.233501542,RB,B12,1.880902419
Colton Joseph,Old Dominion,21.89775379,0.337746077,2.265862119,1.868514317,9.063032406,7.337434784,-0.539907903,-0.64365359,-2.715215765,-1.072464771,0.168309743,QB,SBC,1.879775871
Xavier Robinson,Oklahoma,0.973192743,-1.686777399,3.452960393,0.186722012,-0.24341969,-0.818817078,0.055300086,-0.395203129,0.413162499,0.073116988,0.165858238,RB,SEC,1.877943914
Drew Allar,Penn State,14.69398613,1.028998755,-2.293512795,0.480284736,-3.033228608,0.161442642,-0.184079814,0.356287961,0.106051793,-0.115186329,-0.312266982,QB,B1G,1.877816078
Dante Moore,Oregon,11.95763882,1.133998769,-4.086711173,0.112598981,-2.655174021,0.668275026,-0.295577864,0.717126069,-0.443921608,-0.418302814,-0.355638538,QB,B1G,1.876516549
Jordan Shipp,North Carolina,-0.407715319,2.544846818,0.162661652,-2.753258159,0.24624862,-0.631140527,0.298499388,-0.223702025,0.260120243,1.091790501,-0.140469459,WR,ACC,1.876328722
Ben Gulbranson,Stanford,8.124284719,-0.970995037,-4.152839082,0.614111047,-0.414031329,-2.444408742,0.787973596,-0.10681633,0.617784911,1.401076499,-0.205603456,QB,ACC,1.876032947
Anthony Woods,UCLA,-0.092696757,-0.93365128,2.009821605,-1.270776336,0.172138876,-0.958499807,0.502281916,-0.692985433,0.691377403,0.638080088,0.165765222,RB,B1G,1.872529149
Jordan Dwyer,TCU,0.404764754,5.084786933,0.894420446,-3.75222076,0.250035703,-0.706395476,0.875421499,-0.282784506,0.328533982,0.357906938,-0.049358683,WR,B12,1.868101132
James Peoples,Ohio State,-0.422183874,-3.026564665,1.789467779,-0.140269138,-0.52829566,0.081867456,0.094655132,-0.253136389,0.196758642,0.301437898,0.003766356,RB,B1G,1.86623792
Dean Hangey,Sacred Heart,0.107535512,0.907929246,-2.275224182,-1.16421625,2.750992254,-3.219390723,2.186436372,1.930294403,-1.968334034,-1.664793037,-4.56183941,WR,INDAA,1.865184564
Byron Louis,Florida,-2.101831787,-4.871274094,-1.727599509,-3.599556581,-0.049567047,0.299554321,-1.780445574,0.56031115,-0.73276919,0.753613083,-0.425746222,RB,SEC,1.864669512
Robby Ashford,Wake Forest,10.0461268,-1.330576898,0.357816382,1.438269298,-1.68252863,-1.096715226,0.475415113,0.84183959,-0.357402024,0.085005419,-0.699360443,QB,ACC,1.864568828
Dante Dowdell,Kentucky,1.341425005,-3.530990432,3.907235322,0.83853457,-0.886543981,-0.105889666,-0.398311438,0.158337092,-0.123879434,-0.03052305,-0.086418563,RB,SEC,1.862228657
Cyrus Allen,Cincinnati,-0.413692699,5.165306139,0.86214611,-2.31633484,0.220342696,-0.361531487,0.424060373,0.061304754,0.012870401,0.789941345,-0.057565378,WR,B12,1.861081827
Nico Iamaleava,UCLA,16.0276676,-1.243248618,-0.810839553,2.033191327,6.466460959,3.811559247,0.619976702,-1.670118778,-0.538466675,-0.219591999,0.3187281,QB,B1G,1.858778943
LJ Martin,BYU,4.64462886,-2.34472975,7.299012309,0.265690944,-0.527254757,-1.704393907,-0.88438199,0.344429451,-0.040321599,0.448825521,-0.00541883,RB,B12,1.858313971
Braylon Staley,Tennessee,-0.387540787,2.566261045,0.273728159,-3.201102884,0.218881525,-0.592048016,0.591468858,-0.351653271,0.330088181,0.16410622,0.001625493,WR,SEC,1.858093877
Will Wilson,NC State,1.264218498,-2.805913215,1.442429015,1.325025145,-0.222465314,0.685576528,2.536794337,3.973443585,-3.397270708,0.256706467,2.077007729,QB,ACC,1.857249274
Wyatt Young,North Texas,0.266105655,6.124950574,1.886905657,-3.49455449,-0.04637631,-0.118912947,1.726138305,-0.280471389,0.37087719,0.619986644,-0.031144693,WR,AAC,1.85660076
T.J. Moore,Clemson,0.237335678,4.748631178,0.750683278,-3.225649795,0.964295538,-0.057392335,0.463852531,-0.250834185,0.02673548,-0.033527407,-0.010103227,WR,ACC,1.856515409
Caden Veltkamp,Florida Atlantic,19.96524509,-0.282688832,-4.885976653,1.516417366,6.957673636,3.001835894,-0.873522572,-2.856153444,0.429403162,-0.423943216,1.713313946,QB,AAC,1.856316479
Husan Longstreet,USC,1.720525183,-0.076320826,0.012976042,3.395141748,0.88569272,1.702576913,3.553688485,0.320797458,-0.83681582,-1.553079899,-2.07216303,QB,B1G,1.856248526
Tayven Jackson,UCF,7.64234372,-0.87651951,-2.564024354,1.262068243,-1.114797749,-1.194907814,1.204437188,0.323633517,0.113200445,0.686244247,-0.602036649,QB,B12,1.856176893
Ja'Kyrian Turner,Pittsburgh,3.151690162,-3.332452892,5.852610237,0.301885234,4.189398044,1.074670199,-0.063594366,-0.875153043,-0.365756152,0.545958351,0.164071676,RB,ACC,1.855397429
Grayson James,Boston College,8.080955511,-1.566978852,-2.570590692,1.036134615,-0.54233586,-2.464160423,1.01492239,-0.510175881,0.918787488,0.458534166,-0.182858219,QB,ACC,1.85377167
Tahj Bullock,Colorado State,0.932292094,-2.633434541,0.259426545,0.40221098,-0.719631365,-0.000169018,0.56567626,1.158269019,-0.932027364,0.565454898,-0.684054701,QB,MWC,1.853733487
Jaren Kanak,Oklahoma,-0.155900256,3.033161138,0.177785263,-1.545433621,2.107063162,1.244552917,0.063748656,-0.406656851,-0.348707054,-0.160546407,0.074628578,TE,SEC,1.852324928
Amari Daniels,Texas A&M,0.730118721,-3.059220049,2.835462324,0.711286882,-0.871324439,0.152769416,-0.103097842,-0.013036487,-0.010520637,-0.076610999,-0.076051759,RB,SEC,1.851035301
JaVonnie Gibson,Oklahoma,-0.582243042,0.570479835,-1.721110078,-0.116967046,0.793952725,-1.810578165,1.878369213,1.115419229,-0.995789406,-1.180596675,-2.696085923,WR,SEC,1.8502159
Aidan Chiles,Michigan State,14.2730327,-0.226061942,-0.752871977,1.782572078,4.335248336,2.970551815,0.90965423,-0.765784159,-0.776944993,0.038678693,-0.087114807,QB,B1G,1.847402016
Malcolm Simmons,Auburn,-0.3631611,2.648074265,1.546887563,-0.993452503,0.927278845,0.929941057,2.114744859,-1.217512155,0.80635354,-0.624426653,0.575453779,WR,SEC,1.847162123
James Laubstein,New Mexico,1.499466081,-2.25222878,1.609845641,1.300287825,1.725147624,0.917250592,1.708444786,0.484934356,-0.9810354,0.600501985,-1.762287191,QB,MWC,1.844838269
Trayvon Rudolph,Toledo,-0.167223697,3.006743986,0.537980937,-2.242123444,-0.087398855,-0.04392166,0.080292614,0.165706742,-0.107577853,0.667256581,-0.055529564,WR,MAC,1.84221542
Davon Booth,Mississippi State,2.018144656,-0.989441939,5.020504832,-0.051954822,0.017311418,-1.558501491,-0.641635481,-0.052969263,0.180896353,-0.00654691,0.17616014,RB,SEC,1.839652738
Wayshawn Parker,Utah,2.840492629,-1.258754188,6.254295724,0.057274607,2.500391603,0.480921096,-0.24068349,-0.234146129,-0.448884061,0.590441754,-0.02447096,RB,B12,1.836957867
CJ Baxter Jr.,Texas,-0.282238819,-3.363761156,1.613862781,-0.761245678,0.147302316,-1.13180708,0.02871925,-0.755674111,0.72991771,0.539178984,0.183893833,RB,SEC,1.836840708
Damon Bankston,New Mexico,3.800762239,1.000167122,5.700917314,-0.898458495,6.556662296,2.396408367,0.516951925,-1.327546735,-0.683713369,-0.222900374,0.255335468,RB,MWC,1.83470555
Jadyn Ott,Oklahoma,1.545503103,-2.086522824,3.925213002,-0.382982203,0.233540118,-1.88376061,-0.450974249,-0.587561496,0.615211207,-0.19621427,0.251911438,RB,SEC,1.832185655
Alessio Milivojevic,Michigan State,4.283442814,-3.126982893,-3.548120847,-0.84438502,-0.233029635,-1.674300567,0.433426628,-0.503918973,0.66561065,0.151262802,-0.070628078,QB,B1G,1.832014205
Nyck Harbor,South Carolina,-0.770081625,3.930852179,1.18922755,-0.916791441,-0.394252008,0.521536114,1.399372657,-0.39432717,0.405282599,0.528670556,0.116519287,WR,SEC,1.831168057
Alonza Barnett,James Madison,12.66675875,-1.483190541,-0.579545381,1.358955169,-2.056052243,-0.998858873,-0.474534971,0.404163284,0.037104697,-0.085708253,-0.172937069,QB,SBC,1.828544113
Jake Retzlaff,Tulane,19.71476599,-0.594248019,-0.384117738,1.517370595,6.32975004,4.217645296,-0.612432609,-1.315130257,-1.010537472,-0.125391115,0.561144674,QB,AAC,1.826272289
Jamal Roberts,Missouri,1.183714123,-2.443491918,2.911399685,0.62426296,-1.255786016,0.66605858,-0.461685879,0.501092048,-0.504238264,-0.712287055,-0.119974188,RB,SEC,1.825771342
Kyle Parker,LSU,-1.806048743,3.040934389,0.025464858,0.234049191,-0.118285573,0.472706584,-0.094807953,0.419139418,-0.257852334,2.616200624,-0.193208524,WR,SEC,1.825366708
Demon June,North Carolina,1.333940955,-1.057537356,4.105762707,-0.49076206,0.661454718,-0.493459735,0.268476204,-0.456475267,0.349739748,0.895223977,0.177332495,RB,ACC,1.824184791
Pofele Ashlock,Hawai'i,1.337638946,6.014106199,0.894283329,-3.998034969,-0.069484406,-0.56195987,0.968845896,-0.352550165,0.327371839,-0.568817686,-0.129579988,WR,MWC,1.823703905
Ty Simpson,Alabama,8.244912108,0.53682643,-3.933025671,-0.107859034,-1.788251964,0.078779131,-0.490190841,0.658572791,-0.484277052,-0.767513827,-0.992675286,QB,SEC,1.822781574
Jalen Buckley,Western Michigan,3.305868312,-3.670447187,5.825019965,1.299419008,-0.97945396,-0.637710424,-0.926508436,0.489793298,-0.324679045,-0.060364058,-0.11201344,RB,MAC,1.822220365
DJ McKinney,New Mexico,1.22782635,-2.260217543,3.845598053,0.110101411,1.99995315,0.110683558,-0.474918973,2.732484769,3.840620751,0.098092513,0.050122168,RB,MWC,1.821041477
CJ Campbell,Rutgers,1.138376312,-1.989262639,2.950136176,1.335849525,-1.423598462,0.881980482,0.43987382,-0.023958037,0.054562677,0.106216344,-0.018935452,RB,B1G,1.820293012
Kirby Vorhees,Washington State,2.786374975,-3.362505608,4.381352919,0.349555096,6.128534985,1.48072691,-0.046213957,-1.619044209,-0.117678612,0.529958603,0.343711853,RB,PAC,1.819793779
Greg Burrell,Texas State,1.162527792,-1.637267062,3.878687874,0.508591533,-0.888173484,0.259770981,-0.153755695,0.290903521,-0.256655152,-0.072585566,-0.047389659,RB,SBC,1.819598426
Bryson Kuzdzal,Michigan,0.954008581,-3.670047204,2.396554224,0.22923599,1.760614576,0.708512904,-0.079595517,-0.70101589,0.057840139,0.604765135,0.159303142,RB,B1G,1.818725522
Brad Jackson,Texas State,16.05026126,0.583981803,1.307756174,1.369238116,-3.424866504,0.353725793,-0.973656121,1.611387659,-1.082917106,-1.265520982,-0.617745238,QB,SBC,1.818206488
Devon Dampier,Utah,19.38964302,0.293887324,2.358379008,1.680971548,-3.831498346,-0.055013324,-1.447848236,1.358049441,-0.729771812,-1.349944781,0.035790871,QB,B12,1.813658873
Que'Sean Brown,Duke,0.197182263,3.607266846,0.031479653,-3.793484354,4.745427189,0.065620909,-1.103572855,-0.438778506,-0.715357166,-0.052176881,-0.227980749,WR,ACC,1.813534779
Ashtyn Hawkins,Baylor,0.087693515,3.99464031,0.411306044,-2.548211012,-0.093630652,-0.136545484,0.306031656,-0.054801294,0.046202224,0.03417176,-0.049478682,WR,B12,1.813421558
King Miller,USC,3.277605443,-3.404677722,6.733956443,0.671364657,0.351911423,-0.962940756,-0.451448392,-0.092030855,0.041388974,0.380319808,0.029444657,RB,B1G,1.813109522
Caden Creel,Jacksonville State,15.13316522,-2.491770365,3.922672124,2.492948048,10.31858462,6.236265145,0.246425684,-0.694081151,-2.705949452,-0.39438996,-0.527868129,QB,CUSA,1.811322287
Raphael Williams,Pittsburgh,-0.268224144,4.272369867,0.720307401,-3.224475399,0.350197875,-0.672478895,0.524630156,-0.218519609,0.17445553,-0.187001147,-0.05631307,WR,ACC,1.810292589
De'Andre Tamarez,Marshall,-0.60937916,3.226710421,0.127018801,-1.215682528,-0.260772333,0.342656048,-0.092355813,0.240006156,-0.212739144,0.723207442,-0.088405913,WR,SBC,1.81020553
Beau Pribula,Missouri,9.801222583,-1.13402015,-0.306845563,1.781766848,3.050317028,2.183548131,1.284039167,0.197318814,-1.181184069,0.101265022,-0.634326645,QB,SEC,1.809747044
Sam Jackson,Oklahoma State,-0.042627026,-1.7733453,-1.943738726,1.455064871,-0.208312691,-0.322967187,2.213996847,2.261082301,-1.932837478,0.86456818,-2.876718748,WR,B12,1.80630701
Mitch Griffis,Texas Tech,3.359630865,-1.16819262,-2.938910008,0.585347737,-0.32636745,-1.26077579,0.859049286,0.700795328,-0.443454784,0.03672852,-0.963654384,QB,B12,1.80606419
Grant Washington,Minnesota,1.628715674,-3.137469495,1.459847749,0.856794317,-0.120194757,-1.793767341,0.463655459,-1.619445282,1.627542072,0.093648235,0.464868233,RB,B1G,1.804844689
Anthony Evans III,Mississippi State,-0.556933363,1.463389384,1.293672571,-1.384106049,-0.568100135,0.547101315,1.951360348,-0.779460296,0.69993289,-0.133811115,0.163579329,WR,SEC,1.804683891
Kaden Feagin,Illinois,1.448157245,-1.476353488,3.685282155,0.130733371,0.315801644,-1.98017782,-0.498665848,-0.65666066,0.729767833,-0.035472303,0.408252404,RB,B1G,1.804228878
John Neider,UConn,-0.125347104,3.58511744,-0.7701564,-0.191464207,0.465929451,-1.206219883,1.176701172,0.81423585,-0.751112744,-1.190278765,-1.788874044,WR,Ind,1.803750698
Brendan Sorsby,Cincinnati,17.71108625,0.831897886,-0.632335376,0.31493374,-3.320030332,-0.109465792,-1.782956841,1.072302585,-0.510574241,0.093317721,-0.301437114,QB,B12,1.800959339
Jacory Barney Jr.,Nebraska,0.131694108,2.126972616,1.637944375,-1.537610255,0.520967385,1.290859357,2.786059331,-1.201051589,0.823171126,-0.582326258,0.407864702,WR,B1G,1.79762012
Makhi Frazier,Michigan State,0.013390253,-3.677191059,1.967727725,-0.037703236,0.237075236,-1.483703836,-0.06368309,-0.960527374,0.960660628,0.83698562,0.271512413,RB,B1G,1.794473348
Noah Walters,Oklahoma State,2.243976946,0.503345541,-1.733648627,2.316178596,-0.328032485,-1.005682521,0.41938978,0.688335646,-0.668337822,-1.951265346,-0.502419533,QB,B12,1.794464306
Mitchell Summers,Sacred Heart,4.309122461,-2.671895014,8.179432418,1.144396145,0.891770975,-2.152015832,-1.191943201,-0.103578373,0.139391476,0.237733895,0.294991609,RB,INDAA,1.792936577
Taylen Green,Arkansas,12.69129335,1.196381176,4.942498773,-0.774034794,-3.243556824,0.450723571,-1.205705949,0.547558341,-0.136821392,-0.839362545,0.163619279,QB,SEC,1.791772484
Camryn Edwards,UConn,4.058261298,-3.062757367,6.433670779,1.273193703,-1.275320594,-0.37337685,-1.299440683,0.872141787,-0.709707297,-0.481577485,-0.266052013,RB,Ind,1.790598042
Jamal Haynes,Georgia Tech,2.716554963,-2.376396117,5.482547159,-0.255079908,2.206303565,-0.671743114,-0.157307678,-0.741878826,0.199615429,0.20819825,0.179934792,RB,ACC,1.789874611
Kentrel Bullock,South Alabama,2.748025458,-3.005705437,4.965665304,1.07035486,-1.132451609,-0.144157432,-0.81828692,0.579421315,-0.462744154,-0.169084132,-0.214428837,RB,SBC,1.788748315
Billy Edwards,Wisconsin,5.45827348,-1.241838914,-3.143310689,0.249384638,-0.740639818,-1.104108234,0.157153239,0.282490533,-0.040333987,0.076103664,-0.516530479,QB,B1G,1.783853967
Bryce Underwood,Michigan,17.22490424,-0.196108231,-1.898326788,1.320809863,2.41377935,2.228512382,-0.013550531,-0.758708687,-0.293444494,0.404224964,0.564977742,QB,B1G,1.7836905
Dru Deshields,Kent State,13.4216367,-0.48604111,-3.22113716,1.075673616,7.815014236,4.831608545,0.209647471,-1.300654438,-1.215828097,1.17469663,-0.596190206,QB,MAC,1.782153968
Tay Lanier,Colorado State,0.111664954,0.863579678,-1.444265008,-0.916315269,2.997676824,-0.529636946,2.505406814,0.87076294,-1.388461435,-0.711235997,-2.913712961,WR,MWC,1.779206795
Brendon Lewis,Memphis,14.07748049,-1.251911,0.219193621,1.458207262,-2.114621305,-1.542830423,-0.3020338,0.287367717,0.273625898,-0.020337457,-0.050753426,QB,AAC,1.777251348
Seth McGowan,Kentucky,3.777152553,-1.504294456,5.941680983,0.222383173,1.687303926,-0.456188812,-0.726695117,-0.214529557,-0.182685266,0.046818501,0.157634768,RB,SEC,1.77700088
Kanye Udoh,Arizona State,1.265015996,-3.31412365,3.58108726,0.303756398,-0.804555516,-0.056722573,-0.634503315,0.298060975,-0.230398212,0.337719039,-0.077947079,RB,B12,1.775698234
Owen McCown,UTSA,15.95068274,0.400051124,-3.772410253,1.194911645,4.130849869,3.969290068,-0.016181212,-1.456378248,-0.413428808,-0.824180822,0.527558033,QB,AAC,1.774677096
Zeon Chriss,Houston,5.768867779,-2.325246961,0.11372595,1.316620509,-1.089480894,-0.86621532,1.995641667,0.788485364,-0.313263746,0.998222972,-0.3896083,QB,B12,1.774267081
Daylan Smothers,NC State,1.948736073,-1.91831645,4.914398728,-0.091917669,0.06468854,-1.768089622,0.124599057,-0.651176708,0.718506545,-0.063794879,0.254236995,RB,ACC,1.774115811
Camden Brown,Georgia Southern,-0.737810145,4.484718289,0.452754306,-1.440432597,-0.075431238,0.053170843,0.319458411,0.185153961,-0.162067798,0.475448805,-0.197554717,WR,SBC,1.770442734
Chaston Ditta,East Carolina,0.617520712,-3.175838963,-2.218806221,-0.157060131,2.375143667,0.282503908,0.741869268,0.69659535,-1.190722643,1.376517408,-2.21072374,QB,AAC,1.770072426
Arch Manning,Texas,11.61679591,-0.116381388,-1.198533073,1.597369435,-1.028867419,1.411798236,0.409731224,0.417332405,-0.602616229,-1.055551162,-0.468731046,QB,SEC,1.769198918
Eli Mason,Maryland,-2.20356775,-5.06084902,-1.915789226,-4.130745734,0.171749082,0.026943416,-2.235949041,0.671697987,-0.943266484,-0.203840517,-0.479001483,RB,B1G,1.766927076
Raleek Brown,Arizona State,1.117178456,-2.023686053,3.397724296,-0.315342273,-0.643658196,-0.177450422,0.294214913,-0.154569108,0.22973579,0.663042499,0.027933706,RB,B12,1.762912254
Barion Brown,LSU,-0.187036011,2.082104379,1.352937205,-1.856210115,-0.148632673,-0.224114541,1.611377909,-0.932746399,0.841186982,-0.587405777,0.291252062,WR,SEC,1.762365055
Braydon Bennett,Virginia Tech,0.86699813,-2.176445066,2.447362099,0.634079579,-1.129236896,0.581041309,-0.345627219,0.301295043,-0.323816856,-0.434955668,-0.137190401,RB,ACC,1.760811767
Mark Gronowski,Iowa,16.83060014,-1.253960191,2.603724512,2.240584307,2.061179978,1.152750651,-0.421465778,0.495150012,-1.085175859,-0.125326855,0.161051039,QB,B1G,1.75525431
Jack Layne,New Mexico,16.32751325,-0.388835723,-3.401668469,1.490510588,1.751893212,0.27611002,0.055150891,-1.374784028,0.711300766,0.018121973,1.026739111,QB,MWC,1.751816628
Malachi Thomas,Purdue,-0.407737961,-2.277450987,1.695718294,-0.285869709,0.106910546,-0.966466334,0.065095475,-0.775618713,0.696544982,-0.032808016,0.291719664,RB,B1G,1.750806339
Zion Turner,Marshall,1.273554362,-2.455259801,-2.485612206,-0.293141856,-0.187782082,-0.892063611,0.575331886,0.362793866,-0.210258799,0.224707829,-0.347652599,QB,SBC,1.750594783
Aaron Philo,Georgia Tech,2.844860423,-3.183445413,-2.269649116,0.515207829,-0.397858005,-1.223287694,3.409737448,0.579310139,-0.14497963,1.012072588,-1.744499651,QB,ACC,1.750473866
Micahi Danzy,Florida State,-0.225191961,2.695813588,3.000383256,-0.073078635,-0.927268301,1.165189239,1.854200168,-0.370567935,0.346948615,-0.239243534,0.286332891,WR,ACC,1.74901121
Owen Allen,Air Force,1.226509165,-3.183083348,3.474641282,0.740611718,-0.875180568,-0.064806219,-0.479474913,0.213839469,-0.171596399,0.003431349,-0.111737862,RB,MWC,1.747780688
Demond Williams Jr.,Washington,17.05690391,0.182987085,-0.408615693,1.488045114,2.543053106,3.179338199,-0.461036641,0.123672115,-1.378652371,-0.455137997,-0.359440482,QB,B1G,1.747669945
Zach Wilcke,Charlotte,3.281400165,-2.797442262,-2.195764656,0.788636096,-0.0862813,-1.785210213,1.702844899,0.438111402,-0.105830068,0.309843402,-0.094342878,QB,AAC,1.746740337
TJ Finley,Georgia State,9.171638339,-0.888494681,-3.6993259,0.490264987,-0.775154757,-2.152084605,0.404317744,-0.287663029,0.685419522,0.580123455,-0.168736763,QB,SBC,1.746376543
Deshawn Purdie,Wake Forest,5.62265032,-1.743947359,-3.488159242,1.105890649,5.388423482,1.687617853,1.001486609,-0.6634891,-0.841242849,0.015143525,-0.274719628,QB,ACC,1.743345607
Kaidon Salter,Colorado,15.41679014,0.79775557,0.41582333,1.0556856,-3.115434469,-0.035199652,-0.410935374,1.348811284,-0.765009899,-0.382249152,-0.516726587,QB,B12,1.743125184
La'Vell Wright,Western Kentucky,0.789163108,-2.401609004,2.94040779,0.918902433,-1.23797486,0.771407341,-0.233840107,0.427144931,-0.412128417,-0.2752206,-0.144122063,RB,CUSA,1.739824229
Gunnar Gray,Buffalo,0.660068363,-2.894677079,-2.723316641,-0.240361365,0.061099948,-1.07481584,1.091889219,0.653374197,-0.378285841,1.107175639,-0.317843905,QB,MAC,1.739386634
Taylor Tatum,Oklahoma,-1.729424814,-3.684356967,-0.745099169,-1.945813221,-0.086271489,0.101249454,-1.514480005,0.383245938,-0.562678091,0.364940991,-0.390747096,RB,SEC,1.73883836
Cam Porter,Northwestern,1.257826775,-2.103279887,3.362848135,0.398134818,-0.345737643,-0.901985557,-0.066507357,-0.473395521,0.518613856,0.140235168,0.195829221,RB,B1G,1.734349716
Miller Moss,Louisville,12.19764176,-0.137190108,-4.194745012,1.367864092,-1.644706934,-1.50486581,0.486065747,-0.3958591,0.890885383,0.679371971,-0.035467471,QB,ACC,1.732908005
Ethan Grunkemeyer,Penn State,4.821459915,-0.980084505,-3.874853691,0.379530869,-0.505073666,-1.295516252,0.63963461,0.247548275,-0.003320076,0.216657191,-0.686727401,QB,B1G,1.732191059
Jacob Clark,Missouri State,14.98786807,1.254373636,-6.400435817,1.335809133,-2.093905806,-1.122193384,-0.670551008,0.326328699,0.135111343,0.269139505,-0.243673756,QB,CUSA,1.731540283
Lee Beebe,Indiana,1.432986141,-2.184094533,3.394416788,1.233086118,-1.311106725,0.562828014,0.141332094,0.079758811,-0.082526947,-0.485284001,-0.081580126,RB,B1G,1.731041606
Zevi Eckhaus,Washington State,13.67776694,-1.088738604,-1.772017106,1.784577953,-1.410053899,-2.608329877,0.407277826,-0.078927742,0.795088789,1.160997004,0.423175419,QB,PAC,1.728200915
Gunner Stockton,Georgia,11.39423198,-0.212558619,-1.6532454,0.841409508,-2.136134658,-0.431641434,-0.292350216,0.798396126,-0.347123015,0.146780044,-0.842927782,QB,SEC,1.727875578
Mike Wright,East Carolina,3.929534135,-2.576803877,-0.327618626,0.778242486,-0.636587954,-1.05265109,1.258934938,0.346852684,-0.079627287,0.384998942,-0.570246872,QB,AAC,1.726540503
Drew Mestemaker,North Texas,15.92749483,1.72601003,-3.835687285,0.941954414,-1.031787404,3.056750285,-0.14595047,0.106163623,-0.667691776,-1.009086379,-0.132110904,QB,AAC,1.726506026
Bo Jackson,Ohio State,4.580783677,-1.431808552,7.401207356,0.654805473,1.60019276,-0.09177559,-0.788531875,-0.022462756,-0.507715923,-0.281532075,-0.027305022,RB,B1G,1.726261285
Eli Holstein,Pittsburgh,11.90840994,-0.554353962,-2.155313297,1.287887349,0.615703415,-0.073141663,0.852630692,-0.276392721,0.083765213,0.282544679,0.002165198,QB,ACC,1.726229219
Gavin Sawchuk,Florida State,1.025864988,-2.124519455,3.398294706,-0.033364612,-0.508966745,-0.370960595,-0.378149298,0.101978078,-0.034385465,0.143799303,0.067928211,RB,ACC,1.724590975
Tory Blaylock,Oklahoma,0.571168632,-3.626926044,2.763112357,0.080370885,2.006296281,-1.088325178,-0.315303102,-1.140502227,0.73422263,0.616534073,0.330808154,RB,SEC,1.724586921
Quinn Henicle,Old Dominion,4.265496005,-3.276258865,1.212016994,1.691595625,6.440322832,3.142594158,2.504426234,-1.16114356,-0.870028824,0.19764479,-1.023658695,QB,SBC,1.723298481
Lance Mason,Wisconsin,-0.632016563,2.014264127,0.825848764,-1.280509974,-0.598401484,0.532006609,2.305979147,-0.934972751,0.954554706,0.118360446,0.425190792,TE,B1G,1.722097323
Demond Claiborne,Wake Forest,3.322198732,-3.073617433,6.372496821,0.108066158,-0.125520064,-1.894258682,-0.790703279,-0.018865012,0.229204284,0.701401989,0.032261914,RB,ACC,1.719644307
Gavin Wimsatt,Jacksonville State,6.187451789,-2.685906303,-0.534000156,1.167131141,-0.735091537,-1.572012545,1.144010308,0.138961528,0.192882686,-0.035221685,-0.03406818,QB,CUSA,1.718177383
Darrion Dupree,Wisconsin,0.136194429,-3.192371668,2.400782191,0.146229994,0.207984888,-1.412914483,0.075494371,-1.007807039,0.918848346,0.009713938,0.312753244,RB,B1G,1.71800343
Jaylen Raynor,Arkansas State,20.63444687,-0.955526338,-2.788868284,1.613949406,4.213500082,1.53223937,-1.13445639,-0.568350154,2.648347227,0.384673166,1.281164325,QB,SBC,1.716210497
Kendrick Raphael,California,2.590519,-3.110015555,5.152168385,0.376489183,4.001341406,-0.178357246,-0.405632299,-1.21611837,0.161955706,0.038324551,0.397996554,RB,ACC,1.716168872
Lanorris Sellers,South Carolina,14.49819203,-0.108662829,-0.580085686,2.171731133,-2.056238563,-1.640918404,0.144871959,0.637369732,-0.049801104,-0.025702601,-0.622152023,QB,SEC,1.714499381
Hudson Clement,Illinois,0.014443152,5.389691298,0.362576736,-1.146341304,-0.107969471,-0.191697497,0.043236818,-0.069615997,-0.001204838,-0.816441023,0.02467457,WR,B1G,1.713914951
KJ Jackson,Arkansas,2.053524605,-0.645535394,-1.540620077,1.822895143,-0.704929391,-0.410969026,2.343687604,1.009027267,-0.740821273,0.027197648,-2.619044725,QB,SEC,1.712583224
Carson Beck,Miami,17.61729731,3.139402477,-5.608356429,-0.502750327,-3.87880534,1.346852548,-1.677584423,0.526093799,-0.230337472,-0.668706649,0.201622171,QB,ACC,1.710205233
CharMar Brown,Miami,1.473985837,-1.686449817,3.777547959,-0.191090081,2.039506038,0.234667081,-0.498431492,-0.251332295,-0.349425424,0.089518094,0.028393347,RB,ACC,1.710051759
Trebor Pena,Penn State,-0.030249048,4.286839884,0.616365417,-2.040925755,0.047668195,-0.419367284,0.138496374,-0.090645488,0.023998019,-0.873476001,0.029996435,WR,B1G,1.708890256
J.J. Kohl,App State,7.870399985,-0.356048224,-2.771023014,0.409230694,-1.619551594,-0.357940498,0.906687534,-0.089000981,0.352606587,0.01493417,-0.761348231,QB,SBC,1.708532565
Braylen Russell,Arkansas,0.034015963,-2.612764125,2.559595776,0.302718778,-0.676855713,0.191812875,-0.057673813,0.017722534,-0.00168524,0.520765147,-0.027138924,RB,SEC,1.706779894
Blake Baker,Louisiana Tech,7.33458241,-1.879909106,-1.235661375,1.216203012,-0.457190587,-2.390623436,1.263941463,0.189106562,0.278616116,0.985759597,-0.980424201,QB,CUSA,1.706135066
Robert Henry,UTSA,4.137484439,-1.775719083,7.149653271,0.280022177,2.531065293,0.33359933,-0.220384828,-0.336164477,-0.405194681,-0.030758142,0.108456058,RB,AAC,1.705354021
Jason Patterson,Kentucky,-0.616655823,-1.712345389,1.446796953,-0.066071776,-0.152715726,-0.407376221,0.089992364,-0.423897217,0.392078815,0.45100327,0.090231286,RB,SEC,1.704908301
Yasin Willis,Syracuse,1.133664407,-4.217346775,3.042714772,0.177306701,2.230819387,-0.235930756,-0.191012253,-1.16344424,0.463703015,0.038672929,0.395145448,RB,ACC,1.7045053
Kyron Drones,Virginia Tech,14.61626354,-1.477082639,0.327589002,1.810044699,-1.893083133,-2.064869074,-0.203421187,0.1455495,0.521445536,1.015185065,0.047641824,QB,ACC,1.700484036
Michael Grant,Florida State,-1.012549972,1.659434451,-3.072744332,4.229809499,3.684031132,-1.74432932,0.764224826,2.041845719,-2.670788662,-3.155917399,-4.03822999,QB,ACC,1.699914037
Kalieb Osborne,Toledo,5.22518086,-2.63139775,0.651995038,1.779168021,6.417026264,3.553811293,2.275978054,-0.566530283,-1.466848546,0.019509216,-1.870761997,QB,MAC,1.699410597
J.Michael Sturdivant,Florida,-0.729663046,3.79608256,0.298003236,-1.325150152,0.090934307,-0.278506039,0.052130808,-0.078349557,0.066314636,0.276138307,-0.001559072,WR,SEC,1.698593101
CJ Williams,Stanford,-0.734980219,3.316451247,0.067063438,-0.932162861,-0.085989167,-0.011360593,0.058226232,0.043121396,-0.005699631,0.822669294,-0.082683601,WR,ACC,1.698444976
Jamarion Miller,Alabama,0.540741461,-2.532961993,3.101886638,0.14606308,0.262816493,-1.641113104,-0.238267441,-0.784352555,0.787017492,0.22506273,0.301863735,RB,SEC,1.697493152
Garrett Nussmeier,LSU,12.10503869,0.906938244,-4.883987155,0.045167224,-1.802014901,-0.88234663,-0.996331165,0.342155882,0.057385911,0.70062742,-0.237121152,QB,SEC,1.696446932
Jacurri Brown,UCF,4.312241346,-1.909693899,0.665944522,2.767670999,-0.272272436,-2.122018663,3.22704426,1.018803567,-0.510169847,-0.145525004,-0.935486247,QB,B12,1.695996589
Blaze Berlowitz,Vanderbilt,1.488983947,-1.58800864,-0.144408429,2.040572189,-1.100890639,0.183931086,3.40644564,0.280832619,-0.039475397,0.098166458,-1.431629278,QB,SEC,1.692282643
Max Klare,Ohio State,-0.608942859,3.038736397,0.100202478,-1.836051436,0.050334135,-0.254113149,0.220720713,-0.133398615,0.121023376,0.266663767,-0.015410113,TE,B1G,1.692235949
Eric McAlister,TCU,0.829335609,7.684929144,1.257463411,-2.915623861,0.227094829,-0.721803545,0.635836694,-0.223953155,0.239103429,-0.450569594,0.077485781,WR,B12,1.692208971
Omari Kelly,Michigan State,-0.445854843,4.215102789,0.34150647,-1.157732017,0.277117559,-0.652366622,-0.07790411,-0.265608437,0.243317352,-0.200161342,0.233556987,WR,B1G,1.691880313
Girard Pringle Jr.,Miami,0.513724278,-1.191824896,3.389440988,0.641953301,-0.70787354,0.182682526,-0.179991463,0.243341834,-0.181223862,0.347276991,-0.000484162,RB,ACC,1.690776128
Josh Meredith,Washington State,-0.717390603,3.539126301,0.125470693,-0.931838994,-0.119213494,0.0561633,-0.068698655,0.145012802,-0.159697815,0.102260196,-0.08342144,WR,PAC,1.689802065
Cam Vaughn,West Virginia,-0.49908298,3.935056338,0.419025384,-2.486865985,0.140967025,-0.268887788,0.434507426,-0.04338847,0.109399754,1.027425434,-0.072949344,WR,B12,1.689003456
Anthony Hankerson,Oregon State,3.321595705,-3.985885997,6.51788869,0.597001877,0.133199507,-2.549433438,-0.788989757,-0.382432621,0.608211266,0.769934841,0.169392806,RB,PAC,1.688172153
Kris Hutson,Arizona,-0.324264751,3.294239793,0.122105131,-1.650591969,-0.131788957,-0.035891073,0.037374552,-0.00207,-0.019257219,0.075730942,-0.039570865,WR,B12,1.687065798
Makhi Hughes,Oregon,2.631410901,-2.112351942,4.99932633,0.385952842,-0.384806929,-1.177788254,-1.069430883,0.245048291,-0.089747816,0.029944265,0.098222889,RB,B1G,1.686724964
John Mateer,Oklahoma,16.24675126,0.361275669,0.08388785,1.538411821,-2.923136281,-0.551900525,-0.502329858,1.195459486,-0.583809527,-0.059964523,-0.618855816,QB,SEC,1.686209278
Jeremiah Cobb,Auburn,0.934628058,-2.170718725,3.545737685,0.443330722,-0.534689949,-0.359992421,-0.30363461,0.020745455,0.034965954,0.244819476,0.040762254,RB,SEC,1.686137422
Max Johnson,North Carolina,7.578304798,-1.766650208,-2.42549339,0.86885593,-0.507805315,-2.525816108,1.59125084,-0.959758444,1.372770053,0.662831347,-0.3608013,QB,ACC,1.685425756
Rodney Fields Jr.,Oklahoma State,1.579171948,-1.362860843,3.528892947,-0.355023612,0.143052749,-1.672780947,0.132435714,-0.810245722,0.908760163,0.517147278,0.383346172,RB,B12,1.682900233
Harrison Waylee,Virginia,2.780699881,-3.349986632,5.004994811,0.776527793,-0.526826056,-1.205048793,-0.218316779,-0.371356276,0.489302214,0.380488507,0.139748817,RB,ACC,1.682722478
Marcel Reed,Texas A&M,15.35956087,0.269376339,-1.325637067,0.974589078,-2.99597851,0.052979671,-0.616702526,1.032772381,-0.497466609,0.130274737,-0.089773616,QB,SEC,1.682169951
Samari Collier,Coastal Carolina,6.419220457,-2.604533467,2.163053413,1.774030862,0.693022581,-0.49698206,1.349857346,0.272528941,-0.336543266,0.094388081,-0.574972731,QB,SBC,1.681264901
Jaxon Potter,Washington State,4.745330606,-1.713549326,-3.28187736,1.059043878,0.487136956,-3.222530095,1.740226744,0.2647402,0.217214768,0.877787318,-1.344093623,QB,PAC,1.680845858
Jaziun Patterson,Iowa,-0.344259952,-2.739210192,1.479202789,0.118377346,-0.591191264,0.123886409,-0.023374695,-0.241691493,0.187591243,0.155307949,0.044893327,RB,B1G,1.680363604
Joseph Filardi,Syracuse,4.725076116,-3.835613899,-1.566001467,1.021499867,3.338145964,-1.372456466,2.18313191,-1.312359441,0.814650469,0.982317256,0.599977214,QB,ACC,1.679506697
Colbie Young,Georgia,-1.022927813,3.008867772,0.040328417,-0.858652637,-0.070849772,0.102851791,-0.12109613,0.141063583,-0.100271196,0.965692581,-0.044314109,WR,SEC,1.678836251
Ca'Lil Valentine,Illinois,0.179342087,-3.319798131,2.515297955,-0.129781543,-0.006434192,-1.057854675,-0.380889415,-0.486436383,0.50260128,0.435534512,0.216212049,RB,B1G,1.678317151
Turbo Richard,Boston College,1.803085021,-1.715040413,5.378663389,0.272969969,0.404512717,-2.181255161,-0.287942078,-0.491433788,0.631804374,0.274575962,0.364036967,RB,ACC,1.677241417
Asaad Waseem,Florida Atlantic,0.357597766,3.869815342,-0.480701006,-4.951020885,4.827625394,-1.018042145,-2.506172997,0.161194441,-1.208858759,0.303269783,-0.73588425,WR,AAC,1.676291721
Abu Sama III,Iowa State,1.753621615,-3.879784663,4.222999492,0.716486732,3.570808915,0.835427142,-0.059200322,-1.193542642,0.038971126,0.096884177,0.307983046,RB,B12,1.674410679
Trond Grizzell,California,-0.035560019,3.954710035,0.254170599,-1.850421958,-0.04855983,-0.222878737,0.086724735,-0.121461297,0.108725604,0.007944274,0.04538422,WR,ACC,1.673880838
Sean Ashenfelder,Rutgers,-1.390244614,-0.470627386,-2.967393685,1.250047415,2.097059478,-3.817519986,-0.703953082,2.085707844,-2.352775321,-5.322733918,-3.748963174,QB,B1G,1.673793687
Ryan Puglisi,Georgia,0.1092622,-2.04135945,-2.151515356,0.656142432,-0.452125634,-0.126872908,2.281485705,1.547588923,-1.227302171,0.325255988,-0.306679331,QB,SEC,1.673600324
Ryken Moon,Washington,-1.728963891,-3.948928238,-0.587062046,-1.612424694,-1.043637743,1.495047319,0.371786299,-0.120498039,0.051730225,1.342630378,-0.077552179,RB,B1G,1.672845487
Cameron Davis,Minnesota,0.02027857,-2.79354046,1.404589784,0.104717768,-0.816810966,0.330061613,-0.263613999,-0.031640379,-0.015065753,-0.070374653,-0.029928103,RB,B1G,1.670021103
Eli Sanders,USC,1.146191591,-1.176544896,3.876590473,0.408400463,-0.335781413,-0.657490036,-0.376950874,0.008626983,0.063357756,0.105593749,0.124836813,RB,B1G,1.668117827
Henry Belin IV,Duke,0.866214096,-2.520113324,-1.577141249,0.55510403,-0.262056594,-0.732775131,1.867647712,0.468197779,-0.242056167,0.704937946,-1.104636673,QB,ACC,1.666244605
DeAree Rogers,Northern Illinois,0.62885723,3.191829146,1.652006462,-1.415641576,-1.116259436,1.126713452,2.809883384,-0.88075752,0.931678699,0.556767479,0.225609576,WR,MAC,1.66003166
Patrick Crayton Jr.,Rice,0.850995161,-4.360191338,-2.759099044,-0.852719077,7.3256044,2.01493475,1.299047874,1.0935607,-2.730592859,1.646823285,1.007474894,QB,AAC,1.659700062
Gary Bryant Jr.,Oregon,-1.6340818,2.317984356,-0.138887194,-0.229331404,-0.140123153,0.288508021,-0.156030548,0.212588168,-0.215233584,0.69518361,-0.091656803,WR,B1G,1.658591359
Dillon Bell,Georgia,-0.613835365,2.057821423,0.203656043,-1.686337405,-0.057384353,-0.144823196,-0.047383505,0.006022531,-0.024684941,-0.001612652,0.033944093,WR,SEC,1.65809186
Chubba Purdy,Nevada,3.329060896,-2.633521702,-0.703905543,1.699241156,-0.110846279,-1.893275122,2.395773041,0.919398649,-0.507292497,-0.079370084,-0.244294907,QB,MWC,1.658030655
Adam Mohammed,Washington,0.533627954,-1.726012009,2.845904908,0.053569557,-0.352018549,-0.503093681,-0.264467969,-0.153089625,0.159618861,-0.175429275,0.141909841,RB,B1G,1.657731619
Makhilyn Young,Vanderbilt,-0.001678412,-2.056958979,2.352682847,0.945291181,-1.440050078,1.42922047,0.505160512,0.171686996,-0.267192861,-0.622462755,-0.083426571,RB,SEC,1.657437037
Noah Short,Army,1.74462258,1.069177799,3.470160141,-0.959811829,-0.228919606,-0.691501924,0.624359471,-0.400469854,0.45895855,0.111333213,0.208192902,WR,AAC,1.656600227
Yamir Knight,SMU,-0.48707472,3.923790344,0.265327701,-2.75008069,0.65997109,-1.028989242,-0.830317907,0.131156996,-0.259229959,-0.187210239,-0.344704767,WR,ACC,1.655703322
Caden Knighten,Baylor,1.141510119,-1.890143083,3.576349664,0.076316096,2.230175782,0.042347597,0.01821986,-0.927582165,0.234834444,-0.07875707,0.365698932,RB,B12,1.655199056
Rueben Owens,Texas A&M,0.693795717,-2.222034057,2.925099404,0.227137588,-0.277049966,-0.712711021,-0.314245699,-0.277822729,0.306415627,0.232879234,0.155598226,RB,SEC,1.65332762
Hunter Watson,Sam Houston,13.49735692,-3.613805584,0.119704635,2.221916498,5.824919379,-0.027109503,1.221650542,-1.95143922,0.669005197,2.033369676,0.289466219,QB,CUSA,1.652730965
Corey Smith,Penn State,-0.957029814,-3.460709109,0.269900291,-0.550524934,-0.667921084,0.496029654,0.184727901,-0.337679236,0.265947261,0.86550667,-0.057649999,RB,B1G,1.651536089
Agyeman Addae,UCF,-0.661121506,-2.052607669,-0.8493717,-0.243819273,0.315967778,-1.052811302,1.81288472,0.771555404,-0.653301508,-0.132682096,-2.105421986,RB,B12,1.650028107
Javon Robinson,Georgia State,0.891023391,2.344342161,0.990687282,-2.752212662,5.1907046,2.483689599,1.841296925,-1.685034915,0.030156537,0.088264118,0.155630873,WR,SBC,1.645115803
Sean Wilson,Delaware,0.629796092,3.794771362,0.715153398,-3.728032093,2.377067324,0.68296267,0.902492501,-0.69545228,-0.002424343,0.242330306,-0.017414905,WR,CUSA,1.644865315
Justin Baker,Tennessee,-1.695098344,-3.586313709,-0.651854931,-1.231171692,-0.540587413,0.612028163,-0.191615231,-0.168775628,0.062638869,0.789346542,-0.103802033,RB,SEC,1.644546577
Jamauri McClure,Tulane,0.243069783,-1.337624905,2.717664827,0.911929374,-0.80293617,0.403149653,-0.213877431,0.256123067,-0.21306135,0.410173885,-0.056339859,RB,AAC,1.643247603
NaQuari Rogers,Utah,0.934098631,-1.576354014,3.932510671,0.839209137,-0.745888464,0.046333652,-0.829855389,0.667883674,-0.54711748,0.03209898,-0.012687287,RB,B12,1.642104824
Joe Pesansky,Florida International,6.735026274,-3.268788815,-2.639726806,1.661100353,2.562675345,-0.321785305,1.530478518,-0.833774006,0.266031952,0.48965939,0.549560794,QB,CUSA,1.641472479
Dylan Edwards,Kansas State,1.813354634,-1.561379689,3.863821975,0.329674796,2.06893944,1.333339159,0.666824186,-0.735627293,-0.063049134,0.318301773,0.070539097,RB,B12,1.641420667
Sieh Bangura,Ohio,2.756907787,-3.579143162,4.977254748,1.00459228,-0.763627631,-0.831743705,-1.147462222,0.382469636,-0.246513728,-0.172953686,-0.062276259,RB,MAC,1.64085424
Emmett Mosley V,Texas,-1.096177394,4.983495449,0.345491049,0.814990637,0.06872309,-0.191301047,-0.051964034,0.112683237,-0.057290083,0.850052001,-0.115686623,WR,SEC,1.640533418
Tad Hudson,Coastal Carolina,9.840518574,-3.560341828,-3.04691368,1.652219389,8.887225613,0.824392053,1.783870639,-3.137276579,0.897413507,0.790769637,0.7343083,QB,SBC,1.640138035
Joshua McCray,Georgia,0.365747765,-2.112281356,2.399632383,0.100233861,-0.42924015,-0.311576506,-0.590456733,0.094052468,-0.084859416,0.010827911,-0.001622019,RB,SEC,1.640104108
Jayden Scott,NC State,0.208263372,-3.208256201,2.182116747,0.237664929,-0.550626801,-0.169436105,-0.341160433,-0.152192876,0.069666271,-0.116279064,-0.083002537,RB,ACC,1.639362731
Daniel Hill,Alabama,-0.624786631,-2.077995129,1.606146268,-0.776564714,0.20924646,-1.012561743,-0.037706718,-0.592527007,0.531847442,0.072092282,0.180620177,RB,SEC,1.639166929
Jayden Denegal,San Diego State,7.01352022,-2.22013647,-3.300726447,1.201405226,-0.214018331,-2.352239436,0.767258507,0.053703316,0.322741797,0.583774568,-0.327500847,QB,MWC,1.637934266
Lloyd Jones III,Texas Tech,-0.096759404,-0.690183026,-1.836972539,2.537808833,0.252810871,-1.445334502,2.708531259,1.274579947,-1.224206847,-2.671915703,-3.365095899,QB,B12,1.637732862
Cam Pickett,Kansas,0.595549772,2.522449391,1.796496772,-1.427717725,-0.100630297,1.129410319,2.447543266,-1.05323082,0.779867598,-0.68351609,0.328683823,WR,B12,1.637632532
Logan Diggs,Ole Miss,0.251530562,-0.737412839,3.044146162,1.321608782,-1.060924385,0.725382157,0.703171021,-0.092217903,0.130575453,-0.062127513,0.189410295,RB,SEC,1.63491205
William Watson III,Virginia Tech,1.636934091,-2.47792797,-1.633776789,1.136854898,3.821366145,-0.277173702,1.979883727,0.270374463,-1.189323374,-1.932778722,-1.558086206,QB,ACC,1.633499718
Samuel Harris,Wyoming,1.959581839,-1.343941162,4.085939877,-0.037262143,2.847737523,0.632771761,0.102599147,-0.918928155,0.065017471,0.452186069,0.26354572,RB,MWC,1.631985765
Luke Wysong,Arizona,-0.475108182,3.160359072,0.122986871,-0.657846778,1.659152347,0.580813239,-0.232855985,2.219651999,2.926188178,-1.164991622,0.086541236,WR,B12,1.630156257
Thomas Castellanos,Florida State,15.51252459,-0.178741594,-0.514848799,1.167617518,-2.49012108,-1.172117244,-0.595863802,0.684125753,-0.090619627,-0.086215609,0.156546356,QB,ACC,1.630063432
Kaden Anderson,Wyoming,9.965993714,-1.800329602,-4.608929552,1.228659799,4.109197301,0.47581969,0.487475595,-1.492068945,0.427510855,1.255300667,0.492373035,QB,MWC,1.629720927
Reggie Branch,Missouri State,0.388078682,-2.321051217,-2.166667658,1.493058725,2.646435509,-0.313667212,4.529935832,2.596805658,-2.901697796,-0.491347985,-6.067390621,RB,CUSA,1.628984744
Maddux Madsen,Boise State,13.40917068,1.244034831,-3.309597432,0.342127149,-2.813043557,0.345172263,-0.385258674,0.544170255,-0.191247097,-0.470442105,-0.222685912,QB,MWC,1.628861725
Ismail Mahdi,Arizona,4.304210555,-1.53241953,7.019654973,0.306973079,2.500981897,0.879838793,-0.428440572,-0.137350759,-0.68637606,-0.281221955,0.060946041,RB,B12,1.628629252
Seth Sweitzer,Merrimack,-0.055601901,1.521674715,1.202410954,-1.157205143,-0.85210707,0.703965334,2.500592156,-1.064542476,1.057695337,0.054311388,0.375138703,WR,INDAA,1.628198661
Isiah Canion,Georgia Tech,-1.485736823,2.071548002,-0.109684504,-1.028482665,-0.078633678,0.304366113,-0.014612096,0.280865382,-0.169656134,1.882071966,-0.115326277,WR,ACC,1.625823998
Haynes King,Georgia Tech,17.32498162,0.766393405,0.130890132,0.919709031,-3.133246247,-0.581280557,-0.86143526,0.87659704,-0.3141821,-0.797984787,-0.199878093,QB,ACC,1.625462444
Kirk Francis,Tulsa,6.839504523,-1.672153765,-3.81231405,0.637595344,-0.139892463,-2.543254215,0.859459145,-0.32895638,0.778510163,1.692715217,-0.230757469,QB,AAC,1.624672239
Muizz Tounkara,Florida,-2.221293947,-2.730477087,-1.265858501,-1.47083606,-0.510370019,0.985111276,-0.49719899,0.30566378,-0.303120539,1.776040047,-0.140263351,WR,SEC,1.623758822
Duke Smith,Auburn,-2.323891947,-3.995296748,-1.94898305,-2.999151575,0.186437907,-0.121966616,-2.186763168,0.59685118,-0.85022894,-0.626992313,-0.300296489,WR,SEC,1.622324209
Hank Brown,Iowa,1.420425586,-1.982679994,-2.889370274,0.640972703,0.288510008,-1.781113652,1.608592791,1.100794665,-0.76307259,0.077829889,-0.751670152,QB,B1G,1.622229116
Skyler Locklear,UTEP,11.60108531,-3.729319583,-0.577910051,2.364097293,2.932531579,-1.880802828,1.090808285,-1.264188131,0.924852189,1.523748055,1.038164922,QB,CUSA,1.622167195
Evan Dickens,Liberty,4.186203972,-2.333247152,7.934621396,1.723677966,-0.369471694,-1.881615798,-1.491287039,0.530012812,-0.338599495,-0.660053258,-0.013469549,RB,CUSA,1.620740432
Billy Wiles,App State,3.623547255,-1.690916089,-2.883791258,0.545859579,-0.289152671,-1.353465124,0.913953216,0.605152669,-0.393563089,-0.219817695,-0.983900475,QB,SBC,1.619954836
Tommy Ulatowski,Kennesaw State,3.416858365,-2.341683401,-2.505581494,-0.057517168,-0.330143376,-1.231738597,0.570955153,0.355883836,-0.185629171,-0.368418587,-0.147944779,QB,CUSA,1.619881023
Colin Chase,Temple,0.240632941,2.012706859,1.226328702,-1.947880324,-0.334338031,-0.042099734,1.491149363,-0.648394103,0.649831271,0.261784932,0.097383601,WR,AAC,1.619502775
Conner Weigman,Houston,12.77913622,-0.531611083,-1.441100613,1.382108905,-1.878386294,-1.479730048,0.404991056,-0.068510287,0.577080191,0.150257241,-0.011054088,QB,B12,1.618454626
Isaiah Marshall,Kansas,0.004906368,-1.960656866,0.03473136,1.736861301,-0.952082639,0.701422499,3.527019976,1.621971082,-1.40655878,0.399582531,-3.392655672,QB,B12,1.618011708
Jackson Arnold,Auburn,12.45734954,-2.961495752,0.513285606,2.228698873,5.967085351,1.135554261,0.89021303,-1.523703403,-0.056822505,0.793090724,-0.313671416,QB,SEC,1.61785083
Robby Preckel,Northwestern,-0.314575578,-3.777429171,0.478445573,-0.372686156,2.16250062,0.506809927,-0.034848582,-1.191515022,0.41651052,0.367742731,0.306742839,TE,B1G,1.616959966
Ryan Browne,Purdue,10.72615238,-2.118170559,-2.076680809,1.49412857,4.034083079,0.173817718,1.204309818,-1.559188429,0.503496007,0.169530942,0.421749094,QB,B1G,1.615692934
Mabrey Mettauer,Sam Houston,1.238222084,-3.841496381,-1.84085395,0.080848562,0.09208679,-1.456989678,1.699271989,0.418106555,-0.148623136,0.790347663,-0.82017927,QB,CUSA,1.61536827
Grayson Rigdon,Arizona State,-2.223131817,-2.578007911,-1.232959573,-1.601733558,0.207003732,-0.023854451,-1.828888458,0.579020735,-0.622854417,1.967657019,-0.444440777,RB,B12,1.614623316
Tucker Kilcrease,Troy,8.682615516,-3.032250943,-1.67527468,1.419264941,4.365305359,-0.675242355,0.798328042,-1.371963959,0.372978857,0.806454152,-0.104402715,QB,SBC,1.613915627
Evan Simon,Temple,8.786233836,-0.557004581,-4.584464987,0.988252749,-0.61031315,-2.352988601,0.123611577,-0.730989548,1.023907451,0.037524559,-0.134451318,QB,AAC,1.613086548
Ryan Boe,Northwestern,-0.399256653,-3.215454647,-0.763689458,-0.062427368,-0.253404222,-0.353330337,1.628584887,1.478698277,-1.222568535,0.009995505,1.250331742,QB,B1G,1.611589574
Aidan Armenta,UL Monroe,11.01487858,-1.946955202,-3.716934692,1.416421726,3.681260199,0.241359855,0.80749217,-1.372791055,0.453522406,0.855127322,0.806295881,QB,SBC,1.611474943
Gavin Garcia,Kent State,1.398401743,-3.456567102,3.601579081,0.564659963,1.751207797,-1.00290537,-0.470249093,0.27780727,2.377715544,0.192991436,0.491578718,RB,MAC,1.610590364
Bishop Davenport,South Alabama,10.31078253,-2.050865045,-0.794730104,1.640511642,5.457857047,2.293728358,1.012766609,-0.943685162,-0.754995273,0.18534458,-0.489146521,QB,SBC,1.609683626
Isaiah Hardge,Colorado,-2.178400064,-0.293744113,-1.033080789,0.304618464,2.431520911,1.484522307,-1.817731228,9.843257022,10.64677422,-1.911340994,-0.369485394,WR,B12,1.609097028
Maverick McIvor,Western Kentucky,14.71415679,0.292275752,-4.005993412,0.655615425,-0.774303622,-0.82980127,0.243857198,-0.719907852,0.909671865,1.104452421,0.161939713,QB,CUSA,1.608539079
Duce Robinson,Florida State,0.004990898,6.142665989,0.735773319,-1.825795458,0.292153817,-0.691942166,0.304038044,-0.223476827,0.221164163,-0.33464585,0.151541731,WR,ACC,1.608149242
Marcus Beamon,Central Michigan,0.072695977,-3.907742478,-0.581866645,-0.098882318,-0.113711532,-0.823580643,1.470096041,0.752886984,-0.579456472,0.784414956,-2.187937556,QB,MAC,1.608087907
Emory Williams,Miami,1.275840141,-1.558897577,-2.562511922,1.067948011,-0.260150692,-0.993809745,2.198601438,0.527292541,-0.251104661,-0.12725109,-1.426168048,QB,ACC,1.607244518
Joshua Long,Eastern Michigan,-0.909820256,1.660997617,-0.12647294,-1.978874923,-0.177240986,0.231591405,0.247481997,0.164013249,-0.097703945,1.387905825,-0.225757231,TE,MAC,1.606563232
Adam Damante,New Mexico State,6.756166179,-1.977184518,-3.173835409,1.130603636,2.971163569,-1.123147316,1.491508069,-0.680149476,0.219140354,0.897483669,-0.208323554,QB,CUSA,1.606455769
Gabriel Benyard,Kennesaw State,0.168238107,2.653775039,2.122259582,-1.721065987,-0.370791033,0.156431171,1.511197112,-0.470301119,0.459414732,0.231149071,0.028120569,WR,CUSA,1.606186672
Eugene Wilson,Florida,-0.659320551,1.859356732,0.118751329,-1.979187527,0.652616512,-1.083486943,-0.743480953,-0.057072082,-0.015835303,0.679442507,-0.268368732,WR,SEC,1.606173717
Ja'Kobi Jackson,Florida,0.497360979,-1.816012431,2.155016133,0.225330073,0.736316543,0.584756878,-0.201065788,-0.273707739,-0.099890067,-0.093323944,0.166113868,RB,SEC,1.604577293
Joey Labas,Central Michigan,9.137766365,-1.070103887,-4.253162095,0.734957321,-0.659285156,-2.326665459,0.943575322,-0.370536689,0.849858817,1.125507843,-0.067956934,QB,MAC,1.603022104
Blake Shapen,Mississippi State,13.90982676,-0.893626344,-3.264076418,1.360120758,6.321444162,1.96348945,0.474519647,-2.015130506,0.092712703,0.210792851,0.14219413,QB,SEC,1.602881953
Evan Pryor,Cincinnati,0.049369028,-1.699274314,2.717425785,-0.257946237,-0.428178741,-0.098852602,0.162005445,-0.151845018,0.15278923,0.341230363,0.055234749,RB,B12,1.602814244
Toby Payne,Marshall,-1.389827598,3.10816998,0.199630668,-0.937059221,-0.089782239,0.239426361,0.094533761,0.267223712,-0.235072513,0.936488497,-0.190361027,TE,SBC,1.601523045
Gabarri Johnson,Oregon State,2.013002909,-3.577698103,-1.209930067,0.880700472,-0.128530931,-1.353247547,1.872208765,0.16062834,0.053950985,0.194943191,-0.565807339,QB,PAC,1.600389099
Dylan Riley,Boise State,2.252080978,-1.881353216,6.226440682,0.334851246,-0.336035829,-1.060113262,-0.373542612,0.141844397,-0.022224679,0.051135333,0.082967974,RB,MWC,1.600044315
Christian Clark,Texas,-0.381447188,-1.950234509,1.504162194,-0.000805943,0.003421386,-0.703897913,-0.389011196,-0.447358735,0.435410731,0.139985757,0.374419013,RB,SEC,1.600001103
Johnnie Daniels,Mississippi State,-0.110350874,-2.059424165,1.229640012,0.16508056,-0.362807273,-0.352590141,0.143623618,-0.562680937,0.513011161,-0.285889829,0.264977071,RB,SEC,1.59956478
Ke'Travion Hargrove,Old Dominion,-0.570979343,-3.038177091,1.075409297,-0.143596712,-0.722030629,0.459661452,-0.174440924,-0.014640123,-0.03256564,0.609463274,-0.160455259,RB,SBC,1.598774087
Kenji Christian,Toledo,1.041071789,-1.618875422,3.855025519,-0.43261877,2.041105005,0.588594159,0.009103625,-0.356547696,-0.23499706,1.028656805,0.017527432,RB,MAC,1.598130077
Oscar Adaway III,South Carolina,0.863554242,-2.970661101,2.547625106,0.545183314,-0.832576065,0.02157882,-0.256894656,-0.060683359,0.038286168,-0.235610515,-0.003288954,RB,SEC,1.597847982
Jalyn Gramstad,Nebraska,-1.219567111,-2.693190798,-2.249621692,-0.344305607,-0.182999957,-0.067216646,0.988145783,1.064356036,-0.940864681,0.73003075,-1.952422772,QB,B1G,1.597800457
Carter Smith,Wisconsin,4.55881045,-4.636082821,-1.412323156,0.853117305,4.78556399,-2.121750112,1.760692265,-1.948639986,1.14103188,0.512004936,-0.102549428,QB,B1G,1.597030706
Dylan Raiola,Nebraska,15.43488772,0.124670213,-5.244304613,1.001334022,4.312629021,2.044923011,0.211714464,-1.604194363,0.172422317,0.916155699,0.445971823,QB,B1G,1.596712025
Grant Wilson,Indiana,4.840608056,-1.54846115,-1.416065851,1.909588015,-0.674898891,-1.423432884,2.201769929,0.15705303,0.231122818,0.222143776,-0.731516576,QB,B1G,1.596702458
Landon Roldan,Georgia,-1.298762473,0.217343679,-2.693220656,2.178212772,1.395976825,-2.674816541,1.125028978,2.331861523,-2.323065944,-3.078643521,-4.29341495,WR,SEC,1.596117364
Elijah Green,Sam Houston,0.266193338,-2.729902568,2.120926097,0.561970956,-1.110249132,0.759186018,0.256882292,-0.017742829,-0.011006432,0.197233604,-0.064136376,RB,CUSA,1.59610584
Marvis Parrish,Western Kentucky,1.426792298,-2.409083017,4.102577409,-0.770675351,2.101034528,0.219406063,0.707286614,-0.953991505,0.279013381,0.785782909,0.019352175,RB,CUSA,1.596000087
Jeff Caldwell,Cincinnati,-0.168017985,3.730180762,0.202342688,-2.244477447,0.036613634,-0.312593058,0.327540939,-0.122371769,0.1418509,0.217498401,0.029902204,WR,B12,1.595456014
Brennen Ward,Kentucky,-0.526748282,-2.844063205,-2.407374061,-0.651214075,0.00562494,-0.659012193,0.890373705,0.461471017,-0.368755599,0.19579409,-1.443356956,QB,SEC,1.594776524
Au'Tori Newkirk,North Carolina,-0.581293778,-5.684850801,-1.161630116,-1.512005772,-0.842417833,0.132863712,5.259474451,0.806802041,-0.640698863,-3.133043053,2.486304081,QB,ACC,1.594213473
Matthew Caldwell,Texas,4.072332612,-0.209339985,-0.402839535,3.047954389,-1.821117286,0.716622741,4.388517296,-0.234871146,0.299827991,-2.466638872,-0.679100752,QB,SEC,1.593582475
Tristan Ti'a,Oregon State,3.491541576,-2.831680234,-3.267369315,0.540012093,1.461051448,-2.637754192,1.406516825,0.188103022,0.038795737,1.444969561,-0.953889767,QB,PAC,1.593470695
Braxton Jennings,Louisville,0.540286335,-3.181241957,1.479098791,0.169032337,0.913251593,0.753882975,0.410370235,-0.860788169,0.428432399,0.412567029,0.243959766,RB,ACC,1.591040382
Rocco Becht,Iowa State,16.82895085,1.071050463,-3.16580018,0.185467106,-3.449448017,0.545149266,-1.340229511,0.79017606,-0.262077187,0.591963044,0.141395127,QB,B12,1.590731094
Kiael Kelly,Ball State,6.754682717,-4.120612268,0.661370671,2.105021584,0.005874659,-3.260310703,1.065329028,-0.299870213,0.756347718,0.591609631,-0.167471426,QB,MAC,1.589879818
O'Mega Blake,Arkansas,-0.098534936,1.292528021,-1.015762209,0.507613747,-1.223222854,1.358698613,-0.897184398,0.500402189,-0.616189428,-0.534645832,-0.234089661,WR,SEC,1.589437565
Le'Veon Moss,Texas A&M,2.141471066,-2.371129443,4.521777058,0.759416975,-0.822509443,-0.379525559,-0.488771827,0.184578042,-0.087660429,-0.178544211,0.063284406,RB,SEC,1.588937886
Dae'Quan Wright,Ole Miss,-0.982013026,3.389614742,0.242660467,-1.433584422,0.050301361,-0.131365915,0.062155331,0.021295826,-0.047897072,0.132918792,-0.036250278,TE,SEC,1.588450442
Caleb Komolafe,Northwestern,0.99537542,-3.204373106,3.401366413,0.255418392,-0.01866014,-1.349352174,-0.755672336,-0.235147543,0.289243694,0.194422094,0.135191341,RB,B1G,1.58771815
Easton Messer,Florida Atlantic,1.631768572,5.457647477,2.728904776,-3.054979729,-1.176427125,0.982645908,3.590979729,-1.100494298,1.067395971,-0.829948443,0.207449758,WR,AAC,1.587068903
Jayden Sellers,South Carolina,-0.930931652,1.391913467,0.857192326,-0.977961639,0.193966612,-0.543287195,0.833585439,-0.772341856,0.740509465,0.184607586,0.392875999,WR,SEC,1.5860122
McCae Hillstead,BYU,1.248670007,-1.748167258,-2.105998216,1.030507785,-0.195419237,-0.872399993,1.873435278,1.157029757,-0.935288716,-0.210969823,-1.143139311,QB,B12,1.585959272
Jordan Allen,Georgia Tech,-0.560828463,0.967572344,2.350975181,0.020771346,1.490245138,2.27244129,2.330099196,-1.194501023,0.412662672,0.15745639,0.404812815,WR,ACC,1.58552926
Luke Kromenhoek,Mississippi State,1.841361478,-2.678759894,-1.075332786,1.164240141,-0.240741205,-1.238486836,2.136863778,0.365616651,-0.05869015,0.543391774,-1.219018642,QB,SEC,1.585114973
Victor Snow,Buffalo,-0.061995373,4.222670194,0.563435231,-2.363691517,-0.12576478,-0.106587564,0.326028171,0.01776324,-0.071913492,-0.585729827,-0.089018672,WR,MAC,1.584512144
Darius Curry,Colorado State,6.70900855,-2.965368792,-3.504049093,1.343652672,3.49997101,-2.054797624,1.925277467,-1.081686963,0.606284712,0.460136875,0.742881193,QB,MWC,1.584194119
Brayden Fowler-Nicolosi,Colorado State,12.14334174,-0.017969476,-4.843289534,0.29742391,-1.126149505,-2.395528664,0.129876688,-1.091103649,1.501161886,0.526124596,0.583318344,QB,MWC,1.584152414
Dakarai Anderson,Cincinnati,-2.152559436,-5.34773201,-2.131047796,-4.510993065,0.198659781,0.068988487,-2.458240883,0.835000607,-1.049232684,0.675854664,-0.606466918,WR,B12,1.583466443
Decker DeGraaf,Washington,-1.563457409,2.452080053,-0.029611531,-0.571288819,-0.081645873,0.245203226,-0.110138647,0.240627699,-0.20390221,1.033702427,-0.097283811,TE,B1G,1.582953951
Miles O'Neill,Texas A&M,-0.065046476,-2.007866676,-2.585822414,0.788878215,0.256378526,-1.222728678,2.16180482,2.443545758,-1.942369016,0.82568292,-0.123154287,QB,SEC,1.582630562
Scottre Humphrey,New Mexico,1.999825319,-2.506706917,3.890262089,1.132986096,3.691411332,2.263655171,0.037865273,-0.707500511,-0.660675174,-0.154943887,0.091088327,RB,MWC,1.582505473
Noah Thomas,Georgia,-1.254792085,3.300118585,0.285520444,-1.482712009,0.187377716,-0.253814436,0.139860644,0.01103879,-0.018492809,0.316072133,-0.00864053,WR,SEC,1.579010821
Kamari Moulton,Iowa,1.829444359,-3.617449496,3.678911773,0.889469124,-0.432090777,-1.116093552,-0.479491981,-0.405466699,0.444243438,-0.032784747,0.117149801,RB,B1G,1.576919151
Tanook Hines,USC,-0.150843818,4.491203763,0.097554382,-1.248989139,0.043320976,-0.387940488,-0.146182546,-0.238937774,0.167376241,-0.776503363,0.236031049,WR,B1G,1.576595899
Joseph Williams,Colorado,-0.002436046,3.785233859,0.285240841,-1.915256222,1.741416662,0.216159346,0.365451063,-0.561040044,0.108830932,0.074989454,0.149494762,WR,B12,1.576479238
Jalil Farooq,Maryland,-0.811541402,3.37503762,0.235612504,-0.88278444,0.017189847,-0.168782914,-0.054185448,0.017504175,-0.02678717,0.190101364,0.002526667,WR,B1G,1.576006327
Lewis Bond,Boston College,0.537927069,4.533649186,0.337166562,-2.578625854,-0.071453328,-0.381877851,0.346434403,-0.273079551,0.208739961,-0.697861982,0.003466327,WR,ACC,1.575700069
J.T. Byrne,Georgia Tech,-2.720675775,-0.726414322,-1.381550427,-1.758383504,1.305003324,-1.585408073,-2.957135342,0.543855776,-0.917435823,-1.527148259,-0.453718843,TE,ACC,1.575076576
Max Shikenjanski,Minnesota,0.267716029,-1.386052613,-2.372564093,1.831794082,0.002395836,-1.28306298,3.263729087,1.327133328,-1.180457875,-3.481142457,-3.073441177,QB,B1G,1.574967893
Brock Glenn,Florida State,2.293144332,-2.430120235,-1.336511564,1.669122202,1.920966858,0.332572682,2.597010865,-0.215973626,-0.241529417,0.12652153,-0.354427736,QB,ACC,1.574285484
J'Koby Williams,Texas Tech,2.264921127,-0.193005849,4.936337594,-0.523738332,0.867771907,-0.606061956,0.054711143,-0.440625417,0.20707253,-0.420499133,0.241792918,RB,B12,1.574052861
Lucas Scheerhorn,Rice,-0.436217661,-4.426171628,-2.252876667,-1.670500807,0.228406508,-1.066142611,0.595080192,0.825182768,-0.637425008,0.799149297,-0.60132456,QB,AAC,1.573534017
Ben Turner,Marshall,-2.083471573,-1.507051416,-0.54547812,-0.464656888,1.485550846,2.946750296,0.040647387,9.526150202,11.10293745,-0.354262543,-0.253338199,WR,SBC,1.573498975
Ashton Daniels,Auburn,12.67467672,-2.958413033,-0.197947894,2.269609392,3.323649503,-1.417134503,1.298670911,-1.676514862,1.102364725,0.853561645,0.519988021,QB,SEC,1.572258499
Jaden Nixon,UCF,1.273002187,-1.775245408,4.314108985,0.26726145,-0.621723138,-0.214144633,0.059876007,0.04703319,-0.024411783,-0.143888821,0.01816782,RB,B12,1.571184162
Aidan Laughery,Illinois,0.168492637,-3.113750883,2.311357726,0.372339536,-0.666710151,0.024926411,-0.206567718,-0.067876852,-0.026433629,-0.462902703,-0.098666808,RB,B1G,1.570915019
Rohan Jones,Arkansas,-0.949363835,6.596157944,1.740325475,1.397165804,-0.847145967,1.353052474,1.613872331,0.078493369,0.119123113,1.098525788,0.334435529,TE,SEC,1.570447755
Freddie Brock,Oklahoma State,0.36496191,-2.707827535,2.432939995,-0.333507882,-0.407036766,-0.382725946,-0.177054758,-0.237855349,0.213409567,0.087697305,0.043260385,RB,B12,1.570269486
Ethan Vasko,Liberty,11.92601834,-1.242454294,-1.359292996,1.333242766,-1.651487428,-1.694415359,0.557885724,-0.161403973,0.643551285,-0.228352814,0.494317769,QB,CUSA,1.570226619
Rashod Dubinion,App State,2.140673426,-2.196310744,3.714454951,0.221116079,3.719070607,0.814771715,-0.094047409,-1.12841774,0.012634532,-0.105746536,0.332435101,RB,SBC,1.570100692
Jeremy Payne,TCU,1.38019915,-1.014949147,3.931988,-0.179379731,-0.19944378,-0.998416911,-0.115709063,-0.301548066,0.321670485,-0.328487287,0.168438751,RB,B12,1.569864325
Rodney Tisdale Jr.,Western Kentucky,9.428009263,-2.088449272,-3.642639352,1.404370192,-0.148889496,-3.461725346,0.762454926,-1.230949707,1.633872062,0.237673297,0.70065346,QB,CUSA,1.569219424
Sam Scott,Wyoming,0.011251279,-3.365448205,1.707438756,0.135434956,-0.46281588,-0.279728452,-0.207934628,-0.306197909,0.263256496,0.37166973,-0.054651142,RB,MWC,1.568989255
Jahiem White,West Virginia,1.866557622,-1.895829221,4.11021811,0.443840921,-0.521380722,-0.726858815,-0.10981702,-0.203427027,0.319682061,0.402006848,0.167051658,RB,B12,1.56895611
Tim Burns Jr.,Sam Houston,-2.168437279,0.4821918,-1.357474619,-2.429134904,2.661997156,-1.788076402,-3.732882513,0.8093021,-1.078387376,1.583746214,-0.388295754,WR,CUSA,1.568905542
Danny Scudero,San José State,2.351271361,5.727470942,1.487959606,-6.472964352,3.200060393,-1.131228402,2.284839478,-1.658484919,1.090671692,0.574255015,0.191349168,WR,MWC,1.567775245
Ja'Quez Cross,Arkansas State,0.815829485,-1.793097182,2.430124261,-0.322651203,-0.292781831,-0.647244499,-0.08810026,-0.308829806,0.348398913,0.554577326,0.047472461,RB,SBC,1.566325972
Javin Whatley,Arizona,-0.47337226,0.116144628,-0.659476472,-3.087805561,2.859926899,-5.359647132,9.273728212,10.46079233,-8.018906232,0.467204667,18.67668341,WR,B12,1.566292898
Jmariyae Robinson,Missouri State,-0.088484161,4.120372885,1.788093093,-2.220153065,-0.588085279,0.509705497,2.632803807,-0.744513471,0.77733186,0.216536366,0.14993626,WR,CUSA,1.56606437
Daniel Kaelin,Virginia,2.88040452,-2.866323609,-0.755294735,1.531869968,4.62107724,2.191793581,3.048074108,-1.015586959,-0.497927155,-0.975153043,-0.813490632,QB,ACC,1.565546627
Ui Ale,Troy,0.385801413,-2.950121314,-1.79010798,0.223688064,-0.172196472,-0.819383795,1.825510453,0.468564674,-0.234457272,0.818372766,-1.833017132,QB,SBC,1.565464621
Karson Cox,UCLA,-1.942493399,-2.919292232,-0.674929942,-0.748382925,-0.821089247,1.139420767,0.124340251,-0.103182378,-0.021314642,0.477465208,-0.075735527,RB,B1G,1.565158615
Vandrevious Jacobs,South Carolina,-1.340043283,3.277042468,0.182735484,-0.260935614,0.14295206,-0.135450719,-0.249093534,0.179278322,-0.111570886,1.282439289,-0.056616037,WR,SEC,1.564967017
Jett Carpenter,Nevada,-1.407790317,1.40372578,0.002666503,-1.914857834,-0.002571197,0.129121018,0.194036868,0.135386037,-0.063200157,1.627351091,-0.153877553,TE,MWC,1.564443716
Ethan Hampton,Illinois,4.508031131,-1.051162003,-3.23479188,0.580077848,-0.247623596,-1.772863808,0.778607203,0.397901268,-0.147243965,-0.705203014,-0.481476251,QB,B1G,1.56241463
Ju'Juan Johnson,LSU,-1.343414016,-2.424704891,0.73737169,-0.788630286,-0.316209864,0.292166271,-0.062632189,-0.006837946,-0.04575282,1.045314601,-0.172888824,QB,SEC,1.562159539
Baylor Hayes,Tulsa,12.76463563,-3.894129387,-3.542438696,2.385721152,10.35077251,1.789178157,0.760471728,-3.759426214,0.900136191,1.026103075,0.964340081,QB,AAC,1.561046383
Qua Ashley,Ball State,2.141719345,-3.125736581,3.892167996,-0.334223483,4.01238271,-1.019373235,0.502035936,-2.044441574,1.104573423,0.759437667,0.500133784,RB,MAC,1.560927458
Ethan Lane,Central Michigan,-1.497665617,-3.426862896,-2.031182776,-1.431994215,-0.406665826,0.448382748,0.452459473,0.677350978,-0.633024287,0.892073983,-1.193406801,QB,MAC,1.560424431
Jordan Gant,Akron,4.444981985,-3.567609029,7.036796604,0.955637679,1.726931848,-0.547579273,-1.070232937,-0.167436925,-0.272210239,0.229895173,0.139182366,RB,MAC,1.559130377
Kevin Sperry,Florida State,0.820142192,0.202003298,-1.510654132,2.922060726,0.166302535,-1.825058026,2.35937475,0.232045695,-0.348082781,-4.146594102,-2.336616711,QB,ACC,1.559098023
Nick Townsend,Texas,-2.262037903,-2.487376977,-1.236542689,-1.391057648,-0.051262295,0.371111677,-1.532828686,0.63875,-0.703443278,1.500692621,-0.430345422,TE,SEC,1.558767064
Chandler Morris,Virginia,14.30092296,1.113181299,-3.015698773,0.87738848,-2.872892914,0.04856893,-0.004233513,-0.064149505,0.420745203,-0.59359968,0.199160503,QB,ACC,1.557981212
Izaac Dickey,Nebraska,-2.318442955,-3.182376254,-1.287508704,-1.577835944,-0.494579813,0.857979243,-0.698594549,0.243495913,-0.424577178,0.017126811,-0.197632955,RB,B1G,1.557563942
Michael Merdinger,Liberty,3.353067756,-2.334563537,-2.42096401,0.601247926,1.021877592,-1.890085989,1.643272153,0.162675678,0.04039224,1.28460189,-1.62754774,QB,CUSA,1.557539248
Cornell Hatcher Jr.,Oregon State,0.453636954,-2.343818535,2.31424169,0.331585519,2.237747058,1.996704116,0.494505783,-0.687390046,-0.282514408,-0.05062952,0.065207593,RB,PAC,1.556884796
Tama Amisone,San José State,2.041960424,-3.302899621,-0.500266125,0.980092739,1.843051024,0.281066937,1.988545942,0.298492502,-0.720138323,0.120296358,0.153317882,QB,MWC,1.556751266
Andrew Burnette,Louisiana Tech,2.16032822,-5.227685691,2.25412276,1.125959443,4.987541412,-3.619854976,7.871525636,10.3276222,-8.861642693,-0.581506976,18.69228399,RB,CUSA,1.555894392
Jamarion Morrow,Texas A&M,-0.785374892,-1.464693687,1.118904871,-0.636173066,2.074338785,1.218192358,0.034121444,-0.531846638,-0.188251064,0.751001036,0.135530229,RB,SEC,1.555819033
Trent Pearman,Clemson,-1.333756029,-4.86911334,-2.527804329,-3.043651856,1.149810523,-2.108334824,-0.504773161,1.423781317,-1.618309814,-2.933857879,-0.458907556,QB,ACC,1.555756913
Josh Johnson,Air Force,2.460177124,-2.193153298,-1.649056187,1.287506355,2.143911703,-0.118493473,2.921788856,1.491848618,-1.756958103,-0.556193626,-0.390095585,QB,MWC,1.555412351
Hunter Barnes,Tennessee,-1.780360954,-3.059735649,-0.858313331,-1.034987849,-0.560572952,0.690720358,-0.196745233,-0.120104529,-0.034575362,0.210779179,-0.130753584,RB,SEC,1.555325705
Brandon Chatman,Navy,-0.175458297,-0.381408217,2.267806132,-0.64517241,-0.337069373,-0.021196888,0.340253676,-0.135946394,0.138970415,0.258113786,0.08203344,WR,AAC,1.55456429
Carter Jones,Nevada,8.355559437,-1.949809879,-3.577167496,1.099054491,4.685676068,0.952086492,1.205669321,-0.871780154,-0.303303687,1.554473047,0.304590726,QB,MWC,1.553217769
Zylan Perry,Louisiana,1.498056984,-3.781662535,3.363895491,0.643389754,2.000683729,1.225431186,-0.234949275,-0.46489503,-0.35583113,0.100107665,-0.038282377,RB,SBC,1.552947596
Christian Veilleux,Georgia State,7.31407323,-1.983755666,-3.644159423,0.782529023,-0.207054561,-2.708930921,1.285769985,-0.782250956,1.193779966,0.995171811,0.313297764,QB,SBC,1.552709149
Ayo Adeyi,James Madison,0.717728171,-2.954885718,2.495942216,0.40053083,-0.810758289,0.054654543,-0.362109298,0.047794844,-0.079566573,-0.207327827,-0.09968084,RB,SBC,1.552707445
Gevani McCoy,Temple,4.249326635,-2.005580011,-1.2373761,1.354204192,0.875492939,-0.105323988,1.740747872,0.4497588,-0.58510781,0.060292689,-1.245902475,QB,AAC,1.552544689
Kwazi Gilmer,UCLA,-0.319560761,2.184364242,-0.050413217,-2.425553755,0.426630298,-1.096578062,0.471771278,-0.693162828,0.640878092,-0.417479078,0.259217367,WR,B1G,1.552450563
MJ Morris,Coastal Carolina,5.163758211,-2.428767812,-2.632190934,0.936089598,0.226399673,-2.956212506,1.671801267,-0.182672492,0.653786887,0.948185076,0.289891547,QB,SBC,1.552449641
Zane Flores,Oklahoma State,10.47822114,-4.445397626,-3.546359501,2.273920842,7.44084021,-1.340932425,1.752682754,-3.718576506,2.111800235,1.113764994,1.318712229,QB,B12,1.55226868
DJ Bailey,Sam Houston,-0.202698433,-1.337472113,-2.612566363,1.270873547,2.706609384,-0.026260439,1.03414466,1.762816939,-2.155086028,1.270634063,-3.512272571,QB,CUSA,1.551324483
Nahree Biggins,Central Michigan,0.877894488,-1.662765153,3.223571235,-0.240401415,2.308659671,0.225198697,0.554879664,-1.140566664,0.426977819,0.182601261,0.328043762,RB,MAC,1.550049983
Matt Zollers,Missouri,2.278662166,-3.673841306,-3.630704173,0.032302444,4.594380413,-0.415842684,0.429063575,-0.532456235,-0.440082909,0.524533095,-0.690742165,QB,SEC,1.549238791
Anthony Carrie,Florida International,-0.042376096,-2.671234323,2.449406364,0.130241744,-0.379791568,-0.238257164,-0.204901201,-0.078387449,0.065685677,0.390832384,-0.045144972,RB,CUSA,1.548980282
Khristian Martin,Maryland,-0.433043237,-1.975674939,-1.681731459,0.825772387,-0.741538682,0.427437985,2.128441124,0.804423998,-0.623629429,0.519141782,-1.904062257,QB,B1G,1.548728655
Xavier Williams,Iowa,0.025438133,-2.108864433,2.272778577,0.343326732,-0.681131496,0.165625225,0.349835029,-0.279549981,0.235456657,-0.252153022,0.149604428,RB,B1G,1.548728413
Bert Emanuel Jr.,San Diego State,1.248180168,-1.906288516,0.937290581,2.179433342,-0.560729118,-0.467627287,2.402160924,1.414374255,-1.176094143,-0.463642448,-1.615194761,QB,MWC,1.548642023
Logan Fife,New Mexico State,8.823298563,-2.78803793,-3.446766562,1.564960024,-0.031138397,-3.587256269,0.984054863,-1.299303866,1.763807339,1.036520969,0.744377476,QB,CUSA,1.548371362
Katin Houser,East Carolina,13.78049241,0.692188161,-3.186212434,0.443678326,-2.623099765,-0.187046229,-0.393570984,0.086863877,0.313685386,0.04455156,0.225533132,QB,AAC,1.547694492
Brandon Tennison,UTSA,0.596011619,-2.182382372,-1.624948401,0.592420024,-0.469932712,-0.251843859,1.473001017,0.561655598,-0.43457691,0.036212172,-1.668359454,QB,AAC,1.546593866
Cam Fancher,UCF,10.65544895,-2.295191057,-0.518523323,1.707486878,3.752946934,0.586578595,1.481116185,-1.162469042,0.165192022,0.759961527,-0.028378144,QB,B12,1.546472844
Nolan Ray,Maryland,-0.553437691,-3.594673821,1.483415198,0.16883043,-0.428183271,-0.14061723,-0.056884694,-0.400817235,0.315826974,0.241557621,0.026452191,RB,B1G,1.545174321
Brandon Mathis,Georgia,-2.089177722,-3.785404816,-1.348113039,-2.180536675,-0.354837873,0.574317392,-0.887100202,0.169276192,-0.366913505,0.014280529,-0.212560882,RB,SEC,1.544413625
Ronnie Crosby III,Texas A&M,-2.283247154,-3.144066713,-1.341672093,-1.572723638,-0.446494767,0.772112957,-0.736558357,0.235919584,-0.424684148,-0.083205247,-0.208743792,RB,SEC,1.544010588
Da'Realyst Clark,Kent State,-1.00389364,4.212910579,-1.25247324,2.886912898,2.840351059,-2.60765921,1.374738313,2.734637613,-2.423475585,1.957750541,-4.543212913,WR,MAC,1.543921813
Daniel Anderson,Northwestern,-2.167453219,-3.00841941,-0.991743263,-1.116976516,-0.668433192,1.027608757,-0.204603922,0.03747461,-0.208881892,-0.015392708,-0.097848706,RB,B1G,1.543533677
DeAndre Moore Jr.,Texas,-0.580701547,3.907293576,0.266941259,-1.914199299,0.235304208,-0.616197716,0.376768624,-0.321204017,0.264961932,-0.404172325,0.067861499,WR,SEC,1.543455503
Daniel Hishaw Jr.,Kansas,1.438831397,-1.234099721,3.871542306,1.127324826,-0.555070253,-0.466480879,-0.732279298,0.295583284,-0.173362564,0.11600396,0.075356832,RB,B12,1.542977618
Michael Terry III,Texas,-2.238719765,-3.717468039,-1.582157168,-2.383658,-0.203929597,0.435644684,-1.261213146,0.355110566,-0.581628284,-0.357093565,-0.266641004,WR,SEC,1.542764708
Deion Burks,Oklahoma,-0.475617102,2.561299388,0.503254088,-1.789450856,0.2497634,-0.729363905,0.451948587,-0.532866784,0.427793882,-0.605083865,0.096214459,WR,SEC,1.5424921
Ethan Houck,Liberty,-0.072126815,-3.204191938,-1.186184392,-0.073266772,-0.333252125,-0.476075077,2.603803195,1.609314393,-1.136428225,0.458936181,2.702540794,QB,CUSA,1.542163685
Devin Mccuin,UTSA,-0.096273974,3.445559028,1.505307062,-2.728458383,-0.24594943,-0.03140621,2.465113262,-0.956764847,0.928731052,-0.115535688,0.152016878,WR,AAC,1.541555358
Noah Kim,Eastern Michigan,9.821876287,-0.801795283,-3.520064023,0.92308772,-1.018812221,-1.906337926,0.255017425,-0.359327845,0.763742262,0.688651799,0.106727129,QB,MAC,1.540242925
Landyn Locke,Sam Houston,6.624625472,-3.531820444,-3.680663669,1.272796047,2.888997748,-2.938875729,1.730632311,-2.07203926,1.840609701,1.469696493,0.593842924,QB,CUSA,1.54017046
Trey Kukuk,Louisiana Tech,7.292661976,-2.07837618,1.975914285,1.610964477,2.162615752,-1.545169802,1.196372509,-0.007089634,-0.118685539,1.130471452,0.013865664,QB,CUSA,1.540057566
AJ Swann,App State,6.211780889,-2.102848222,-4.238720196,0.498026494,-0.117869305,-2.398689744,0.702121958,-0.518214551,0.911436942,1.420254152,0.162956193,QB,SBC,1.5398273
Stacy Sneed,Houston,-0.237056877,-1.795954552,1.927230654,-0.387118188,-0.285795935,-0.258164454,0.260184282,-0.416065964,0.370182181,0.12278676,0.16485539,RB,B12,1.539494684
Lex Thomas,NC State,-0.999898554,-2.73761787,-2.181227139,-0.437640292,-0.120099628,-0.269289286,0.999032531,1.172985669,-0.988824251,0.561675191,-0.540667034,QB,ACC,1.538386871
Austin Mack,Alabama,0.782664698,-0.802609336,-2.483906493,1.358705664,0.249803591,-1.618165371,1.226853753,0.830127875,-0.757134675,-1.731798001,-2.349087303,QB,SEC,1.538123503
James Simon,Texas,-0.55563777,-3.105502429,0.453932261,-0.225241482,-0.05911982,-0.798336949,-0.044531788,-0.859846069,0.750025687,0.054326037,0.17120206,RB,SEC,1.538105651
Matthew Wilson,App State,6.403859416,-4.880362946,-0.418992835,0.890985628,0.51544379,-4.278026409,3.942939319,-0.855955144,1.703524231,3.211348952,0.901223577,QB,SBC,1.53800297
Elijah Brown,Stanford,5.414889539,-1.983369014,-3.812790009,0.573239602,2.225147976,-2.268892142,0.641660031,-0.649391551,0.480812689,0.840792703,-0.476221077,QB,ACC,1.53697958
Ta'Quan Roberson,Buffalo,6.579498995,-1.551458477,-2.685854492,0.507977113,-1.170532978,-0.763258134,0.762201467,-0.265898599,0.506379609,0.056907978,0.251269105,QB,MAC,1.536936867
Jackson Brousseau,Colorado State,4.154113902,-2.959815055,-3.126093585,-0.568140819,-0.21172113,-1.717224329,0.616980351,-0.068282593,0.296555739,0.167400925,-0.574688284,QB,MWC,1.534881675
Michael Brescia,Western Michigan,-2.432862854,1.532753541,-1.279996957,-1.763440216,2.43606133,-2.828752624,-5.641945869,1.65504883,-1.982958711,0.403042785,-1.303184005,TE,MAC,1.532902596
Telly Johnson Jr.,Northern Illinois,2.07442282,-4.247135864,3.964302058,0.46826425,2.625783597,-0.511259219,0.24147641,-1.480209194,0.76131405,0.357460042,0.409052793,RB,MAC,1.532426263
Luke Carney,Syracuse,-0.726169839,-3.223661098,-1.184583772,-0.117058123,-0.345724102,-0.087817857,1.391376648,0.669179949,-0.595779703,0.130158562,-1.663919042,QB,ACC,1.532166003
Gabe Glover,Jacksonville State,-0.778814459,-3.176178314,-2.87976066,-0.693259074,0.551405417,-1.279331264,2.692211713,2.388520393,-2.056446644,0.315373063,-4.394150479,WR,CUSA,1.531789844
Jaheim Merriweather,Purdue,-1.982302812,-3.471476957,-0.738343377,-1.410637113,-0.661671963,0.915448932,-0.154632676,-0.112222535,-0.093055189,-0.131773446,-0.092708865,RB,B1G,1.531458452
Nathan Acevedo,San Diego State,-2.352419513,-0.981407032,-1.046542642,-1.783268729,0.804596998,-0.852840729,-1.99707688,0.454092212,-0.57236051,0.779722901,-0.279463108,WR,MWC,1.530221713
Caleb Douglas,Texas Tech,-0.418960408,4.207733262,0.470491965,-2.512283941,0.270323883,-0.607533166,0.507409487,-0.287798994,0.27630155,0.031387595,0.056457286,WR,B12,1.530155302
Jayon Farrar,Fresno State,-2.092578838,0.105175272,-1.175730782,-0.541668624,0.572883628,-0.625859751,-2.087984225,0.530312961,-0.688187811,-0.016548489,-0.269860738,WR,MWC,1.528682522
Anthony Favrow,Missouri,-2.210940158,-2.799543342,-0.993384201,-0.93264045,-0.754283681,1.153588243,0.020235642,-0.051576932,-0.141771927,-0.222079113,-0.086174086,RB,SEC,1.528299126
Rodney Hill,Arkansas,-1.176068664,-2.626150935,0.511438269,0.128553644,-0.635607915,0.524235001,0.1088021,-0.212058266,0.06850958,-0.079029841,-0.092019308,RB,SEC,1.528077277
Jerrick Gibson,Texas,0.330577225,-3.506695308,1.203672703,0.227131749,2.733564207,1.518607056,0.059960691,-1.062206602,-0.0509691,-0.545859417,0.210346464,RB,SEC,1.527095281
Duke Watson,Louisville,-0.044406796,-1.560944559,2.558220886,0.137518284,-0.262497126,-0.424812861,-0.145438242,-0.21241494,0.191883448,-0.024361616,0.127155094,RB,ACC,1.527036136
Dalen Cobb,Georgia Southern,0.791286021,3.123712135,-0.591034487,-1.808825624,0.825244194,-2.075867857,2.980818153,2.786708304,-2.208681171,-0.635526246,1.838973566,WR,SBC,1.52629989
Ramarian Tillman,Texas A&M,-2.287129016,-3.445395981,-1.249317292,-1.83479989,-0.515282106,0.889512762,-0.636317252,0.189634108,-0.398825964,-0.152517015,-0.196854209,RB,SEC,1.5261572
Zach Calzada,Kentucky,5.856449614,-2.754571807,-2.754389066,0.512685133,-0.393176076,-1.962595758,1.373149606,-0.422476042,0.879113543,1.907187616,0.000441963,QB,SEC,1.525925352
Terion Stewart,Virginia Tech,2.180817605,-2.490489675,5.107306245,1.330306233,-0.564490008,-0.799666601,-0.537029524,-0.005347722,0.0948735,0.068813657,0.118794888,RB,ACC,1.525516902
Keyvone Lee,UNLV,-0.135468543,-2.939114803,1.422221758,0.185439456,-0.779436564,0.314279238,-0.070901789,-0.14054173,0.098696739,0.176071659,-0.027520532,RB,MWC,1.525280396
Cutter Boley,Kentucky,10.75259951,-2.42358559,-4.258163866,1.331806307,4.817183421,0.150242587,0.664575036,-1.513830387,0.348187,0.416625828,0.938855263,QB,SEC,1.525061623
Malachi Nelson,UTEP,6.205116212,-2.654294672,-4.130431674,1.141229803,0.720998564,-4.028815769,0.960645029,-0.688817336,1.15389877,0.979585006,0.491725307,QB,CUSA,1.524717306
Shane Porter,Sam Houston,-0.412130494,-2.069935647,1.193772346,-0.131755279,1.271057492,1.263528438,-0.675585439,0.057104003,-0.605577462,0.913849485,-0.174867697,RB,CUSA,1.524422605
John Alan Richter,Toledo,1.621196163,-0.657724888,-2.654549568,1.45583713,0.007383629,-1.365100631,1.169245168,0.825356822,-0.59704231,-0.065151773,-1.753913289,QB,MAC,1.524059367
Angel Johnson,Washington State,-0.449251802,-3.125186848,1.72188032,-0.512973562,2.347096826,0.506675252,-0.044166885,-0.972269833,0.205808619,0.682192835,0.276863346,RB,PAC,1.523654573
Luke Weaver,Hawai'i,5.86629644,-3.214921351,-2.198570588,1.465453294,2.234807117,-1.674016064,1.94075468,-1.311835063,0.982465673,0.389613695,0.032807993,QB,MWC,1.523573191
Braedyn Locke,Arizona,5.046421349,-3.397902229,-3.805215957,-1.023289742,-0.048204636,-2.146541982,0.286617748,-0.290737912,0.526172057,-0.076563051,0.249695051,QB,B12,1.522761189
Kamran Williams,UNLV,-2.218511918,-3.575144673,-1.448478063,-2.088564954,-0.386899991,0.727059785,-0.939035029,0.30789,-0.490548347,0.238547512,-0.279781022,RB,MWC,1.522210047
Caleb Ramseur,Nevada,1.895822504,-1.045061503,3.826637314,-0.274129317,1.84492531,-0.5812746,-0.281713388,-0.626043195,0.179718329,0.139875086,0.236890595,RB,MWC,1.521704916
Kyle Crum,San Diego State,3.696603599,-3.689142696,-2.294852381,0.06414319,0.90151334,-3.662428363,1.677883856,-0.143295517,0.663913576,1.74813992,0.327826569,QB,MWC,1.521509663
Jekail Middlebrook,Middle Tennessee,1.78236346,-1.296070878,4.193387552,-0.532143902,0.149719449,-1.775085885,0.326088921,-0.766557818,0.853556488,0.354072971,0.233438439,RB,CUSA,1.521142373
Isaiah West,Ohio State,-0.543509414,-2.823623857,1.743482539,0.116382527,-0.405366322,-0.083094081,-0.030972412,-0.347874029,0.262575348,-0.116112593,0.156012145,RB,B1G,1.520701997
Shomari Lawrence,Missouri State,0.958469233,-4.304187756,3.753368624,0.344893668,0.46420498,-2.312866502,-0.341246623,-1.098023621,1.109240887,0.371422916,0.380519169,RB,CUSA,1.520587163
Kevin Riley,Alabama,-0.89405662,-1.775619414,0.852729136,-0.679646533,0.136625255,-0.760629449,-0.055298539,-0.561154007,0.494943885,0.307366775,0.114633775,RB,SEC,1.520539605
Hunter Simmons,Wisconsin,4.719916048,-2.771337085,-3.571783174,0.942494206,4.468990303,0.766298978,1.672148825,-0.33422784,-0.541288762,1.76788974,0.491343353,QB,B1G,1.520468255
Landan Brown,Sam Houston,0.942997051,-1.941231527,3.186372851,-0.533901238,-0.304813594,-0.666238222,0.121692872,-0.303773202,0.300924059,-0.131582282,0.08494724,RB,CUSA,1.519077549
Dontae McMillan,Eastern Michigan,2.200418299,-1.748713853,3.987639215,-0.554218973,-0.098091539,-1.509078839,-0.248348116,-0.452951875,0.572200295,0.584300418,0.144772317,RB,MAC,1.51849204
Trequan Jones,Old Dominion,2.807656502,-3.309755705,5.657411614,1.218737658,3.093585974,2.979443217,0.400044632,-0.398968616,-1.002727309,-0.521671531,-0.094236391,RB,SBC,1.518261608
Jo'Nathan Silver,Delaware,2.301890952,-2.43836574,5.03442258,-0.348973292,2.360150043,-0.571133888,0.267000036,-1.0802583,0.450576058,0.444860959,0.22524091,RB,CUSA,1.517787755
Collin Dixon,Illinois,-1.125117949,3.371861992,0.326915431,-1.341920382,0.212774199,-0.348275019,0.064393099,-0.061224032,0.036506233,-0.027661461,0.079908941,WR,B1G,1.517558251
Makenzie McGill,North Texas,1.443859829,-3.056959027,3.722360542,0.472315443,2.181063512,1.663688353,-0.055081555,-0.336861075,-0.518219111,0.562791368,0.003207737,RB,AAC,1.517320633
Braylon Braxton,Southern Miss,7.006746522,-1.224643087,1.415351849,0.075437321,-0.952555919,-1.85306074,-0.201689704,-1.380194015,1.621938628,-0.005683188,0.744393924,QB,SBC,1.51695114
Chris Durr Jr.,Wyoming,-0.360732317,3.307664982,0.696027354,-1.152891493,-0.167653574,-0.080671336,1.061936265,-0.524469774,0.493394401,0.081883441,0.067636171,WR,MWC,1.516529562
Miles Coleman,North Texas,0.136948268,2.647361397,1.404996489,-1.389718813,1.458720083,2.060023901,2.176544866,-1.016413987,0.287831826,-0.11259676,0.24370946,WR,AAC,1.516195951
Daniel Bray,Utah,-0.310392104,-1.054400155,2.109473581,0.555499255,-0.825749958,0.707387663,0.438881965,-0.049483689,0.020930704,0.332424381,-0.006917007,RB,B12,1.51555155
Tovani Mizell,Kentucky,-2.177793651,-2.663622923,-0.999607482,-0.763831749,-0.730713219,1.080146226,-0.109058611,0.027106396,-0.181225327,-0.021961809,-0.069777599,RB,SEC,1.515357939
Ofa Mataele,Western Michigan,-0.487188516,-2.95144781,1.41542436,-0.038544305,-0.763213295,0.474909703,-0.01858091,0.018335435,-0.029330228,0.463184191,-0.061988545,RB,MAC,1.51526322
Skyler Bell,UConn,0.664713255,5.554096135,0.898506946,-3.509350221,0.220894931,-0.795403578,0.80179329,-0.331866285,0.318239439,-0.456405125,-0.035108904,WR,Ind,1.514527129
Landon Sims,Hawai'i,0.759085182,-1.342699541,3.272602132,-0.710543464,0.047494315,-1.14414217,-0.056901023,-0.454491397,0.48797868,0.393534497,0.148189901,RB,MWC,1.51370597
Omiri Wiggins,Louisiana Tech,0.926601052,-2.100605933,3.247581438,-0.051202794,-0.248610688,-0.856119917,-0.183928232,-0.260397896,0.290598678,0.108536731,0.0675425,RB,CUSA,1.512855401
Jalen Smith,Minnesota,-0.802937224,2.910158616,0.20504068,-2.090760439,0.5014875,-0.922088528,0.254402947,-0.429914058,0.442108492,0.414718552,0.221928079,WR,B1G,1.512386864
Adam Randall,Clemson,-0.29070887,0.339264511,0.479331013,-1.000668172,0.123133403,-0.858837209,-0.190924372,-0.36320796,0.361322625,0.134161293,0.123587309,RB,ACC,1.512246341
Keelon Russell,Alabama,1.025232699,-0.303173585,-1.678777717,2.425419182,-0.298936097,-0.963114801,2.722159389,0.379146006,-0.271558401,-1.367595673,-2.350088196,QB,SEC,1.511556798
DJ Vonnahme,Iowa,-0.826125756,3.24196513,0.02677609,-1.288487801,0.211464715,-0.47940129,0.051447741,-0.225694391,0.202663524,-0.04309791,0.164415175,TE,B1G,1.511495402
Malik Washington,Maryland,20.13664012,-0.800031414,-3.798480757,1.593244878,2.027842501,0.018511273,-0.018574372,-3.451011823,2.369572132,-0.631453518,2.060326117,QB,B1G,1.510990021
Dylan Lonergan,Boston College,5.36326455,-0.792189475,-2.827865934,1.651808067,-1.394771889,-0.270365676,2.581336287,-0.394089369,0.636114448,-0.324184045,-0.635087937,QB,ACC,1.510522268
Zymear Smith,Maryland,-2.080750518,-3.298513638,-1.458282385,-1.501785098,-0.625969465,0.92910356,-0.383654445,0.159446132,-0.291903717,0.266491899,-0.162552458,WR,B1G,1.50931207
Drew Dickey,Vanderbilt,-0.286970406,-0.599449436,-1.127626466,2.688639408,0.043620079,-1.208526826,2.591493747,0.79017433,-0.755448291,-2.378098295,-2.710522451,QB,SEC,1.508719215
Jerrian Parker,Sam Houston,-2.12103871,-3.811852195,-1.493971041,-2.640324086,2.34889884,1.619374689,-1.891429363,9.817938254,10.57510335,-2.299368689,-0.47849594,RB,CUSA,1.508681274
Gregory DeRosiers,Memphis,1.699092574,-0.276780408,4.067106454,0.111316839,-0.756186993,-0.124640433,0.61405297,-0.134950263,0.161155371,-0.356365409,0.017628102,RB,AAC,1.508566772
JC French,Georgia Southern,15.2919004,-0.373627821,-2.899815221,1.243752493,-2.250315608,-1.378626826,-0.780797414,-0.249391136,0.728971793,0.118049364,0.489201374,QB,SBC,1.507932204
Treyson Bourguet,BYU,2.543299261,-2.54632171,-0.581132305,1.669955187,-1.399681848,0.355975986,4.121082288,-0.84750249,1.205989466,2.025016527,-0.735137208,QB,B12,1.50774693
Ted Hurst,Georgia State,1.594733904,6.912916311,1.12978299,-4.237628703,0.2343913,-0.976263874,1.0180801,-0.488695829,0.52960738,-0.235162404,0.07371255,WR,SBC,1.507727232
Makai Jackson,Indiana,-0.838864909,2.141136403,-0.197577003,-0.882413782,-0.175828729,0.128454457,-0.145229462,0.107792603,-0.092702078,0.527481586,-0.008494179,WR,B1G,1.507642589
Kenny Johnson,Pittsburgh,-0.271419884,3.255544519,0.691190843,-2.053429956,0.025116677,-0.325343316,0.502963834,-0.351192778,0.247430003,-0.584866807,0.021132637,WR,ACC,1.507447577
Cade Wolford,Kent State,-0.594193631,-1.048751439,0.152697772,0.354471725,-1.361475991,1.663073749,0.403211156,0.131666931,-0.1976131,0.41988161,-0.206170809,RB,MAC,1.507407401
Michael Washington,Arkansas,2.558896686,-3.678150057,4.742172497,1.072396993,-0.658215657,-0.978746037,-0.658052336,-0.069172282,0.150645217,-0.128288869,0.020913541,RB,SEC,1.506617311
Andrew Rappleyea,Penn State,-1.800149586,1.744661324,-0.235980721,-0.682074129,0.059969953,0.061094553,0.054447581,0.074347846,-0.001980785,1.724921356,-0.096841922,TE,B1G,1.505638024
Isaiah Carlson,UCLA,-2.197425124,-4.584076672,-1.6469234,-3.426247497,0.038828594,0.06536416,-1.716845665,0.340436145,-0.665069199,-0.996890677,-0.31936944,RB,B1G,1.502741597
Carson Cruver,Florida Atlantic,-1.745848433,-3.116431813,-1.917046252,-1.128911111,-0.366141496,0.41255034,0.346139527,0.676813337,-0.698730942,0.179987725,-1.139439407,QB,AAC,1.502431204
Shaker Reisig,Boston College,0.46194905,-3.027625956,-2.303181925,0.123414279,0.037028858,-1.06498828,2.23853305,1.854656604,-1.360863811,1.286761445,0.154081327,QB,ACC,1.502312128
Yannick Smith,East Carolina,-0.469249992,4.887316792,0.537806211,-1.482412447,0.09534996,-0.313063774,0.179068024,-0.035819686,0.014312362,-0.183763735,-0.002274164,WR,AAC,1.501646497
Clay Thevenin,Louisiana Tech,2.857635624,-1.633528594,4.919357847,-0.108922142,2.973813625,0.053199438,-0.208099748,-0.796320743,-0.035822572,-0.235766254,0.234852429,RB,CUSA,1.501346983
Matthew Fuller,South Carolina,-0.854877992,-4.049422361,0.899511508,-0.016385669,-0.034846669,-0.775536005,0.124479638,-0.983505192,0.834145031,-0.000943763,0.243822562,RB,SEC,1.500794875
Devin Roche,Old Dominion,0.365581469,-2.266155373,2.785771838,0.356334441,-0.550588223,-0.10756,0.009086236,-0.144185276,0.142636034,0.355690049,-0.008180119,RB,SBC,1.500124501
Jovantae Barnes,Oklahoma,0.256646981,-2.136152194,2.181710251,0.233919499,-0.127060775,-0.819632688,-0.378066778,-0.387151621,0.385519991,-0.006131863,0.256249902,RB,SEC,1.5000296
Wayne Knight,James Madison,1.770233201,-0.80594098,4.539975354,-0.138787932,-0.179814586,-1.055630094,-0.467853471,0.07665299,-0.028862245,-0.250087765,-0.024040104,RB,SBC,1.500005921
Tre Wisner,Texas,2.62907724,-3.660973566,4.156513827,1.219229226,-0.263906851,-1.817859757,-0.570667184,-0.780269937,0.836584333,-0.277373803,0.322188861,RB,SEC,1.499672716
Grant Page,Southern Miss,-1.215503944,-1.454344951,-2.012145775,0.253295078,-0.023548283,-0.496410946,1.120499613,1.141149634,-1.246556043,-2.513234379,-2.325057883,WR,SBC,1.498970032
Josh Hoover,TCU,18.10023849,3.356353347,-7.060773332,-0.959358019,-3.561843487,0.618334167,-1.840362934,-0.026547358,0.33537514,-0.523360664,0.755358115,QB,B12,1.498449873
K.D. Hutchinson,Western Kentucky,0.906510845,3.186406942,2.224635776,-1.201773077,3.795033355,3.04281393,2.046062307,-1.279023635,-0.155394316,-0.444013072,0.256788614,WR,CUSA,1.498363377
Dre'Lyn Washington,Alabama,-0.133112245,-1.146559567,2.457963598,0.567853506,-0.23737907,-0.340330383,-0.29879552,-0.120349405,0.1094441,0.125802197,0.147736393,RB,SEC,1.498328396
Jared Hollins,South Alabama,-0.699043845,-2.037157908,-2.764741162,-0.052279377,0.327860433,-0.981390863,0.099277457,1.506131473,-1.362949123,0.423852094,-2.376881617,QB,SBC,1.498269206
Turner Helton,Georgia Southern,-0.156249832,-2.938296286,-2.060987913,0.004801078,0.02527862,-0.865703636,1.291513627,0.413848663,-0.320688242,0.044064783,-1.322569322,QB,SBC,1.496091036
Nicco Marchiol,West Virginia,4.480570625,-2.338688069,-1.746727073,1.045141552,-0.128369432,-2.181472245,1.667394422,0.044947671,0.330693068,0.404487526,-0.700690468,QB,B12,1.495433996
LJ Johnson Jr.,California,-0.076021646,-2.690363873,1.682308821,0.556131639,-0.888079843,0.457455615,-0.053030392,0.007051361,-0.032856698,-0.003904771,-0.022187518,RB,ACC,1.493874997
D'Wayne' Winfield,Louisiana,3.530419677,-2.128223343,2.02537797,0.574116093,-0.775031984,-1.035542043,-0.242993781,-0.644813203,0.771953924,-0.036273644,0.307166217,QB,SBC,1.492231225
Brock Townsend,Central Michigan,-0.00949493,-2.79292975,1.47046231,0.273183702,-0.697689594,0.172985147,-0.173099798,-0.145147015,0.101477807,0.233358581,-0.051886707,RB,MAC,1.491190141
Walker Howard,Louisiana,-0.208823976,-2.763687095,-2.215356532,-0.421207757,-0.078298854,-0.638690672,1.103836809,1.185046297,-0.94920514,0.262385655,0.067851346,QB,SBC,1.490438331
Brandon Hood,Massachusetts,1.430220187,-3.488510126,3.480921277,0.234335319,5.2890696,1.700872508,0.366186514,-1.606768398,-0.027324231,1.075910149,0.148945928,RB,MAC,1.490213269
Scotty Fox Jr.,West Virginia,7.034041478,-3.655059171,-2.045652865,1.56837062,1.589966605,-2.0106986,1.22792826,-0.714166545,0.624005045,0.638078035,0.043186902,QB,B12,1.489374039
Jack Velling,Michigan State,-0.816425002,3.820079185,0.144577229,-0.768425156,-0.052602877,-0.09952953,0.006237464,-0.013796914,-0.042477538,-0.281823362,-0.032035939,TE,B1G,1.489345722
Jaron Thomas,Purdue,-1.721426557,-2.979973045,-0.26922304,-0.153915227,-1.607739685,2.196920281,1.622745124,-0.514133161,0.478136546,1.376496225,0.09325611,RB,B1G,1.489151026
Jeffrey Overton Jr.,Virginia Tech,-2.248369275,3.697296703,2.466453546,6.187016627,-2.154176337,3.315593179,3.669247937,-0.626867732,1.225270483,5.530789761,1.031178075,RB,ACC,1.48912493
Davion Gause,North Carolina,-0.417083204,-1.907222506,1.757243163,-0.463893984,0.162506328,-0.998117247,-0.144958283,-0.523268243,0.485126712,0.236898121,0.139577469,RB,ACC,1.488772887
Rogerick Ray,UNLV,-2.325439377,-3.818973667,-1.578527091,-2.446580176,-0.219453508,0.487491299,-1.261826928,0.356217059,-0.574071757,-0.106431856,-0.282817433,RB,MWC,1.488342083
Jacob Conover,Utah State,0.46997097,-2.702527169,-2.235482478,-0.154343799,0.150518719,-1.323319558,0.921926902,0.390333436,-0.249166024,-0.119293644,-0.701961142,QB,MWC,1.488004005
Kai Horton,Washington,0.6412759,-2.252505387,-2.497010833,0.42936664,0.147041943,-1.313147847,1.411935298,0.949790856,-0.707952498,0.161695255,-1.563664516,QB,B1G,1.487876382
Floyd Chalk IV,San José State,1.588906038,-2.797922169,3.301860606,0.931094167,1.104421162,0.435247773,-0.281270834,-0.45022775,-0.035725001,-0.022756847,0.12127318,RB,MWC,1.486059104
Chuck Webb,Sacred Heart,0.214094282,-2.790556122,2.068249206,0.718400753,-0.194539807,0.974765196,0.191654995,-0.190031536,-0.058186552,0.059541113,-0.019406488,RB,INDAA,1.486055255
Jevon Jackson,UAB,2.43202929,-3.303632195,5.376229983,0.462595645,0.180072688,-2.34899083,-0.381036981,-0.763486634,0.868103677,0.004377938,0.364966646,RB,AAC,1.485613121
Hunter Herring,UL Monroe,0.737662591,-2.431903111,-0.713917048,1.245224184,-0.357506324,-0.712255453,2.864110097,1.637188517,-1.280747902,-0.504118041,-0.285357503,QB,SBC,1.484481884
Cole Ballard,Kansas,0.933480066,-2.146090198,-1.134304781,1.32960006,-0.423256006,-0.641365358,2.81565752,0.80903016,-0.516605341,0.161634664,-0.741033505,QB,B12,1.484410919
Brendan Sullivan,Tulane,3.875418837,-2.40226797,-1.423399496,0.989112602,1.676151329,-0.742677984,1.472238399,1.481972237,0.424317078,-0.279291769,-0.909054356,QB,AAC,1.482066684
Myles Montgomery,UCF,0.565904974,-1.976665243,3.467984357,0.214858039,-0.078138768,-0.914005838,-0.088947973,-0.391347069,0.443783546,0.380299107,0.28395012,RB,B12,1.481971236
Viron Ellison Jr.,Delaware,1.761872734,-1.202500376,3.482605823,-0.019479129,4.005811408,1.408330081,0.123734105,-1.05456736,-0.233679995,-0.38103729,0.300175483,RB,CUSA,1.4816722
Colton Allen,Colorado,-1.45827859,-2.535217547,-2.387002496,-0.148110749,-0.123317757,-0.117931952,1.294755845,1.421602252,-1.312237799,0.065191128,-2.462877865,QB,B12,1.481378642
Jackson Proctor,Northern Illinois,-0.328499306,-3.709722449,-0.916467356,-0.380006934,-1.0945447,0.745462756,2.592670069,-0.706030738,0.74352667,-0.005591624,-0.308613741,QB,MAC,1.480713363
Javin Gordon,Tulane,0.794826444,-3.037068558,3.095575754,-0.050985248,3.288423416,0.095626832,-0.243327639,-1.033636979,0.15973686,0.667880173,0.200096832,RB,AAC,1.480371877
Quinn Clark,Nebraska,-2.699746284,4.103250531,0.087523868,2.801922814,0.088164563,0.470733362,-0.895170643,0.681843614,-0.4395091,3.556368036,-0.087764882,WR,B1G,1.480344108
DeMarcus McElroy,Merrimack,-0.329322565,-2.656617491,1.820604185,-0.440346102,2.004638498,1.024282995,0.52252533,-0.860739816,0.058735355,0.246191834,0.089212822,RB,INDAA,1.479654785
Mekhi Nelson,Nebraska,-1.315460909,-2.832505797,0.202568731,-0.509401395,-0.751405811,0.815479867,-0.098087437,-0.042425588,-0.130362267,-0.332530603,-0.09879997,RB,B1G,1.479649068
Jalen Moss,Arizona State,-0.15323807,3.537227542,0.31217113,-1.291030981,2.904387535,1.309912382,0.167123778,-0.619548527,-0.334964844,-0.41052252,0.130998963,WR,B12,1.479625627
Mikey Matthews,UCLA,-0.905493059,0.744918449,0.051019311,-1.527756884,1.52248754,0.67352576,0.447774177,-0.57095417,0.064184644,0.346725798,0.08072532,WR,B1G,1.47826772
Justin Jones,Auburn,-1.648939429,-4.119137187,-0.168711092,-2.11219237,-0.373173749,0.396004282,-0.17453637,-0.40111137,-0.046310491,-2.264885317,-0.161863806,RB,SEC,1.478261715
Joe Jackson,Kansas State,1.144108264,-3.895816068,3.004818877,0.480492774,-0.441155584,-0.765847234,-0.254218643,-0.39996869,0.424701528,0.46454779,0.051689499,RB,B12,1.478173822
Roydell Williams,Florida State,-0.502826648,-3.048220073,0.937295547,-0.077055037,-0.615014502,0.215345104,-0.248045138,-0.118545565,0.055026333,0.15772502,-0.03062035,RB,ACC,1.477753653
Jayshon Platt,Florida Atlantic,-1.615674688,1.841643407,-0.175636549,-0.378018742,-0.038409458,0.083784994,-0.185095569,0.192660461,-0.202587785,0.601765258,-0.144070158,WR,AAC,1.477610244
Brenen Thompson,Mississippi State,-0.635794069,5.233471019,0.459362772,-0.690100538,0.245241148,-0.501004074,-0.15182765,-0.077386402,0.055038886,-0.466773969,0.22644906,WR,SEC,1.477442172
Jeremy Hecklinski,Iowa,-1.089580602,-3.242047527,-1.833438413,-0.447393815,-0.372776878,0.102867638,2.090413434,1.041782567,-1.020797021,-0.886271867,-2.361153164,QB,B1G,1.476258592
Chavon Wright,Northern Illinois,3.241302544,-4.651779376,5.5118674,0.952387609,1.844939558,-0.370113013,-0.552091729,-0.519330991,0.019920441,0.620784555,0.13845669,RB,MAC,1.475724113
Leland Smith,San José State,-0.752978465,3.646873918,0.318551822,-1.011326284,0.030881444,-0.212505972,0.043783617,0.015661569,-0.038044746,0.037262933,-0.073029808,WR,MWC,1.475566677
Roman Jensen,Maryland,-2.234434169,-5.356853696,-2.021671689,-4.521899238,0.199428618,0.023915192,-2.308640746,0.700970849,-0.991265581,-0.212480875,-0.546063539,QB,B1G,1.475477755
Jake Merklinger,Tennessee,0.462304546,-1.758127994,-1.391013238,1.182539096,-0.716567867,0.005610947,2.421389357,0.339395588,-0.181702874,-0.014773473,-1.682716691,QB,SEC,1.475267943
Tyler Stewart,Temple,-1.830310568,-2.621767917,-1.137067496,-1.367948697,1.116509302,1.717809464,-0.58329568,3.251942388,3.419944653,1.175935726,-0.172797401,WR,AAC,1.474907897
Jeff Sims,Arizona State,7.796583254,-3.031937084,-0.538622998,1.670035125,-0.348755318,-2.869353177,1.537221846,-0.521143093,0.984945851,0.733565792,0.097376777,QB,B12,1.47422757
Ousmane Kromah,Florida State,0.348701261,0.12708106,2.518634451,0.266963655,2.076186495,0.76028881,-0.127647858,-0.591347444,-0.149570961,-0.405196572,0.262175409,RB,ACC,1.473713609
DeaMonte Trayanum,Toledo,1.46114126,-3.139430305,3.237648082,0.770529054,-0.914564929,-0.12442091,-0.146262664,-0.130940455,0.170752062,0.077415428,0.022776299,RB,MAC,1.473618248
Malachi Singleton,Purdue,2.799356879,-2.463318343,-0.565966801,1.741936773,1.740764246,0.344325422,2.3261656,0.341662369,-0.816555477,-0.749954449,-1.35106167,QB,B1G,1.472684445
Jalen Berger,UCLA,-0.086326148,-1.937209368,1.804004632,0.091429571,0.05537108,-1.07474648,-0.176261187,-0.640896835,0.578328575,-0.367963153,0.245189918,RB,B1G,1.472058186
Michael Van Buren Jr.,LSU,7.357795935,-3.358534942,-2.464107812,1.673818346,5.457852788,1.878817798,1.855494092,-1.706043059,0.045798876,-0.332362969,0.078282468,QB,SEC,1.472018059
Ksaan Farrar,UConn,0.320733609,-2.621706709,-1.059897908,0.005013445,0.176187337,-1.104684428,1.157062341,0.392867196,-0.172192702,1.418825014,-1.556686639,QB,Ind,1.471673788
Kaderris Roberts,Bowling Green,0.435867365,-2.144591697,0.952406442,-0.863609447,3.43399624,0.049336268,0.529688602,-1.7381354,0.772820477,0.221324009,0.437496626,RB,MAC,1.471665374
Charlie Fiser,SMU,-0.927711428,-1.615103503,-2.035948653,1.247376873,-0.440876849,0.171807078,2.394526546,1.583798899,-1.299412416,1.17488775,-2.979675616,QB,ACC,1.469946721
Ben Finley,Akron,9.657295125,-1.778442443,-3.834114486,1.030536639,-0.658790426,-2.552737842,0.516684016,-1.056033075,1.458144029,0.910647094,0.521986108,QB,MAC,1.469439041
Peyton Lewis,Tennessee,0.509091095,-2.107289943,2.836698302,0.597951088,-0.727575465,0.096476701,-0.381780982,0.186094766,-0.151353085,-0.123042514,0.07995239,RB,SEC,1.468685408
Alton McCaskill,Sam Houston,0.007944286,-3.717307266,1.32581469,-0.216622924,-0.437763769,-0.378403923,-0.167865108,-0.526920757,0.473493366,0.331974886,0.084586194,RB,CUSA,1.467972281
Luke Altmyer,Illinois,15.39441925,1.088523273,-2.545656363,0.265818378,-2.965452042,-0.060733814,-0.582547369,0.285942724,0.158901766,-0.204055118,0.002275097,QB,B1G,1.467847926
Jaivian Thomas,UCLA,0.470048867,-2.044178058,3.001011732,0.384566228,-0.164393517,-0.8495455,-0.163964226,-0.431724472,0.397680977,-0.279808484,0.205795991,RB,B1G,1.467373808
Michael Johnson Jr.,Akron,-0.54138044,-3.123131354,-1.176860969,-0.017303794,-0.094721386,-0.563666656,0.881463372,0.578655207,-0.499331066,0.307089174,-1.575355896,QB,MAC,1.466977122
Arhmad Branch,Purdue,-2.110249964,0.026498323,-0.959815449,1.450129759,-0.621392594,0.984026151,-0.626879437,0.516355382,-0.511733599,1.416119084,-0.36093659,WR,B1G,1.466578383
Michael Kirch,Florida Atlantic,-1.990094767,1.563195475,-0.223071064,-0.423349401,-0.115862157,0.425299926,-0.160567736,0.310915625,-0.237085897,1.86403072,-0.163401301,TE,AAC,1.466019805
Roman Gagliano,Middle Tennessee,5.374553651,-3.021128028,-0.998236161,0.939765226,-0.458661536,-1.986580177,1.90607887,-0.891408324,1.201874644,0.895632107,-0.969735034,QB,CUSA,1.465734509
Darius Johnson,NC State,-1.778509068,-2.83813252,-0.534151505,-0.609938708,-0.683625042,0.843486997,-0.067430089,-0.115067751,0.011772249,0.709394959,-0.115394778,RB,ACC,1.465691819
Daniel Beale,Louisiana,3.181359783,-3.293558811,-2.775507257,0.375855016,0.499624515,-2.835134843,1.691850044,-0.477159468,0.813677185,0.531936424,0.437236319,QB,SBC,1.465396875
Avery Johnson,Kansas State,17.13919827,-0.627815897,-0.731624329,1.545952986,1.463394004,1.158955812,-0.440251759,-0.788680412,0.028228994,-0.303072772,0.435428613,QB,B12,1.464803675
Conner Harrell,Charlotte,4.830631743,-2.095199736,-1.619474295,1.095578518,-0.254484673,-2.093325605,1.873761723,0.041210552,0.341911261,0.590249772,-1.018268492,QB,AAC,1.464239094
Landy Lyddy,Southern Miss,1.697988671,-2.167498497,-2.147292629,0.229557306,-0.188268364,-1.134097003,1.47209013,0.654443091,-0.454713692,-0.430331264,-0.146220125,QB,SBC,1.463709578
Marcellous Hawkins,Virginia Tech,1.665430619,-2.061847437,4.057059056,0.322189813,-0.437733274,-0.895780585,-0.039961914,-0.413553091,0.429840253,-0.390655937,0.199075432,RB,ACC,1.463522757
London Montgomery,East Carolina,1.725980404,-2.707899746,4.443977365,0.439854316,-0.538851422,-0.66177802,-0.529316019,0.13388869,-0.051334203,0.041302221,0.009590884,RB,AAC,1.463352484
Jay Maclin,Kentucky,-1.015063936,4.893445896,0.406470392,-0.414962769,0.123479701,-0.173015922,-0.265858099,0.126468277,-0.149585698,-0.247171684,0.118594275,WR,SEC,1.463145937
Josh Holst,Northern Illinois,7.217439267,-3.021069425,-1.53194525,1.230210432,2.712099713,-1.52551014,1.604650481,-1.308981284,0.896152695,1.351543912,-0.272422151,QB,MAC,1.463021592
Terik Mulder,Kent State,-1.544263697,2.425623085,-0.022984156,-0.553330586,-0.027919063,0.147450064,0.042955095,0.159026322,-0.064309215,1.87182457,-0.14776601,TE,MAC,1.461599426
Steven Angeli,Syracuse,7.101064093,-0.130282735,-2.775738391,1.424597168,2.227732299,0.066410665,1.498880811,-0.484533606,-0.123317133,-0.428458295,-1.176444109,QB,ACC,1.460550889
Carson Conklin,Fresno State,3.619968999,-3.197221922,-3.533889245,0.154641286,1.659121362,-3.048453638,0.749817322,-1.073924031,1.106296286,0.436610125,-0.043039849,QB,MWC,1.459924933
TJ Harden,SMU,2.902962967,-2.391370853,5.975478958,0.645850559,-0.480076519,-1.270846892,-0.602277783,0.079417581,0.061181238,-0.359751295,0.115160323,RB,ACC,1.459887897
Bill Davis,Louisiana,2.311207006,-3.195738958,5.672104054,0.747939347,-0.022167796,-1.784338455,-0.635438498,-0.270732177,0.380489232,0.260921064,0.15797686,RB,SBC,1.459661925
Brevin Doll,Iowa,-2.047257595,-3.258721308,-1.171802575,-1.475387164,-0.526559976,0.761290354,-0.481193643,0.052786927,-0.225159003,-0.028726263,-0.109410057,RB,B1G,1.45917194
D.J. Lagway,Florida,13.62346656,-1.099823985,-4.466595309,1.330033604,1.229653027,-0.162601312,0.378427204,-0.818875544,0.505506514,1.204549302,0.946748216,QB,SEC,1.458278147
Brayden Roggow,Akron,-0.048285352,-2.151560983,-1.929556588,0.380276838,-0.124920756,-0.575456329,1.313327766,0.662363714,-0.545371666,0.244915899,-1.872673506,QB,MAC,1.457753614
Stephon Johnson Jr.,Houston,-0.870391211,2.816126924,0.979661824,-0.113631942,-0.583497981,0.661927837,1.624400055,-0.65805345,0.653577998,-0.012616551,0.428212832,WR,B12,1.457546853
Justin Marshall,Colorado State,0.609975624,-2.827129601,3.108567821,0.198266061,-0.032755619,-1.094128278,-0.113757469,-0.616204852,0.638191032,0.626235612,0.244195006,RB,MWC,1.457318693
Whitt Newbauer,Oklahoma,-0.929762161,-3.639496602,-1.138032962,-0.467725029,-1.334191375,1.317021213,2.793278113,-0.18868095,0.276320682,0.524817348,-0.812134183,QB,SEC,1.456666003
Chris Jimerson Jr.,North Texas,-0.646498226,-0.243432118,-1.200772122,3.119699899,-0.352545814,-0.13639054,3.179171855,1.860532826,-1.61777552,-0.114661006,-3.80631396,QB,AAC,1.456080328
Jevyon Ducker,Temple,1.858745859,-2.582931423,4.80960282,0.361345095,-0.337788224,-1.071727322,-0.207934245,-0.130596249,0.219091249,0.102018616,0.055226598,RB,AAC,1.455546256
Tre' Brown III,Old Dominion,-0.179501931,6.438438386,0.984357188,-1.664209432,0.607700972,-1.100868538,0.345406323,-0.337308106,0.36398367,-0.065664306,0.222627044,WR,SBC,1.454677934
Brock Chappell,Louisiana,-2.083354537,-0.208804271,-0.648944132,-0.817190789,-0.229351218,0.634659135,-0.30599285,0.337421036,-0.254836531,2.081134828,-0.08821582,TE,SBC,1.454501315
Justin Bowick,Illinois,-0.847447451,3.913821023,-0.025111758,-0.074123417,0.08123521,-0.356719128,-0.064814287,-0.111266217,0.090096761,-0.247608094,0.1312844,WR,B1G,1.454351144
AJ Hairston,Massachusetts,5.39170439,-3.039292847,-3.138271805,1.097545279,2.132643186,-2.090243389,0.846983541,-1.442700542,1.172136678,0.417887794,0.080191963,QB,MAC,1.454223857
Landon Graves,UL Monroe,-0.007272774,-1.231722835,-1.447513203,1.412242282,-0.188446308,-0.735988582,1.536282538,0.495599264,-0.569181417,-2.592160754,-0.132914377,QB,SBC,1.454222746
Dillon Lorick,East Carolina,-2.83120326,3.57393697,-0.455969036,4.308271165,-0.182792864,0.591144249,-0.636590837,0.497212424,-0.338668593,2.816046201,-0.220114065,WR,AAC,1.454104316
Jack Endries,Texas,-0.816393608,2.951930057,0.181995823,-1.867651995,0.124464996,-0.330599299,0.168404996,-0.165118795,0.102781653,-0.360893396,0.082262649,TE,SEC,1.453214006
Bo Walker,Georgia,-1.224740456,-3.707364828,0.175444927,-0.896344358,-0.502349126,0.32013486,-0.007100341,-0.28819045,0.177330657,0.07967682,0.048038648,RB,SEC,1.453029173
Will Crowder,Troy,4.244758476,-1.85320625,-3.273386811,0.930242249,0.176126954,-2.514024567,1.157117365,0.119826303,0.191630669,0.160464569,-1.250850535,QB,SBC,1.452622099
Dorian Fleming,Maryland,-0.851794302,2.080027992,0.034582543,-2.57081421,0.352649594,-0.736992376,0.529805843,-0.449560396,0.418886579,0.057736575,0.129061421,TE,B1G,1.452388587
Brett Norfleet,Missouri,-1.496811375,1.654632683,-0.227025948,-1.087086896,0.076326421,-0.194812331,0.127183063,-0.126148377,0.073364455,0.136112255,-0.030215367,TE,SEC,1.452198704
Sutton Smith,Memphis,0.137308189,-1.790980504,2.639910933,-0.009930354,-0.234092064,-0.487843533,-0.124695641,-0.190241815,0.189627028,0.304936707,0.056971985,RB,AAC,1.452142742
Antonio Harris,Purdue,-0.69904598,-3.157393244,0.645127751,-0.079351238,-0.401060724,-0.125226201,-0.077933384,-0.512779339,0.379566509,-0.211847531,0.085589179,RB,B1G,1.45086291
Carlos Hernandez,Wake Forest,-0.67092609,3.058643409,0.403324197,-2.145356991,0.175103806,-0.31250469,0.187939737,-0.017063367,0.077891043,0.880821079,0.037953545,WR,ACC,1.450859881
Lucas Laroche,Toledo,-1.775094403,-4.385967973,-1.357887538,-2.66205722,-0.101254027,0.155484298,-1.258089046,0.163459356,-0.300839371,1.053981947,-0.313772696,RB,MAC,1.450614034
Cian McKelvey,USC,-2.243951569,-2.681296758,-0.859322261,-0.734606039,-0.808625487,1.219171775,0.103228733,-0.070067453,-0.117241862,-0.199779575,-0.06295308,RB,B1G,1.449777859
Jake Davids,Charlotte,1.347750312,-3.856416285,0.731924875,-0.063272236,-0.022122158,-1.876303003,0.281524785,-1.670023915,1.639977778,-0.14522895,0.513685591,RB,AAC,1.448859581
Ronnel Johnson,Missouri State,0.587851618,0.378517712,3.341207445,-0.369866682,3.407883979,5.197958633,5.833262772,-3.280180537,1.289626424,-1.82530585,0.493992135,WR,CUSA,1.448020139
Maalik Murphy,Oregon State,12.038796,0.545681673,-5.732769542,0.133099526,0.19122064,-0.046668621,-1.206709669,0.05157233,-0.15322581,1.142049317,0.334234195,QB,PAC,1.447102814
Chris Denson,Clemson,0.303915413,-1.072447939,1.003032633,3.566462439,-1.277845747,0.479751788,4.906112555,-0.218165347,0.160311154,-2.936572253,-2.008784269,QB,ACC,1.446982944
Kendrick Law,Kentucky,-1.468746651,0.876954826,-0.202404143,-1.487368179,0.215804761,-0.380966669,-0.017136709,-0.196140813,0.161619686,0.31335108,0.099349396,WR,SEC,1.446864871
Clayton Dees,Florida International,-0.87062189,-2.66420504,-2.203459967,-0.400483784,0.443812634,-1.116991428,0.309531416,1.328040069,-1.249245931,0.529547882,-2.595947655,QB,CUSA,1.446803859
Michael Allen,Marshall,0.161682206,-3.071793569,1.796372538,0.316438373,-0.70867131,0.08430019,0.185972193,-0.389496853,0.317324072,0.137577355,-0.01189537,RB,SBC,1.446150667
Brett Brown,Missouri,-2.097458271,-5.093120413,-1.050931934,-3.031150168,-1.510972151,2.504104886,0.736180824,-0.002630788,-0.039773685,1.985082359,-0.013506868,QB,SEC,1.446061165
Austyn Dendy,Bowling Green,2.743975763,-2.559315993,4.153364764,0.91889763,0.957712541,-3.649217593,-0.921877996,-1.182928847,1.43826602,1.455074368,0.540423065,RB,MAC,1.445278573
Jacob Petersen,Toledo,-1.828800337,1.196618352,-0.250337286,-1.533668708,-0.001558298,0.221408449,0.07886967,0.183426988,-0.140507271,1.326177484,-0.112166713,TE,MAC,1.445134861
Matthew Sluka,James Madison,3.564867782,-2.267510023,0.19659409,1.82227264,-0.563132551,-1.319286702,2.846510438,1.216894517,-0.800081212,-0.690359576,-0.496324847,QB,SBC,1.444506079
Jaylen Lloyd,Oklahoma State,-1.871355729,-0.846206397,-1.028237551,0.122796425,-0.468328856,0.679717684,-1.01058801,0.376384487,-0.541623549,0.004943434,-0.344788073,WR,B12,1.444468622
DJ Taylor,Middle Tennessee,0.075694427,-2.275737817,2.270152893,0.155896384,3.566983787,3.389882882,1.138297868,-0.977883957,-0.467468476,0.866467421,0.041948811,RB,CUSA,1.443499575
Hunter Najm,Bowling Green,4.337671738,-3.580622173,-2.955477616,1.117462475,0.91452807,-2.235506368,3.033063839,-0.644693894,0.885763732,0.263351501,0.594369381,QB,MAC,1.44338197
Galamama Mulbah,Merrimack,-0.15628457,-2.032851724,2.179234956,0.286399699,2.429713547,2.126537481,0.075159322,-0.50878083,-0.396843392,0.8014911,0.236159734,RB,INDAA,1.442737013
Zach Hernandez,SMU,-2.039869465,-4.450539055,-1.152725932,-2.790034733,-0.27784216,0.499495426,-0.927916337,0.12299351,-0.355432151,0.303198473,-0.382047159,RB,ACC,1.442499236
Joshua Thompson,UTEP,-2.24221855,-0.137805062,-1.118339096,1.496087355,-0.513239095,0.803531291,-0.550882304,0.365250648,-0.384497687,1.15193292,-0.291939626,WR,CUSA,1.442103658
Jordan Mcdonald,Boston College,-0.073862599,-2.718466143,1.730075111,0.613874481,-0.810481065,0.264405771,-0.008602681,-0.170814311,0.134764875,-0.040811254,0.026156562,RB,ACC,1.441959873
Hayden Reed,Army,-0.207727902,-3.093251017,1.287096917,0.107373761,-0.797124705,0.382018718,0.097685843,-0.206904865,0.167489536,0.272129763,0.010914388,RB,AAC,1.441710002
Marcus Sanders Jr.,Georgia Southern,-1.226865309,3.948242501,0.20142407,-0.13339352,-0.013382126,0.056455567,-0.18097136,0.190725032,-0.158648831,0.805104063,-0.065123994,WR,SBC,1.441691803
Star Thomas,Tennessee,2.376406824,-1.240586571,5.192459407,0.460172705,-0.131063358,-1.55718024,-0.582344057,-0.180344676,0.265010748,-0.395575875,0.15596639,RB,SEC,1.441646293
Cameren Smith,Charlotte,0.068660411,-3.088982928,1.17086819,-0.276964024,4.345402502,1.859304174,0.230565206,-1.39270071,-0.049422907,0.499426938,0.270698653,RB,AAC,1.44126472
Octavian Smith Jr.,Maryland,-0.97998378,1.768013374,0.117250026,-1.113105154,0.158482456,-0.408968362,0.024872601,-0.357550859,0.253023524,-0.114363895,0.044479923,WR,B1G,1.44061671
Herschel Turner,Nevada,0.645854736,-3.493842307,2.381318996,0.489922239,4.187964305,1.851640344,0.360800409,-1.459884888,-0.063336181,-0.231351348,0.223208365,RB,MWC,1.440297166
Dj Jordan,USC,-2.383986199,-1.920182919,-1.220837535,-0.45310234,-0.471832483,0.830133606,-0.545142883,0.237311207,-0.333632058,0.507819662,-0.112039503,WR,B1G,1.439695334
Jaquari Lewis,App State,1.923140676,-2.348893998,4.271892133,-0.312137793,0.327368097,-2.231668759,-0.480533208,-0.705284903,0.794866788,0.297329694,0.248289453,RB,SBC,1.439016507
Cameron Pettaway,Bowling Green,0.241542465,-0.369300054,2.755946677,-0.73490246,0.37232391,-1.29506802,-0.028921396,-0.589007841,0.661147883,1.023568571,0.352206325,RB,MAC,1.438639897
Dylan Gentry,Jacksonville State,-2.063875796,-1.413412743,-1.094292653,-0.513889887,-0.414128159,0.853276653,-0.389901687,0.29526552,-0.173775856,2.957780685,-0.150729768,WR,CUSA,1.437904574
Evan Bullock,Louisiana Tech,5.141967198,-2.512153005,-3.675208264,0.219223344,0.18781249,-2.72870585,0.703896192,-0.725419303,1.02383688,0.985932708,-0.36681936,QB,CUSA,1.437604682
Donovan Brown,San Diego State,-1.082293408,1.290784686,0.173771058,-2.672081644,0.494409411,-0.581293692,-0.097736986,-0.024596537,0.064407944,1.447293942,-0.096229632,WR,MWC,1.437450919
Jared Brown,South Carolina,-0.824114526,3.020020462,0.232305051,-0.702907734,-0.031919356,-0.095024529,-0.350632725,0.114007787,-0.142230946,-0.201369449,0.095794692,WR,SEC,1.437000139
Damashja Harris,Wyoming,-0.971484919,-3.613409054,0.578780505,-0.808059101,-0.838180423,0.821309573,0.457845947,-0.316033798,0.20284603,0.540863618,-0.072380819,RB,MWC,1.436756159
Dominic Richardson,Tulsa,2.107138173,-2.332340193,3.978181831,0.523943015,2.655835008,-0.349363046,-0.541971101,-0.805845484,0.152478958,0.570555277,0.227532371,RB,AAC,1.436701495
Tramell Jones Jr.,Florida,2.61076224,-3.016881563,-2.255258923,0.223606021,0.640126622,-2.837460732,0.941688881,-0.408254507,0.656141253,0.959403949,-1.419917755,QB,SEC,1.436592755
Zach Gibson,Florida Atlantic,5.97319197,-2.11199789,-2.607757782,0.791649201,2.745337946,-0.426792448,1.022293408,-0.481385553,-0.070862532,1.042828417,-0.708078462,QB,AAC,1.436552872
Darrick Bledsoe III,Sam Houston,-2.096493296,-1.18129512,-0.887442022,-1.003596887,-0.218446133,0.577597665,-0.499645179,0.277303346,-0.220795753,2.138903588,-0.125941107,WR,CUSA,1.436405265
Bradyn Anderson,Army,-1.479491416,5.763938173,-0.738686899,0.259366377,1.655092644,-2.160971707,-3.614547259,1.04015193,-0.992013306,0.723998575,-0.075215754,WR,AAC,1.435524051
Chase Jenkins,Rice,9.132257355,-3.960206623,-0.24506067,1.955030181,5.945841309,-0.059508229,0.75942657,-1.674284536,0.235241673,0.792389643,-0.483881216,QB,AAC,1.435205908
Eric Richardson,Wyoming,-2.32413105,-1.527366225,-1.120370345,-2.438671184,0.885287085,-0.934893831,-1.88869887,0.37417724,-0.452076241,1.323892136,-0.247666569,WR,MWC,1.433459479
Kevorian Barnes,TCU,1.285312816,-3.94685378,3.057136435,0.407366057,-0.407405515,-0.907437135,-0.39817822,-0.423415813,0.456727709,0.501856481,0.053944371,RB,B12,1.432450876
Daune Morris,Tennessee,-1.171247035,-3.115527904,0.431331227,-0.461365784,-0.527106136,0.352552251,-0.03274747,-0.267369515,0.195574029,0.498859958,0.057907353,RB,SEC,1.432103041
Cole Tabb,Stanford,0.130253739,-3.40269661,2.212573586,0.217602885,-0.05061998,-1.077776105,-0.280856792,-0.708051336,0.668675052,0.057766869,0.290247464,RB,ACC,1.431907368
Bryan Jackson,USC,-0.938462363,-2.605578069,1.116154597,-0.031180889,-0.440569179,0.143429369,-0.187621876,-0.167625749,0.10446545,0.235132753,0.060015141,RB,B1G,1.431288209
Ryan Montgomery,Georgia,-1.330935623,0.644818364,-2.380819208,3.453508558,0.451112588,-1.281605917,1.95971077,1.897250763,-1.756543888,-1.384348043,-3.588475303,QB,SEC,1.431288106
Jakorion Caffey,Cincinnati,-2.237895365,-3.450421738,-1.229365848,-1.790016221,-0.428286678,0.745584629,-0.695138086,0.183928978,-0.37415579,0.201585954,-0.274586131,RB,B12,1.431173414
Danny O'Neil,Wisconsin,8.469829694,-2.690223513,-2.988360316,1.383744066,-0.078667227,-3.406769625,1.113303797,-0.945823681,1.394667366,0.583655248,0.241438275,QB,B1G,1.428778192
Bauer Sharp,LSU,-1.174914494,0.493114195,-0.075550361,-1.887426489,3.425418297,1.596281211,0.313215049,-0.675427471,-0.334651899,0.932697239,0.107619886,TE,SEC,1.427679697
Hayden Eligon Ii,Northwestern,-1.155166733,2.775303205,-0.098830608,-0.583870816,0.167075759,-0.356797144,-0.145487498,-0.138118961,0.126149407,0.282515248,0.123664251,WR,B1G,1.427089871
JacQai Long,Marshall,-0.114656899,-4.005696824,-1.083469418,-0.57923995,2.830139964,1.354241784,0.785931931,-0.424844029,-0.427429456,1.320983672,-0.858229121,QB,SBC,1.426320543
Austin Hartman,Sacred Heart,-1.325810102,-3.236875343,-1.159397378,-1.208532156,-0.419670973,0.290197492,-0.230540149,-0.243392084,0.140121405,0.452159571,-0.094764555,RB,INDAA,1.42621458
Coy Eakin,Texas Tech,-0.419305936,4.662548739,0.580507137,-2.535965926,0.159211217,-0.43775143,0.537008933,-0.205477024,0.143808404,-0.537410839,-0.007729712,WR,B12,1.426181401
Jaron-Keawe Sagapolutele,California,18.97298787,0.431714758,-7.282716751,0.616127209,-0.245961381,-2.000030814,-1.915202766,-2.60587343,2.446591159,-0.763029863,1.942041433,QB,ACC,1.42543991
Bryson Donelson,Fresno State,1.183701213,-2.512834423,3.78121816,0.142314129,0.253482083,-1.859430775,-0.152056737,-0.876118427,0.866456368,-0.214211599,0.37479727,RB,MWC,1.424703871
Jackson Ford,San Diego State,-2.249176835,-0.706941982,-0.811068427,-0.660403967,-0.287207042,0.669562383,-0.338796012,0.265033515,-0.239549377,1.65292728,-0.103316527,TE,MWC,1.424239402
Chase Gillespie,Vanderbilt,-1.866653551,-2.93661434,-0.781892203,-0.792221643,-0.469606202,0.524831852,-0.229246329,-0.165601554,-0.00343737,-0.109639815,-0.064296372,RB,SEC,1.423998528
Shaleak Knotts,Maryland,-1.144348933,2.297090743,-0.157791771,-1.113813471,0.187383543,-0.450976642,-0.029946011,-0.287796758,0.223019524,-0.120016606,0.136313723,WR,B1G,1.423406309
Kyron Ware-Hudson,Penn State,-0.92723786,2.575772646,-0.14264325,-0.861527077,-0.022857092,-0.136247775,-0.127322004,-0.072541453,0.021555588,-0.187002935,0.074723311,WR,B1G,1.423389572
Jovanni Bermudez,Temple,-0.164766788,2.378662942,-0.075668007,-2.480743006,2.18351436,-0.361548505,-0.161795672,-0.581923504,0.079700918,-0.041062284,-0.007343961,WR,AAC,1.42252996
Reese Poffenbarger,North Texas,0.493226888,-3.333865517,-1.356558598,0.109053038,1.437885676,0.444869289,2.026677642,0.128141587,-0.477437706,1.022665131,-1.861173914,QB,AAC,1.421888437
Davion Chandler,Indiana,-3.933577868,12.96756011,1.341568827,11.28770726,1.871829781,-2.044765102,-2.038794691,0.336242452,0.042784203,2.655547988,0.887786304,WR,B1G,1.421826176
Jeremiah McClellan,Oregon,-1.38178179,2.799691845,-0.062562132,-0.490330054,0.038272794,-0.072893495,-0.114627542,0.021220739,-0.049355277,0.170654311,0.023857012,WR,B1G,1.421516396
Victor Rosa,UConn,-0.302971377,-1.622990099,2.262770977,-0.018374699,-0.256907551,-0.282177066,-0.003149721,-0.227556364,0.190193922,0.131095496,0.087494393,RB,Ind,1.421184295
Seydou Traore,Mississippi State,-1.03650297,2.707842725,0.017749972,-1.530414241,0.124701724,-0.333270793,0.14183262,-0.201612055,0.128854634,-0.313158611,0.058522328,TE,SEC,1.421143488
Tylik Hill,Syracuse,-1.56164727,-2.823064842,0.240322176,-0.46920043,-0.577660097,0.590222948,0.105701457,-0.26451039,0.144357441,0.477476803,-0.066822852,RB,ACC,1.421137333
Xavier Ford,Minnesota,-1.988128356,-2.676264676,-0.603381384,-0.4798246,-0.890987938,1.241283968,0.229089749,-0.100421517,-0.028020942,0.222062528,-0.008323419,RB,B1G,1.420893632
Ethan Crawford,Arkansas State,0.687596824,-3.144420979,0.063995318,-0.00515957,-0.248700643,-0.89770676,0.037710601,-0.835729921,0.861884246,0.370966408,0.295663303,QB,SBC,1.420472394
Drake Lindsey,Minnesota,9.070560075,0.064726221,-4.68300786,1.542200655,-0.919397632,-1.675064744,-0.122856837,-0.217037203,0.57723858,0.987186416,-0.489405332,QB,B1G,1.419448137
Jobi Malary,James Madison,0.231032007,-1.853392155,2.7715287,1.354156094,-1.517370189,1.438907307,0.565693509,0.250255537,-0.318458905,-0.594468528,-0.126288585,RB,SBC,1.41936435
Justin Thurman,Kansas,-1.934030757,-3.275773518,-0.299458524,-0.88386021,-1.092468188,1.652034107,0.679304382,-0.149877681,0.012053814,0.657911559,-0.125382838,RB,B12,1.41928665
Christopher Vizzina,Clemson,2.725593632,-3.273244576,-2.038008228,0.72906512,2.494715989,-0.924802223,1.796206333,-0.937983896,0.410509633,-0.102837515,-0.883167087,QB,ACC,1.419086273
Rayshon Luke,Fresno State,0.006987172,-1.141149396,2.354734015,-0.380258703,-0.171865142,-0.468864754,-0.044020322,-0.293823069,0.233689696,-0.238560276,0.151873436,RB,MWC,1.418281471
Zach Marker,Delaware,0.231716932,-3.030339899,-0.827488566,0.580422571,-1.046753034,0.340205411,3.007615491,-0.818356994,0.931244353,0.063198084,-0.472042095,QB,CUSA,1.418211991
Ayden Pereira,Merrimack,13.77855958,-2.930814364,0.681339443,2.266255888,-0.755090456,-4.154124205,-0.356070125,-1.16134266,1.711245874,-0.274559271,0.760019733,QB,INDAA,1.41751891
Jalen Kitna,UAB,13.17609386,-0.29775662,-5.893667272,0.768841754,-1.08338625,-2.684380774,0.043908672,-1.208729701,1.646411389,0.653540601,0.895994457,QB,AAC,1.417373037
Bryce Goulet,Merrimack,-2.093639933,-4.304739498,-1.583010878,-2.715242999,-0.695960551,1.127753275,-0.3884181,0.172354978,-0.313714639,0.35826062,-0.118148395,WR,INDAA,1.417162022
Kenny Tracy,Miami (OH),0.094905049,-1.103544148,1.90168612,-0.270725835,-0.079232897,-0.703609018,0.100648988,-0.509940809,0.506220322,0.44761734,0.13954672,RB,MAC,1.417135802
Coleman Bennett,Kennesaw State,1.139484296,-2.423923657,2.970378553,1.622307486,-1.051667764,0.076931159,0.48649513,-0.551274258,0.579451106,-0.242414964,0.303739389,RB,CUSA,1.416160725
Linkon Cure,Kansas State,-1.120394414,-4.05226641,-3.176198628,-1.950658313,2.185801221,-4.5322066,7.478559912,10.84738083,-8.714555381,-2.848114511,18.85205071,TE,B12,1.415475933
Brady Davidson,Northern Illinois,2.174070551,-3.846179333,-3.027955076,0.70225637,3.245398248,-0.24692986,1.706773084,-0.847125992,0.203621898,0.682834396,0.236914807,QB,MAC,1.415120263
Austin Novosad,Oregon,-1.002108354,-1.471018785,-2.436388272,0.963275296,0.30888998,-1.122507433,1.667677587,1.421850747,-1.378526683,-1.817183585,-2.995226302,QB,B1G,1.414459326
George Pettaway,James Madison,-0.642740997,-0.541101957,0.190855638,-0.568253254,-0.467012673,0.262919546,-0.483362503,0.190780431,-0.163760479,0.76656307,-0.052527341,RB,SBC,1.414359682
Chris Johnson Jr.,SMU,-0.233712746,-0.819690077,2.38663554,0.054224866,-0.386947267,-0.084818699,0.488218521,-0.414250951,0.28111651,-0.953437403,0.182833619,RB,ACC,1.414356448
Marquis Johnson,Missouri,-1.356057628,3.351928925,0.136185165,-0.317667435,0.154521429,-0.199253275,-0.209517338,0.041615734,-0.038253899,0.461783694,0.055710133,WR,SEC,1.414275801
Lloyd Avant,Colorado State,0.404414066,-1.755717102,2.587136661,-0.627660119,0.163140833,-1.288932628,-0.135421755,-0.571015456,0.591548002,0.054853128,0.304619607,RB,MWC,1.414121985
Deante Ruffin,Kent State,1.109443907,-3.535692248,-2.084204566,0.015099269,0.691631072,-2.640368281,2.332867146,0.636360165,-0.502107587,-2.012899805,-2.854503749,QB,MAC,1.414120117
Damien Taylor,Ole Miss,0.573701936,-3.073450595,2.533384108,0.4490318,-0.926659319,0.252571629,-0.207427056,-0.002735201,-0.043014382,-0.497702581,0.016615319,RB,SEC,1.41393299
Khalil Wilkins,West Virginia,4.135411748,-3.385139147,0.247501117,1.418257529,5.881717652,1.298030483,1.907914141,-0.752033297,-0.795297995,-0.537453396,0.255010788,QB,B12,1.413562716
Raiden Vines-Bright,Washington,-1.590887514,3.044523442,-0.131794257,0.273861251,0.119302417,-0.072536611,-0.721392439,0.246698397,-0.312485374,0.322371412,-0.151191172,WR,B1G,1.413193649
Christian Washington,San Diego State,0.501683592,-2.681578662,2.656410851,0.033462747,-0.280653894,-0.631504268,-0.373327185,-0.209203076,0.200882268,0.06849786,0.085971412,RB,MWC,1.413132713
Locklan Hewlett,South Florida,-0.028205223,-3.262103204,-2.829266118,-0.564018079,0.711746048,-2.035736487,1.245228543,1.650081382,-1.386322931,-0.534855089,-0.443207573,QB,AAC,1.412061252
Landon Ellis,James Madison,0.397994055,6.09603205,0.730388204,-1.452188177,2.196021382,1.027963175,0.264799741,-0.399062135,-0.336681984,-0.46076642,0.063616321,WR,SBC,1.411607196
Davi Belfort,UCF,0.467924937,-1.270465782,-0.603879622,2.366599474,0.20988313,0.10022175,4.125278384,2.815151826,-2.461774254,-0.859602655,0.801419274,QB,B12,1.410997629
Quincy Craig,Arizona,0.540322647,-1.89201058,2.814429336,0.116926493,2.692558522,1.287288474,0.462165617,-0.924155527,-0.069955437,-0.416997532,0.211560811,RB,B12,1.409929953
Cash Jones,Georgia,-1.318091132,-1.128701372,0.089800867,0.821302321,-1.112460095,1.351484513,0.56250715,-0.1313482,-0.009440285,-0.137350729,-0.125673866,RB,SEC,1.408972771
Parker Awad,New Mexico State,1.940824671,-3.668992367,-0.897819405,-0.397721268,-1.290940448,0.376395703,2.431903141,-1.007478862,1.080818823,-0.298266883,0.69231587,QB,CUSA,1.408704604
Carson Hansen,Iowa State,2.82013824,-2.332768563,5.612612007,0.446061765,-0.201734005,-1.617322223,-0.8362877,-0.030076515,0.16225379,-0.162488552,0.142908029,RB,B12,1.408322377
Jeremiah Jones-Thomas,South Alabama,-2.440302605,-0.632021948,-0.940762487,0.319644678,-0.415866417,0.888936804,-0.527606179,0.368764803,-0.321326617,2.06676721,-0.171729829,WR,SBC,1.408255967
Zavion Thomas,LSU,-0.735888654,1.519641041,0.052344832,-1.650419358,1.059788161,0.022736207,0.107360162,-0.435547381,0.084773117,-0.531978161,0.134638605,WR,SEC,1.406312981
Grady O'Neill,Sam Houston,-1.154682272,0.236117446,-1.093206525,-2.707893398,1.151014134,-1.753466324,-1.604297672,0.188949411,-0.174691072,1.473470804,-0.315542332,WR,CUSA,1.405757136
Drew Pyne,Bowling Green,5.709012298,-2.583454147,-3.353493185,0.92489932,0.25961514,-3.11852398,1.224257433,-0.708860604,1.114288336,0.998419466,0.008176806,QB,MAC,1.405672964
Ajay Allen,Tulsa,0.215058586,-2.027422929,2.836631897,0.604784966,-0.728509238,0.224834782,0.071290784,0.001508353,0.023428024,0.292519999,0.048385694,RB,AAC,1.405465282
Devonte Lyons,Florida International,0.256697676,-2.471674228,1.447262178,0.106037248,2.502648935,1.024443169,0.295111021,-1.075685398,0.177035154,0.133694338,0.226816333,RB,CUSA,1.405330979
Deuce Knight,Auburn,4.882395255,-2.28137386,1.021871195,3.008256445,0.513469622,-0.286495763,4.996420704,-0.939726901,0.789659737,-0.91915122,-1.906764381,QB,SEC,1.405222703
Brandon Tullis,Michigan State,-0.721970106,-3.27693505,0.955407223,-0.024939397,-0.432567364,-0.076139384,-0.207642289,-0.343979444,0.226057859,-0.266618441,0.061096108,RB,B1G,1.405025667
Maurki James,Old Dominion,0.237057097,-2.732545072,1.699752989,0.028731051,2.577328967,1.536046976,0.157444096,-0.831067886,-0.107414844,0.366594446,0.193124971,RB,SBC,1.404465604
Jordan Ross,Colorado State,-1.99126505,-0.542346753,-1.726415474,-1.725842191,1.555569247,-2.201436716,-3.415215315,0.508285117,-0.748997832,-0.540177789,-0.342956266,WR,MWC,1.404360043
Jabari Bates,San José State,-0.274345914,-1.929577666,2.262182144,0.759785916,-0.377588263,-0.173375635,0.056703943,-0.297038299,0.268943827,0.524881718,0.032962433,RB,MWC,1.404338234
Edd Guerrier,Rutgers,-1.095695136,-3.293575989,-0.481671276,-0.779950951,-0.513054222,0.218014563,0.082852851,-0.516260465,0.387776111,0.008284603,0.066861817,RB,B1G,1.403108873
Hunter Smith,Temple,0.025689133,-3.083327757,2.247827878,0.442349115,-0.813810299,0.355880002,0.122086876,-0.165484692,0.058223373,-0.264385567,-0.059222134,RB,AAC,1.402722495
Justin Erb,Wyoming,-2.369858338,-0.747667511,-0.950495418,0.111119496,-0.441693584,0.901035462,-0.451141436,0.380306425,-0.336592605,2.100399092,-0.230460582,TE,MWC,1.401995409
Noah Gillon,App State,0.410069336,-4.169452862,-2.865347944,-0.358704487,0.657702485,-2.252587688,1.336573706,0.123763496,0.109203419,-0.048049618,0.230719346,QB,SBC,1.401292824
Jariel Cobb,Charlotte,-0.316811695,-2.708143532,0.850359808,-0.306352414,2.213391807,0.548375811,-0.040419284,-1.028699022,0.246933696,0.280095246,0.20650381,RB,AAC,1.40106076
Anthony Frias II,UCLA,-1.098160627,-2.132117621,0.770540509,-0.308953995,-0.246436308,-0.114691466,0.333813219,-0.599639917,0.460775111,-0.314967328,0.173900249,RB,B1G,1.400619984
Max Brown,West Virginia,1.896039197,-2.907045776,-1.710406035,0.739616443,0.147606653,-1.919919103,1.954444743,0.121617553,0.143832191,-0.24367438,0.65819781,QB,B12,1.399734263
Whit Muschamp,Vanderbilt,-0.739710907,0.366878091,-1.486156025,3.199087953,0.364587653,-1.694792793,2.846740394,0.51092013,-0.744444031,-4.923787549,-2.96440649,QB,SEC,1.399625573
Fame Ijeboi,Minnesota,0.074266734,-3.060898328,1.896838913,0.675087346,-0.629712406,-0.194513276,0.253987899,-0.617877962,0.499131413,-0.817707839,0.187769248,RB,B1G,1.39862468
Walker Eget,San José State,11.66004276,0.516928069,-4.496651213,-0.148599465,-1.93107428,-0.644570067,-0.754565901,-0.510959074,0.741525814,-0.099589036,0.704629524,QB,MWC,1.398555097
Ja'Cory Thomas,Old Dominion,-0.376998152,3.587962324,0.563589443,-2.993355956,1.173919498,-0.292392503,0.67523118,-0.4193621,0.224088306,0.346276127,0.071222922,WR,SBC,1.398117491
Jaylin Lucas,Florida State,-0.949641555,-0.631653822,1.382422218,-0.065747209,-0.464984546,0.323132046,0.75966956,-0.383040841,0.358130899,0.247153978,0.2123728,RB,ACC,1.397671037
Grayson Loftis,Charlotte,1.483405434,-3.704145942,-1.583340777,-0.815249341,0.484716706,-2.393624909,-0.085763834,-1.710557333,1.745168054,0.478246637,0.660584135,QB,AAC,1.397074428
Roger Saleapaga,Oregon,-2.4480705,-0.146109438,-0.959954084,-0.021180437,0.310037087,-0.226002937,-1.471977739,0.367803562,-0.488708237,0.341598354,-0.18927175,TE,B1G,1.396487259
Kenny Minchey,Notre Dame,-0.18441364,-1.553580949,-2.299810054,0.788944464,-0.038496505,-0.742598017,1.279111076,1.174857756,-1.030327477,-0.197477218,-2.425310304,QB,Ind,1.395578802
Jimmy Casey,Sacred Heart,-2.275730618,-0.095897737,-0.834409675,0.109709275,-0.229415372,0.550705552,-0.494750682,0.302041415,-0.285743793,1.392003578,-0.108791029,TE,INDAA,1.395273492
Richie Hoskins,Vanderbilt,-1.749351002,2.477341749,-0.142495081,0.097911494,0.037955567,0.025635479,-0.169786755,0.103597659,-0.080274961,0.973404944,-0.041144849,WR,SEC,1.394148837
Brady Hart,Texas A&M,-0.504563882,-2.600828038,-1.33315393,0.35234297,-0.592622323,0.196579773,2.399439438,0.208458784,-0.174478618,-0.115377618,-1.713041935,QB,SEC,1.394120927
Weston Bryan,Georgia Southern,0.310727082,-1.959394714,-0.541634069,1.328724096,-0.614493928,-0.016024052,1.805311943,1.632685586,-1.455444923,-0.687346548,-2.735548149,QB,SBC,1.393191567
Terron Kellman,Wyoming,0.074647472,-1.684970857,2.325257999,0.672394769,-0.486392939,-0.156415516,-0.134633375,-0.188277776,0.177423823,-0.061025266,0.16410266,RB,MWC,1.392542445
Matthew Henry,Western Kentucky,1.179755702,7.148630908,0.69957376,-3.333388218,0.181817244,-0.795696365,-0.091759729,-0.092573095,0.01045099,-1.174360513,-0.031014221,WR,CUSA,1.391968707
Eric Willis III,UTEP,-0.379992637,0.214640995,0.117305069,-1.45584272,5.278720246,2.703755574,0.661648449,-1.226781291,-0.424969292,0.474115144,0.209069637,WR,CUSA,1.391907741
Kaden Shields-Dutton,Florida Atlantic,0.516749205,-2.951007906,2.47811575,0.797041202,-0.934983145,0.274175847,0.000278413,-0.032547557,0.031140224,-0.113828349,0.003461732,RB,AAC,1.391009082
Brady Jones,Western Michigan,1.666020308,-3.89861011,-2.459910554,0.162197854,5.115378631,0.368263055,1.536887201,-0.390998275,-0.72948588,-0.173326356,0.799197097,QB,MAC,1.391005191
Tye Edwards,West Virginia,-0.071874087,-2.684164411,1.280491958,0.553323498,-0.81930581,0.278578404,0.253186396,-0.350996254,0.339659086,0.37542732,0.065685572,RB,B12,1.390338014
Hahsaun Wilson,UTEP,0.507688377,-3.459576088,2.507244092,0.66759697,-0.589374049,-0.300961296,0.16203212,-0.511073678,0.439938834,-0.129677342,0.088614056,RB,CUSA,1.390313194
Seth Knothe,Boise State,-1.734407643,-3.28731656,-0.470793707,-0.943243445,-0.747786885,0.982527052,-0.010013958,-0.080496954,-0.029449356,0.639264774,-0.097295262,RB,MWC,1.389718461
Nick Vattiato,Middle Tennessee,14.98530217,-1.063449636,-4.202298954,0.965153296,-1.362051733,-2.801256549,-0.440774473,-1.190617737,1.735184045,1.40792698,0.78470158,QB,CUSA,1.389653346
Devin Kargman,Kent State,3.478227899,-2.493524502,-3.380429204,0.167601145,0.850220028,-3.443915729,0.680966195,-0.277764535,0.665555582,0.959398506,-0.378471427,QB,MAC,1.389350492
Jordan Simmons,Georgia State,0.952350136,-3.122492796,2.746903918,0.275145036,-0.821904718,0.01911708,-0.224592891,-0.108872911,0.02637894,-0.473645928,-0.0629093,RB,SBC,1.389188284
Adrian Murdaugh,Sam Houston,-1.780569452,-3.143066866,-0.408323554,-0.813088221,-0.775943925,1.059749215,-0.001687163,-0.049492033,-0.058648627,0.880756312,-0.155484113,RB,CUSA,1.388949774
Dallas Wilson,Florida,-1.104445284,0.914784706,-0.330666707,-1.069125167,1.092265739,-0.137949116,-0.098608381,-0.354837172,0.172834439,0.655813893,0.291560363,WR,SEC,1.388476263
Iverson Hooks,UAB,-0.438785884,3.817848823,0.126395788,-1.001286828,0.12170043,-0.530648334,0.126208271,-0.218950278,0.180285932,-0.244591755,0.009805965,WR,AAC,1.387992807
Dylan Wade,UCF,-1.319970978,2.832987197,0.240989529,-1.45964204,0.15858979,-0.163526362,0.22817422,0.036470784,0.013063068,1.137362629,-0.078353023,TE,B12,1.387475217
TJ Engleman,East Carolina,0.088399365,-1.87536862,1.760916285,0.21307544,1.59215879,1.506278873,0.08680025,-0.44335317,-0.287982254,0.16493063,0.054223839,RB,AAC,1.387175175
Kameran Shanks,Arkansas,-0.826120631,1.528499618,0.446476412,-1.499394692,-0.238321478,0.132775967,0.59180875,-0.408991005,0.262132416,-0.657357544,0.060195665,WR,SEC,1.387013805
Al-Jay Henderson,Buffalo,2.245150606,-3.517966134,3.922266853,0.752367293,-0.373358323,-1.277024695,-1.009256934,-0.141856742,0.209104907,0.153130155,0.003491573,RB,MAC,1.386843191
Jack James,Troy,-2.166781303,-4.54344994,-2.334987126,-3.420439255,-0.311693639,0.640015991,-1.558026919,0.685845709,-0.740050562,1.03542809,-0.194631216,QB,SBC,1.38591963
Myles Butler,Middle Tennessee,-0.72052025,3.596952085,0.373335718,-1.470014125,0.083242691,-0.230075125,0.1499622,-0.014534306,0.040277732,0.64048825,-0.048188419,WR,CUSA,1.385350306
Kenneth Williams,Nebraska,-1.981259751,-2.613178673,-0.726707076,-0.66683137,-0.58531481,0.79020709,-0.089556632,-0.143971516,-0.067741914,-0.425016228,-0.091453037,RB,B1G,1.385018022
Eric Nelson,Florida International,-2.436954505,0.101725089,-0.54207816,-0.486747576,-0.139080322,0.67330201,-0.518940064,0.448527077,-0.324094625,2.627314142,-0.051306716,WR,CUSA,1.383959381
AJ Green,Arkansas,-0.827708992,-3.287235575,0.683099488,-0.647204842,-0.600235758,0.340793949,-0.264324318,-0.151129303,-0.03287427,-0.668780632,-0.058549787,RB,SEC,1.381970169
Isaiah Jacobs,UAB,0.082446389,-2.330224845,1.691142743,-0.050321416,-0.050130196,-0.967480423,-0.097397399,-0.637078454,0.625851717,0.235911663,0.192735997,RB,AAC,1.381903157
Nick Tyree,Delaware,-2.249643963,-3.129936673,-0.643227774,-1.747951083,-0.457339281,0.92867574,-0.30518261,0.107021421,-0.180404141,1.540098226,-0.184676964,WR,CUSA,1.380409665
Dilin Jones,Wisconsin,0.244546908,-3.506581243,1.352778603,0.389870964,-0.28016387,-0.910426344,0.181070029,-1.026522018,0.92582773,-0.575312503,0.335751885,RB,B1G,1.380399817
Ryver Peppers,Iowa State,-2.243691823,-2.800315037,-1.446690837,-0.983972079,-0.626800351,0.961862151,-0.420356847,0.238163783,-0.395033967,-0.06631688,-0.200274516,RB,B12,1.380380291
Dallan Hayden,Colorado,-0.279371373,-2.974270261,1.573018761,0.008944872,0.124735368,-1.202275953,0.00665756,-0.996902917,0.894540316,-0.224532894,0.345027675,RB,B12,1.379440775
Micah Welch,Colorado,-0.067662938,-3.040890702,2.415778841,0.137995987,0.099433528,-1.196821371,-0.169081518,-0.689645959,0.645396343,-0.018779871,0.27358515,RB,B12,1.378961449
George MacIntyre,Tennessee,-0.82985102,-1.097841054,-2.277791091,1.224941991,0.03283701,-0.646440193,1.34755238,1.272785193,-1.142040174,-0.062022632,-2.59907757,QB,SEC,1.378379946
Jaylen Bonelli,Arkansas State,-1.981346026,-0.185710246,-0.922893735,-2.618516393,1.049753035,-1.309395561,-1.721782657,0.292779523,-0.429717542,0.506602077,-0.35438003,WR,SBC,1.378345535
Quaid Carr,Washington,-1.887922025,-2.595421965,-0.6770474,-0.780911599,-0.438507282,0.62561028,-0.287012812,-0.030915894,-0.061657299,0.68017954,-0.049984935,RB,B1G,1.378310199
Dewayne Coleman,Army,2.524139336,-2.914270322,-0.70153981,0.873786169,0.175900627,-2.177421796,1.482678478,0.366301247,-0.078809286,-0.283889022,-0.458687371,QB,AAC,1.378278357
Trevon Tate,UTEP,-1.702287192,0.373668932,-0.493672682,-2.236257551,1.704128293,-0.613153161,-1.525584288,0.246406697,-0.448278436,1.860337198,-0.220410872,WR,CUSA,1.377624158
Julian Dugger,Washington State,1.474409723,-2.402164825,-0.139156739,1.317494751,1.434828393,-0.053691878,1.922833668,0.300888682,-0.629497309,-0.520449284,-0.543380802,QB,PAC,1.377485772
Jaylen Henderson,West Virginia,0.729528685,-2.635924533,0.248717636,0.015318372,-0.665066085,-0.233204727,0.357359605,-0.758356711,0.716662257,-0.368605369,0.302188393,QB,B12,1.376596825
Cam Wallace,Penn State,-1.414840628,-3.132266914,-0.349261847,-0.697527215,-0.563970536,0.474342216,-0.065411725,-0.325423322,0.188544529,0.083032171,0.044390887,RB,B1G,1.376293405
Luke Moga,Oregon,-0.159516346,-0.546960632,0.029942571,3.713274617,-1.84692492,1.731255247,5.872297988,0.136767676,0.030062987,-1.094002218,-2.179126117,QB,B1G,1.376265708
Jalen John,Coastal Carolina,-0.010328825,-3.019126729,1.367689024,0.050095478,-0.640840571,0.017255991,-0.208697171,-0.263600866,0.187706799,-0.107598573,0.010684272,RB,SBC,1.376018914
Xavier Terrell,Florida Atlantic,-0.052062074,-1.882994647,2.290504584,1.020931977,-1.111970595,0.801449069,1.574242962,-0.665360501,0.711167326,1.093139158,0.130718068,RB,AAC,1.375255472
Brock Thomas,Oregon,-0.107688231,-1.496797211,-1.808538191,1.42064492,-0.407474982,-0.245127212,2.143108377,0.953547657,-0.811795731,-0.230309383,-2.391799741,QB,B1G,1.374258605
Caullin Lacy,Louisville,0.032052969,3.685804636,0.304205348,-2.445851706,0.36281395,-1.067575347,0.45306546,-0.671869536,0.567407992,-1.11900785,0.230378083,WR,ACC,1.374134888
Jamarice Wilder,Louisville,-1.479623197,-3.368144968,-0.473718552,-1.025380574,-0.537481271,0.469294729,-0.125204016,-0.289343917,0.14829711,0.268061245,-0.063455827,RB,ACC,1.373984664
Donavon Greene,Virginia Tech,-0.709147698,3.870207897,0.168822648,-0.727715035,-0.013720913,-0.071008649,-0.186168279,0.087471325,-0.060362446,0.409162118,0.081958531,WR,ACC,1.373869095
Dylan Wittke,Minnesota,-1.294351921,-3.2601755,-2.464234651,-0.899788602,0.226534232,-0.773824889,2.90099079,4.492180351,-3.609969439,1.378551106,5.051211521,QB,B1G,1.373849878
Reginald Virgil,Texas Tech,-0.769944809,4.261266128,0.514731185,-1.94228987,0.250457377,-0.412131497,0.237067548,-0.042360386,0.07164127,0.465874668,0.021943237,WR,B12,1.373012947
Nick Elksnis,UNLV,-2.028402385,2.008626939,-0.306344202,0.787549337,2.193246877,1.826088672,-0.891506463,9.688435138,10.90248298,-1.214900454,-0.322999645,TE,MWC,1.372044525
Luke Reynolds,Penn State,-0.911695757,1.423051178,2.123353817,2.459167247,-2.51693667,3.187457053,5.244643963,-1.708549975,1.688299352,-0.54611166,0.825443367,TE,B1G,1.371964327
Tyler Brown,Clemson,-1.114430579,-0.122479719,0.654289688,-0.488372048,-0.822102634,0.988927146,1.386709894,-0.524290108,0.444450312,0.083259183,0.115004964,WR,ACC,1.370603559
Dashawn Martin,Kent State,-0.584521603,3.050683701,0.271090514,-0.545117541,3.764305198,2.171817181,0.164692343,-0.411240372,-0.632966205,1.563402874,0.035251721,WR,MAC,1.370314082
Marquise Davis,Missouri,0.38726189,-1.914709288,1.822984195,1.380341129,-0.895881438,0.084976596,0.402246443,-0.519296907,0.43507844,-1.046502271,0.188506293,RB,SEC,1.37029197
Keelan Marion,Miami,-0.616700306,2.802082268,0.203210233,-1.441305032,0.008765677,-0.193411773,-0.190523865,-0.017065304,-0.012390196,-0.141850502,0.113251813,WR,ACC,1.36980196
Grant Hollier,Georgia State,-1.431285038,2.633000515,0.039078165,-1.067555801,0.08493078,-0.023252059,0.025004449,0.119662066,-0.066826914,1.210427982,-0.063214195,TE,SBC,1.369376857
Xayvion Turner-Bradshaw,Marshall,-2.32024935,0.051312982,-0.614455504,-0.422016755,0.839705509,-0.971265718,-1.994616273,0.291922948,-0.483450522,0.248782999,-0.298544453,WR,SBC,1.369077978
Dylan Carson,Air Force,0.959927312,-3.278303068,3.350086993,0.818817068,-0.788266698,-0.121252084,-0.181476339,-0.082506242,0.043961571,-0.369519408,-0.017522047,RB,MWC,1.368503707
TJ Lateef,Nebraska,6.453607832,-2.905886467,-1.805502073,1.377518401,2.198601237,-1.34773039,1.478471732,-0.949751539,0.661565023,0.353324697,-0.822989706,QB,B1G,1.368190654
Sire Gaines,Boise State,2.455125767,-1.550579049,4.834483414,1.346702257,3.53877302,1.977710779,-0.172226182,-0.486740996,-0.748292135,-0.70709732,0.143025272,RB,MWC,1.368145545
Clay Nanke,Wyoming,-2.863265883,2.499519457,-0.700990916,4.052860488,-0.132935236,0.352285836,-0.738275159,0.343304429,-0.339600234,1.089614604,-0.178400588,WR,MWC,1.36782839
Alred Luke,Missouri State,-0.619643864,2.994421013,0.374028561,-1.55076276,2.355054371,1.098979521,0.295645272,-0.320779842,-0.343884314,0.637750746,-0.01977113,WR,CUSA,1.367579706
Jack Snyder,Sacred Heart,14.68972234,-0.978460024,0.003898064,1.885280456,-0.389689777,-1.137622383,0.670008269,-0.695654263,0.689384378,-1.002126976,-0.311097091,QB,INDAA,1.367544071
Jason Palmieri,Sacred Heart,0.122393705,3.439815979,-0.099650623,-1.015329307,3.117333028,1.076352529,0.311562295,-0.920502118,-0.110553635,-1.156336194,0.248662465,WR,INDAA,1.367377996
Chris McMillian,Bowling Green,0.118119984,-4.013977456,2.086972844,-0.034131423,-0.13795533,-0.91950855,-0.187776254,-0.647414594,0.643445118,0.716561692,0.156857264,RB,MAC,1.367318003
Grant Jordan,Massachusetts,4.848937459,-3.907333492,-0.971971623,1.395570202,0.148764568,-2.885974891,1.591285526,-0.762324647,1.109240151,0.642701054,-0.316358078,QB,MAC,1.367107109
CJ Montes,Kent State,2.14051782,-3.662082863,-2.271435005,0.122540711,0.506498079,-2.575054892,1.753902396,-0.055900206,0.438144806,1.149363375,-0.406478009,QB,MAC,1.366776211
Quinton Jackson,Rice,0.107350032,-1.983349775,3.029463571,0.062765294,0.045072563,-0.938721958,-0.194835628,-0.415892719,0.430534537,0.278615786,0.309502927,RB,AAC,1.366624481
Nicholas Laboy,Delaware,-1.914858097,0.912995075,-0.321431709,-0.629959397,-0.084194928,0.34775557,-0.355858742,0.24774175,-0.17596666,1.891224982,-0.075731819,WR,CUSA,1.366622074
Sam Huard,USC,-0.933589013,0.216685199,-2.526780041,3.039798099,0.65363127,-1.748935872,2.197416558,2.510819732,-2.178914159,-0.944587361,-1.807891372,QB,B1G,1.366420447
Gaston Moore,South Florida,-0.164820993,-2.55183752,-2.67113718,-0.074782316,0.146808763,-1.063557849,1.306994968,1.190339507,-1.060025268,-1.115757881,-0.720906421,QB,AAC,1.365653821
Harvey Broussard,Houston,-1.323914517,2.99034345,-0.073668094,-0.080726912,-0.126215982,0.214884097,-0.346600455,0.213479716,-0.213381626,0.660519655,-0.075330553,WR,B12,1.36533963
Tyler Fortenberry,Arkansas State,-1.249203662,1.660435127,-0.220849955,-1.116514015,-0.097750334,0.07357724,0.021057003,0.013329529,-0.024432609,0.640030621,-0.096533015,TE,SBC,1.365130903
Carsen Ryan,BYU,-1.462470302,3.209513575,0.052800515,0.027511789,-0.049401663,0.130461584,-0.194028692,0.207456644,-0.190217433,0.771083297,-0.099436197,TE,B12,1.364358763
Caden High,Stanford,-1.218048524,1.259871405,-0.527867093,-2.091329429,0.494250882,-0.736861084,-0.753268202,0.105008396,-0.121482247,0.925942512,-0.177355559,WR,ACC,1.363846118
Aveon Smith,Merrimack,2.396310004,-2.30410733,1.465668172,0.713012876,-0.643014812,-0.88684907,0.330791574,-0.970775579,0.990908565,-0.416046627,0.377456609,QB,INDAA,1.363515382
Jackson Mccarter,James Madison,-2.071113702,-3.294494032,-0.712227255,-1.224813906,-0.729133067,1.092239683,0.003959932,-0.080918061,-0.108696488,0.129852579,-0.144888367,RB,SBC,1.363354517
Brady Allen,Louisville,-0.398524411,-1.652171596,-2.641706262,1.01820681,0.423138378,-1.504133533,2.324509814,2.582865048,-2.100890819,-0.177744999,0.752410205,QB,ACC,1.363097341
Miles Kitselman,Tennessee,-1.16724345,2.180358863,-0.226061267,-0.445864187,-0.140973196,0.086144199,-0.240728233,0.123529638,-0.172608306,-0.149544898,-0.038929344,TE,SEC,1.36269872
Romelo Ware,Northern Illinois,-2.175442171,-1.760091668,-1.287991908,0.024725291,-0.516440646,0.785447259,-0.457749281,0.20882435,-0.267414437,0.850879762,-0.174401474,RB,MAC,1.362689497
Michael Hawkins Jr.,Oklahoma,5.459713384,-2.51325425,-0.871891195,1.512803028,2.521663304,-0.817201261,2.083990405,-1.003597028,0.512756584,0.581770369,-0.897371878,QB,SEC,1.362432819
Malik Benson,Oregon,-0.939798726,3.510544318,0.324339356,-1.736366787,0.26863205,-0.524944976,0.10340107,-0.230389561,0.153337482,-0.547741879,0.134765917,WR,B1G,1.362011916
CJ Brown,Arkansas,-1.705903716,0.606954356,-0.450075102,-0.994657558,0.274904524,-0.53329411,-0.08501418,-0.332478765,0.244351516,-0.106213451,0.099456181,WR,SEC,1.361676652
Julian Allen,Toledo,-2.26584252,-1.319111554,-1.060297565,-0.223893378,-0.389010903,0.724238124,-0.523676648,0.241450652,-0.268900233,1.176284171,-0.10638814,WR,MAC,1.361622725
D'Shawntae Jones,Miami (OH),-0.462083953,-2.886591112,1.43749532,0.069853501,-0.883652277,0.66744616,-0.364590545,0.256668604,-0.349896476,-0.59741255,-0.081919188,RB,MAC,1.361364283
Lucian Anderson III,Bowling Green,1.004710911,-2.632029433,0.68140892,0.6179985,-0.662812199,-0.36664816,0.7806557,-0.972452451,0.955573285,-0.26800657,0.383540962,QB,MAC,1.361256017
DJ Miller,Kentucky,-2.150440692,-0.050844937,-0.462090095,-1.578085477,0.426428564,-0.534620811,-0.148747773,-0.305067193,0.228039399,0.146480869,0.220057798,WR,SEC,1.360618623
Connor Moberly,Iowa State,-0.919398906,-3.017820271,-0.606471806,-0.050592261,-0.819204387,0.72914972,1.981214511,0.828238748,-0.591502834,1.225367504,1.034486817,QB,B12,1.359800747
Antavious Murphy,Georgia Southern,-2.192496519,-2.846726635,-1.256458131,-1.619385702,-0.462387367,0.872650725,-0.482778355,0.231062293,-0.256367936,1.432306917,-0.097137214,WR,SBC,1.359398021
Trey Eberhart III,Sacred Heart,0.315676698,-3.117655488,2.194687762,0.281069395,-0.700260034,0.050953697,-0.194077142,-0.127623087,0.029624462,-0.447818369,-0.037056389,RB,INDAA,1.358742247
Skyler Jackson,Oregon State,-2.240990871,-3.324657333,-1.227372097,-1.677404611,-0.531832121,0.883556144,-0.574883913,0.159512407,-0.35721333,-0.100394176,-0.182087778,RB,PAC,1.35788921
Isaiah Augustave,South Carolina,-0.779559787,-2.158337726,1.032537798,-0.254800192,-0.133127095,-0.355651005,-0.669228149,-0.093874898,0.036378857,-0.04669776,0.111130575,RB,SEC,1.35696945
Kaelon Black,Indiana,1.214877561,-2.04308656,3.894467631,0.492024626,-0.25377361,-1.01527622,-0.482752108,-0.17673223,0.189850999,-0.498021725,0.129026989,RB,B1G,1.356928126
Shaun Boykins,Louisville,-0.124688273,-2.780726491,1.332295236,0.370097979,-0.252561551,-0.637059601,0.030493961,-0.725962327,0.649798712,-0.135006746,0.225857789,WR,ACC,1.356867943
Oscar Delp,Georgia,-1.656291264,2.168084263,-0.149512133,-0.477562567,-0.083537177,0.251049623,-0.254543239,0.239797787,-0.245694098,0.593311056,-0.045036741,TE,SEC,1.355357877
Mason Drube,Wyoming,2.187758086,-3.570468977,-1.700819989,0.119627574,0.699895143,-2.850973506,1.132317512,-0.26706896,0.524877429,0.930084962,-0.670054848,QB,MWC,1.355296349
Myles Kitt-Denton,San Diego State,-2.358434288,-1.72479621,-1.191622737,-0.481267285,-0.460429134,0.797181305,-0.450153281,0.202009979,-0.301923367,0.428831902,-0.114838513,WR,MWC,1.355265368
Julian Lewis,Colorado,4.518509978,-3.476829507,-3.195454511,0.626812648,0.945526669,-4.105531294,1.082457529,-1.501353324,1.766893273,0.334436895,-0.650854325,QB,B12,1.355228377
Kameron Thomas,Arkansas State,-1.342617921,-2.918987017,-0.078284742,-0.261981984,-0.167284446,1.634801918,0.466984325,-0.269755638,0.00149407,1.211771265,-0.100126137,RB,SBC,1.355029695
Torrance Burgess Jr.,Texas State,-0.238874454,-2.549331125,1.350730544,0.385344737,-0.778335905,0.331193061,0.038054751,-0.2774249,0.184778278,-0.163442234,0.017307254,RB,SBC,1.354336282
Leo Pulalasi,Washington State,-0.90605465,-2.146294239,1.269688229,-0.118459763,-0.365071262,0.057211922,0.147832971,-0.341874776,0.271470379,0.398112605,0.042549962,RB,PAC,1.354238229
Davis Lane,Virginia,-2.080953861,-3.031810753,-0.822487805,-1.132219385,-0.614882802,0.900448469,-0.289706508,0.002619775,-0.199657271,-0.191195442,-0.114436074,RB,ACC,1.354233879
Sebastian Brown,Kent State,-0.865474947,-1.293810271,-2.549841434,-1.028347819,2.19918919,-4.251104053,7.586528786,11.30338039,-8.837830984,0.773371307,18.57810476,WR,MAC,1.353789627
Nate Rogers,UAB,-0.803978799,-4.298401705,-0.307871161,-0.94016633,2.027515322,2.874764053,1.30145412,-0.088597433,-0.818701852,0.958411939,-0.905627949,QB,AAC,1.353748769
Joshon Barbie,Marshall,-0.63186335,-2.484078784,1.834256779,0.118988171,-0.291656433,-0.154469518,-0.438186382,0.025866749,-0.040235149,0.581242986,-0.075785177,RB,SBC,1.353415118
Chase Belcher,Kennesaw State,1.70229312,0.263288645,4.36793416,0.005805196,-0.259383016,-0.844248069,-0.316811453,-0.023822592,0.09084748,-0.352236156,0.213478678,RB,CUSA,1.353155182
Jayden Limar,Oregon,-0.780005938,-0.667273282,1.653995128,0.200456696,0.066203114,-0.506634936,-0.300694664,-0.194196033,0.178912625,0.347999052,0.173427204,RB,B1G,1.352803152
Grant Stec,Wisconsin,-2.323473068,-0.34720403,-0.849718591,0.134373564,-0.380351977,0.950033363,-0.62204354,0.534801719,-0.40765394,2.595928877,-0.081721591,TE,B1G,1.35253819
Rickie Collins,Syracuse,4.031455948,-2.619618502,-2.482387879,1.410769627,-0.028530571,-2.26683355,2.308062358,-0.072673687,0.398084533,-0.531461701,0.120423263,QB,ACC,1.351605722
Broc Lane,Utah State,-1.878215301,1.189304341,-0.386107088,-0.132892753,-0.111752487,0.292894765,-0.240534411,0.18740327,-0.155014066,1.318981963,-0.089650223,TE,MWC,1.351424307
DaMarion Fowlkes,Missouri,-2.021042331,-2.419431076,-0.786072424,-0.276871972,-0.154765043,1.813391647,0.451921739,-0.272472529,-0.100634406,0.031116613,-0.020292373,WR,SEC,1.35011414
Braxton Woodson,Navy,3.240070557,-3.246203204,1.252629325,1.552087878,1.073695046,-0.503837943,2.173579751,0.068320676,-0.260347992,-0.251325329,-0.734091771,QB,AAC,1.349362799
Tucker McDonald,UConn,-1.385361653,-1.999948553,-2.117659191,0.345944251,-0.044694232,-0.283998462,1.277168083,1.342726032,-1.239349204,0.189915386,-2.596932338,QB,Ind,1.349105213
Kenyon Clay,Arkansas State,0.107352885,-2.219473284,2.628246347,-0.564193012,0.309946168,-1.481157487,0.08513744,-0.793713476,0.778134933,0.280348619,0.245308341,RB,SBC,1.348796448
Jordan Napier,San Diego State,-0.375328085,2.312986428,0.102342812,-2.24943975,0.219854001,-0.666792146,0.271432352,-0.42780708,0.404207694,0.041970066,0.163746917,WR,MWC,1.348144318
Tommy Lock,Missouri,-2.193925038,-3.165056877,-1.527077621,-1.571992559,-0.58759965,0.934839692,-0.426697962,0.169278911,-0.315794769,-0.009240812,-0.098312593,QB,SEC,1.347878647
Corey Rucker,Arkansas State,0.469106524,7.25867779,1.117298141,-1.707664666,0.278222197,-0.749156348,0.187606201,-0.035844227,0.038785369,-0.57027785,-0.017944564,WR,SBC,1.347350756
Xavier Townsend,Iowa State,-0.895317973,0.729055378,0.804978751,-0.023913658,-0.621584437,0.628885715,1.006352072,-0.424205461,0.381392628,0.134098186,0.168730753,WR,B12,1.34664748
Tony Freeman,Washington State,-0.491508464,2.565891679,0.16699801,-1.029885503,3.099827431,0.741715779,0.321660396,-0.955189833,0.012062073,-0.381016919,0.174302726,WR,PAC,1.346440598
Rico Flores,UCLA,-1.540471232,1.444429882,-0.207596626,-0.565225884,0.248612382,-0.395555285,-0.192009107,-0.17232195,0.179447913,0.778400798,0.134991883,WR,B1G,1.346335889
Jade Card,Florida Atlantic,-2.201502714,-2.672545518,-1.293057605,-1.20410863,-0.530960227,0.900143302,-0.453717273,0.193829069,-0.267723077,0.869910698,-0.094353324,WR,AAC,1.345576579
AJ Surace,Rutgers,-0.583647028,-1.249718912,-2.392594907,0.662291499,0.440323149,-1.581215651,0.339260423,0.349824092,-0.512391998,-3.01888231,-1.472660738,QB,B1G,1.345086523
Keagan Johnson,New Mexico,-0.542067009,2.72582168,-0.03744614,-1.225419631,0.126051042,-0.491317415,0.047931407,-0.263542262,0.24105852,0.003157402,0.111316284,WR,MWC,1.344971031
Blane Cleaver,Bowling Green,-2.650967243,-1.709593717,-1.655915906,-1.757123004,1.062659955,-1.202199842,-3.125768113,0.71175447,-1.081944443,-1.558141018,-0.425399448,TE,MAC,1.344134435
Kyri Shoels,San José State,0.694040791,3.883859666,0.348025637,-3.125731508,0.07833192,-0.676091454,0.458638485,-0.472870731,0.43993787,-0.370063542,0.114217795,WR,MWC,1.343324365
Tae Meadows,Troy,-0.153204783,-3.153653465,2.374640968,1.226217173,-0.832426886,0.225967926,0.754748597,-0.612321847,0.61743544,0.719780806,0.128976543,RB,SBC,1.34301709
Iverson Howard,Maryland,-1.7349576,-3.468187385,-0.095331404,-0.668322134,-0.227152636,-0.036643877,-0.154376368,-0.500519615,0.346303874,0.00310809,0.098822412,RB,B1G,1.34299174
Jaden Barnes,App State,-0.053241288,3.571434859,0.509532328,-3.584825131,0.518664163,-1.127344027,1.045019492,-0.555651648,0.608075896,0.487025876,0.056635708,WR,SBC,1.342177757
Charlie Mirer,Stanford,-0.191231043,-2.156779158,-0.200867405,2.170810015,-1.685003391,1.173466132,5.690651625,-0.742426134,0.704673623,-3.228731559,-1.282949723,QB,ACC,1.342050311
Ty Hawkins,SMU,-0.734509542,-0.729723274,-1.29991945,2.445325089,-0.363021247,-0.226392055,3.078541383,1.191865456,-1.080039081,-1.074678556,-3.042767797,QB,ACC,1.341496746
Sawyer Robertson,Baylor,15.6103937,1.066919903,-4.35013706,0.296022165,-3.109609028,0.267537389,-0.701043546,-0.189775355,0.54614021,-0.342235041,0.703169646,QB,B12,1.341295833
Marcel Williams,Akron,-0.45101292,3.391025057,0.269340034,-2.037153274,0.165312647,-0.463314385,0.138425343,-0.219626448,0.179380678,-0.217635489,0.110981654,WR,MAC,1.341237272
Brandon Rose,Massachusetts,2.937186386,-2.958519365,-2.569411177,0.571418386,0.622369514,-2.971762192,1.219192465,-0.547553491,0.754117166,-0.056225265,-0.054646747,QB,MAC,1.341014399
Matt Adcock,Memphis,-2.302561025,0.60047897,-0.699475236,0.173997953,-0.244609065,0.516425963,-0.14405619,0.208984769,-0.221445756,0.994553013,-0.1483373,TE,AAC,1.340697551
Justus Ross-Simmons,Syracuse,-1.17065367,4.045502992,0.279029479,-0.396321887,0.202332585,-0.242660435,-0.108137706,0.109168416,-0.033881319,0.952122797,0.079887732,WR,ACC,1.340449518
Reed Harris,Boston College,-0.803916747,4.380510663,0.304393125,-0.901925567,0.223041162,-0.452851892,-0.06175205,-0.108272697,0.093902697,-0.090360691,0.157556268,WR,ACC,1.340012033
CJ Tiller,Utah State,-0.74082339,-0.324476361,-0.374032613,2.72399273,-1.320715492,1.064524786,2.34394973,-1.289639744,1.3050041,0.02573094,0.603346202,QB,MWC,1.339315772
Omarion Miller,Colorado,-0.696319861,4.68687576,0.427699703,-0.941394095,0.495681643,-0.921277682,0.11115685,-0.320513529,0.343251592,0.016609956,0.282502239,WR,B12,1.338850699
Leshon Williams,Kansas,0.571174899,-3.567502399,2.346503846,0.266664134,-0.393626122,-0.644472515,-0.365825067,-0.381184819,0.323445099,-0.118706458,0.032125432,RB,B12,1.338057106
Karle Lacey Jr.,Texas,-1.176632861,-1.93792945,-2.536923237,0.604846497,0.05513782,-0.535460783,1.622725788,1.568860794,-1.409591091,-0.075924989,-2.887528658,QB,SEC,1.337660549
Alex Perry,Florida International,-1.011844973,3.326969917,0.162776983,-1.423076264,0.114493706,-0.278957498,0.254935973,-0.095793796,0.071323767,0.189566561,-0.053927725,WR,CUSA,1.337346284
Devin Miles,Western Michigan,-0.098519635,-3.295412079,2.145319081,-0.032953743,0.688252666,-0.276497395,-0.240873859,-0.528361503,0.302434665,0.376076375,0.227047893,RB,MAC,1.336860625
Zion Booker,Tulsa,0.110462473,0.714722859,0.734927774,-1.381543937,2.793115825,1.555394906,2.567720216,-1.841859974,0.954504961,-0.414632073,0.615507979,WR,AAC,1.336411436
Maddox Lassiter,Arkansas,-2.330190203,-2.760140868,-1.228965626,-1.2237252,-0.567687256,0.94497967,-0.369798367,0.131660485,-0.288441125,-0.050953968,-0.06929228,TE,SEC,1.335991524
John Gazzaniga,Alabama,-2.300907462,-3.16031708,-1.313541068,-1.569510973,-0.475895449,0.822000592,-0.710912428,0.240153687,-0.423378206,-0.026974423,-0.200046361,QB,SEC,1.335990224
Jovesa Damuni,BYU,-0.459115006,-1.305139725,0.996070845,0.712151802,1.340266914,2.028377396,0.775598376,-0.697543843,-0.053107043,-0.008073575,0.209495033,RB,B12,1.335304667
Malik Sherrod,Boise State,1.166730294,-3.477035521,2.739588486,0.523896391,-0.493803917,-0.725259463,-0.373602187,-0.423821603,0.400793192,-0.226834032,0.131818899,RB,MWC,1.334464906
Stanley Anderson-Lofton,Middle Tennessee,-0.461690851,-2.969164415,-1.900023663,0.433688792,-0.096072033,-0.971730433,3.377815334,0.829709778,-0.884794201,-4.249771909,-2.712606134,QB,CUSA,1.334287354
Gabe Fields,Vanderbilt,-2.01725476,-4.23969835,-1.280244035,-2.475118395,-0.199736881,0.259007695,-0.909259358,-0.016453464,-0.224974323,-0.321197236,-0.166792435,RB,SEC,1.334142775
Elijah Gilliam,Fresno State,0.501561227,-2.929934973,2.307906817,0.593380711,-0.786233705,0.053279096,-0.27931736,-0.044605413,0.027024353,-0.253558807,0.021921024,RB,MWC,1.334136724
Kolin Wilson,Mississippi State,-2.032104858,-1.884542145,-0.293258315,-0.209905327,0.474137193,0.910201984,-0.234185989,-0.22034383,-0.179646348,-0.153225524,-0.058359241,RB,SEC,1.334078345
Lake McRee,USC,-1.480990302,2.283132026,-0.071667701,-0.62497082,-0.005496379,0.028035641,-0.193667745,0.080901828,-0.122404669,0.140284291,0.005879514,TE,B1G,1.333139691
Cole Gonzales,Pittsburgh,0.396106799,-2.012503892,-2.429275853,0.259275818,0.285247361,-1.42891652,0.874043415,0.889307294,-0.726623345,-0.45934323,-0.576496544,QB,ACC,1.332922076
Will Pauling,Notre Dame,-0.555847066,3.297552112,0.116071748,-1.614349385,0.009951463,-0.272867232,0.24180235,-0.16022007,0.117752822,-0.216258236,0.002104879,WR,Ind,1.332802166
Garrett Oakley,Kansas State,-0.910498082,3.402640804,0.013486974,-0.725191647,0.022685957,-0.242539645,0.165938567,-0.104107496,0.081859322,0.111953246,-0.041065606,TE,B12,1.332626565
Robert McDaniel,San José State,-1.051696452,-3.292480776,-2.301904091,-1.032935246,0.226072723,-0.805303497,0.292847108,1.460425605,-1.187394124,1.002577112,0.935475402,QB,MWC,1.332203933
Demarius Robinson,Arizona State,-0.604998571,-1.094355084,0.516293646,-0.700272588,5.690530151,1.985817956,0.0239679,-1.531688696,-0.216177454,-0.254124692,0.460233727,RB,B12,1.332002034
Carson Morgan,Rice,-1.986715548,-2.997428767,-0.776045141,-0.937667475,-0.687408383,0.9456016,-0.04861843,-0.10405876,-0.060058019,0.077625449,-0.074754561,RB,AAC,1.331960102
Jaquez Moore,Duke,-0.199363663,-3.225361726,1.63770023,0.165818268,-0.530191488,-0.105541685,-0.209521288,-0.280415857,0.170110797,-0.394749958,0.011792211,RB,ACC,1.331913109
Dahya Patel,Ball State,-2.699031852,3.975702335,-0.329159647,4.307939046,0.04684496,0.13411296,-0.729209804,0.34618598,-0.256397007,1.815470816,-0.133501422,WR,MAC,1.331618593
Jordan Lyle,Miami,-0.514117737,-2.748944384,1.509919161,-0.008867318,-0.243527063,-0.36054687,-0.142129478,-0.439760334,0.331429796,-0.274124137,0.160939955,RB,ACC,1.331281332
Samaj Jones,Cincinnati,2.55788434,-2.241846265,-0.614570598,1.798807129,0.867838314,-1.705786162,2.31492694,0.056097634,0.031815436,0.254500896,-2.231735854,QB,B12,1.331144241
Phillip Wright III,LSU,-2.286626545,-2.792770808,-1.396488398,-1.333598029,-0.491097759,0.799504262,-0.488549788,0.145567683,-0.306434434,-0.216677055,-0.062114893,WR,SEC,1.331076127
Cade Yacamelli,Wisconsin,-0.760770829,-1.824613333,1.180581916,0.339026335,-0.376790097,-0.039627567,0.0752503,-0.423991941,0.351353231,-0.122430569,0.225560034,RB,B1G,1.330774397
Lincoln Kienholz,Ohio State,0.490972211,-1.187916553,-1.05428641,1.842556336,-0.439535091,-0.447149988,2.278314261,0.880473051,-0.752192632,-0.949645076,-2.354260329,QB,B1G,1.330024888
Horatio Fields,Auburn,-1.188367236,1.80190513,-0.431148655,-0.198171395,-0.04865268,-0.149953763,-0.207931724,-0.118227209,0.054840393,-0.070904747,0.019015059,WR,SEC,1.329993608
Deuce Bailey,Missouri State,7.51628427,-3.239409434,-0.508271228,1.550148662,2.154068624,-3.880079908,2.070725307,-1.98286922,2.101458626,1.853440773,-0.884565588,QB,CUSA,1.32756538
Cameron Seldon,Virginia Tech,-1.617322966,0.341153027,0.083783018,-0.748167661,-0.280693413,0.373090392,0.429784573,-0.172113664,0.070886888,-0.064324372,-0.010334306,WR,ACC,1.327444702
Brandon High,California,-0.231407217,-2.759925678,1.610226831,0.232621061,-0.922467773,0.576906806,-0.105930242,0.022657828,-0.140724591,-0.780358464,-0.029771271,RB,ACC,1.327384289
Demarcus Lacey,Marshall,0.327259506,3.473096827,1.677900349,-1.392740501,-0.397343419,0.103330871,1.011239953,-0.362993007,0.280817575,-0.76543445,0.051693379,WR,SBC,1.327310122
Jordan Washington,Washington,-1.258412683,-2.666532324,0.872596275,0.269576944,-0.870007288,0.909253761,0.525068101,-0.274093707,0.086568429,-0.440071738,-0.071039506,RB,B1G,1.326847785
Xavier Brown,Virginia,0.243491293,-1.338670342,2.447344522,0.21554115,-0.275801026,-0.539799093,0.082255063,-0.482075235,0.418141777,-0.543935757,0.260037078,RB,ACC,1.326763548
Sahmir Hagans,Duke,-0.89280019,2.226610593,-0.061068052,-2.019905003,0.062617424,-0.240589241,0.258635035,-0.17250348,0.14244274,0.14661079,0.026348952,WR,ACC,1.3260761
John Michalski,Sacred Heart,1.281777187,-3.098758943,-0.523291743,0.817994354,1.949341841,0.282600902,1.872263952,-0.007321152,-0.582259374,-1.142648773,-0.40310758,QB,INDAA,1.325672066
Chase Farrell,Northwestern,-1.136469158,-2.141343491,-0.529418937,0.564910259,2.742747913,4.809565283,2.219143043,-1.155042627,-0.13469429,1.334389159,0.547070355,WR,B1G,1.325608069
Kayden McGee,UNLV,-2.203187316,-0.165026144,-0.894142485,1.642305086,-0.555658999,0.781722321,-0.475476955,0.232107753,-0.268053152,1.084707063,-0.236622938,WR,MWC,1.325113176
Troy Stellato,Kentucky,-1.80867557,0.064118627,-0.704302838,-0.597209501,-0.179679425,0.232056679,-0.277365703,-0.005518551,-0.092138868,0.029059969,-0.024895212,WR,SEC,1.325032581
Ryan Davis,Utah,-0.471969675,4.006773961,0.207901855,-1.041030269,-0.019124754,-0.200075518,-0.070651926,-0.026125048,-0.041937849,-0.60533987,0.022652564,WR,B12,1.324408077
Zuberi Mobley,Tulane,0.0762,-1.98272324,2.083637025,0.502283139,-0.344481995,-0.401354522,-0.277849881,-0.229500915,0.187336608,-0.069789519,0.042643932,RB,AAC,1.324294181
Ken Seals,TCU,4.607862228,-1.981322445,-2.891741369,1.326022301,2.074482639,-1.213015293,1.349274984,-0.42773308,0.089059119,-0.191471804,-0.542948321,QB,B12,1.324235158
Thomas Blackshear,Georgia,-2.448659449,-0.861143835,-0.997778429,-0.02032041,-0.291039064,0.718206598,-0.65412555,0.331213557,-0.31790372,1.416599983,-0.003917771,WR,SEC,1.32376641
Jayden Ballard,Wisconsin,-2.032194498,-0.816175206,-1.237067974,0.642785647,-0.58765541,0.88119519,-0.531648179,0.32340636,-0.371683601,0.733435396,-0.196664244,WR,B1G,1.323410514
Zachary Card,Oregon State,-2.129816926,-1.458023238,-1.154453044,0.216729443,-0.545080543,0.81829845,-0.531803594,0.282302572,-0.347189822,0.737614841,-0.208776644,WR,PAC,1.323198897
Cincere Rhaney,San Diego State,-1.770771191,-3.19381179,-0.598135018,-1.003084351,-0.621670666,0.721737072,-0.048894482,-0.230454563,0.053809914,-0.03652096,-0.049893393,RB,MWC,1.323137992
Elijah McCoy,UTEP,-1.893461085,-3.609574699,-0.504459693,-1.417967518,-0.38222971,0.472387401,-0.321389962,-0.175010307,0.049604872,0.7786246,-0.08275181,RB,CUSA,1.322111762
Alex Broome,Boston College,-0.992481258,-2.757211877,0.205672676,-0.264946723,-0.421135777,0.101960209,-0.435159541,-0.163615124,0.047214039,0.116725793,-0.099057964,RB,ACC,1.321904473
Rod Gainey Jr.,Charlotte,-0.552063208,-3.174527581,0.998726897,-0.117350934,2.912656347,0.625993299,0.08076837,-1.224104111,0.325154009,0.746647776,0.253115263,RB,AAC,1.321837019
Emmanuel Henderson Jr.,Kansas,-1.217995188,3.519515809,0.348143166,-0.796124989,0.179026636,-0.185506133,-0.110405664,0.131143109,-0.075107634,0.975266927,0.001114055,WR,B12,1.321755805
Jameson Geers,Minnesota,-1.329883936,1.572798861,-0.342113228,-0.514936897,1.281502405,0.525727783,0.094761888,-0.376772694,-0.090630898,-0.221000506,0.005854497,TE,B1G,1.321106122
Jadyn Davis,Michigan,-1.445219011,-3.308402615,-2.855457337,-1.33894188,1.686014561,-1.488962024,2.703170424,5.91326714,-5.037409355,-0.44911729,9.190269576,QB,B1G,1.320972054
Kyle Mcneal,Florida International,-1.006276224,-0.457645464,1.851121108,-0.261595142,-2.058987482,2.692012348,5.135894008,-1.719763783,1.717654926,0.289964394,0.666706827,WR,CUSA,1.320865998
Isaiah Mizell,Arizona,-2.081086455,-0.917791268,-0.969563109,-0.276898317,-0.296190825,0.606413604,-0.511985848,0.231048952,-0.181479231,2.062806718,-0.136295939,WR,B12,1.320809304
Bricen Brantley,Wyoming,-2.026164611,-2.62782941,-0.560042214,-1.345910826,-0.548259779,0.906813633,0.303367611,-0.161821364,0.098182783,1.136036208,-0.03177935,WR,MWC,1.319866817
AJ Wilson,UTSA,-0.857753926,3.146674357,1.027456957,-2.179299216,-0.005056831,0.070929638,0.933799445,-0.269786118,0.304996953,0.591899075,0.209684648,WR,AAC,1.319661277
Damari Alston,Auburn,-0.453346871,-1.820765653,1.472322726,0.451606216,-0.188624773,-0.484775671,-0.101637627,-0.478688298,0.387592499,-0.4464393,0.214649025,RB,SEC,1.319414722
Kedrick Reescano,Arizona,0.331497856,-3.291179088,3.22333355,0.491958989,-0.390228395,-0.484434042,-0.333787869,-0.142050857,0.128462278,-0.075563499,0.091688033,RB,B12,1.319130537
Gerard Bullock,Kennesaw State,-1.75070928,-0.290521777,-0.67968542,-1.054581762,0.561603338,0.860397988,-0.050657788,0.008980287,-0.234189253,1.089678324,-0.120928871,TE,CUSA,1.318670036
Tavierre Dunlap,Eastern Michigan,-0.453171538,-3.043030112,1.144221237,0.168361594,-0.616674957,0.126601579,-0.072305396,-0.29546657,0.219832496,-0.034184371,0.047583321,RB,MAC,1.317610186
AJ Maddox,Ole Miss,-0.505464645,-1.74987863,-2.042394954,1.92981859,-0.204727601,-0.452189909,4.273768515,2.016390674,-1.743384794,-0.608191473,-4.550086586,QB,SEC,1.316935318
Lamar Radcliffe,San José State,0.545352088,-2.721327114,1.907193583,0.93795277,2.94434806,2.242428384,0.237851538,-0.985351022,-0.283546513,-0.72115468,0.130210108,RB,MWC,1.31692443
Parker Kingston,BYU,-0.293189438,-0.597233697,-0.17360175,0.278644935,-0.95671443,0.878545548,-0.328767243,0.029018951,-0.177560105,-0.55275557,-0.134427406,WR,B12,1.316845684
Hauss Hejny,Oklahoma State,0.26912701,-1.438083176,0.095557787,1.206281247,-0.970128861,0.394780636,1.18406907,-0.887537491,0.921138606,0.609533357,0.264918148,QB,B12,1.316814822
Tomas O'Meara,Michigan,-1.097652326,-2.060753185,0.809684614,0.885789204,-1.162955357,1.247502942,1.08627041,-0.460041004,0.353104675,0.264223131,-0.008847113,RB,B1G,1.316798707
Aidan Leffler,Ball State,-1.910913203,-3.690124435,-1.668764537,-1.960874515,-0.480559916,0.637353197,-0.236103796,0.177709809,-0.321077686,-0.23409104,-0.315355432,QB,MAC,1.316747987
Robert Briggs,Southern Miss,-0.04197192,-1.880451122,2.060978601,0.519774077,-0.259643485,-0.540119725,0.383486202,-0.740252823,0.684382999,-0.009602905,0.251998929,RB,SBC,1.316643481
Cyncir Bowers,West Virginia,-0.817454831,-1.735630856,1.876026576,-1.194973218,3.950412289,-0.082050012,0.022361032,-1.451510083,0.507229496,0.781824522,0.612538014,RB,B12,1.316443784
DJ Butler,Houston,-1.055026885,-1.993290138,1.054317562,-0.216397336,-0.426900869,0.273176998,0.02718179,-0.158244246,0.138697837,0.920264165,-0.013915885,RB,B12,1.316376025
Rara Thomas,Troy,-0.786358413,4.288575171,0.580476118,-1.695380699,0.219306334,-0.377060892,0.237969485,-0.038080572,0.06523469,0.555003052,-0.010146578,WR,SBC,1.316135745
Trech Kekahuna,Wisconsin,-1.240584464,1.861730131,-0.120020553,-0.188402482,0.116458132,-0.307955322,-0.282728647,-0.075354456,0.063244604,0.223770784,0.140992862,WR,B1G,1.315825725
Semaj Morgan,Michigan,-1.263542266,0.004543853,0.466907336,-0.584888986,-0.32497567,0.148276654,1.202669062,-0.869212636,0.698888999,-1.026630915,0.341778409,WR,B1G,1.315565317
Jonathan Mathis,Kennesaw State,-2.314259178,-2.972811535,-1.20961827,-1.285381461,-0.59151982,0.977615313,-0.406910456,0.154281027,-0.343496343,-0.161219143,-0.172799149,RB,CUSA,1.314238021
R.J. Maryland,SMU,-1.160216813,3.778087337,0.255075383,-0.896585123,0.093943008,-0.161821643,0.053841794,0.038164062,-0.064609612,0.08156981,-0.021461496,TE,ACC,1.313371826
Paul Hartman,Coastal Carolina,-2.34846323,-3.192887961,-1.533838616,-1.59432827,-0.582266999,0.976431748,-0.757419126,0.355540563,-0.475216989,0.355762066,-0.12536534,TE,SBC,1.313317832
Jaylin Belford,Liberty,-2.058972578,-3.082988884,-1.190180517,-1.329879454,-0.44559993,0.64822359,-0.624288624,0.110666359,-0.26836615,0.151462283,-0.160124848,RB,CUSA,1.31308076
Rodney Bullard Jr.,Michigan State,-2.212395957,2.923870114,0.691698126,1.862340594,0.24037648,-0.318874592,0.252051703,-0.46500759,0.449427492,-0.224283271,0.609567445,WR,B1G,1.312972569
Brandon White,Hawai'i,-1.02955195,0.237166507,0.960579447,-1.927919413,-0.317503397,0.270051139,2.014132296,-0.895371958,0.876822073,0.648973332,0.202545193,WR,MWC,1.312878229
Thomas Gotkowski,Miami (OH),5.078645124,-2.975228479,-1.597656328,0.980239953,0.780196733,-2.155415539,1.690573663,-0.90802112,1.05187739,1.073387629,-0.65390428,QB,MAC,1.312684047
Kwinten Ives,Nebraska,-0.610776205,-1.577429842,0.916925224,1.11146892,-1.130231166,0.974403751,0.52506813,-0.162585968,0.09371917,-0.299535139,0.009384473,RB,B1G,1.312673056
Jalen Dupree,Colorado State,1.019877819,-2.335294399,2.729044941,0.4587017,-0.315323245,-0.95416219,0.130004455,-0.760513842,0.761566125,-0.328854502,0.393755728,RB,MWC,1.31245956
Zhaiel Smith,New Mexico,-2.250662736,-0.268349821,-1.090800048,-1.282649747,0.854659445,-1.00255187,-2.037016133,0.326225526,-0.470520115,0.072083062,-0.077275694,WR,MWC,1.312319564
PJ Martin,South Alabama,-0.500125947,-1.265018276,1.793754641,0.65202586,-0.453345507,0.100822493,0.26677952,-0.31629148,0.289394104,0.247930156,0.180465661,RB,SBC,1.311939059
Joseph Manjack,TCU,-0.84297374,3.154650903,0.144328721,-1.444377995,0.064087082,-0.184415499,0.064018876,-0.033564925,0.039836989,0.444683748,0.015891828,WR,B12,1.311915873
Brock Lium,Fresno State,-2.390913133,-1.912500602,-1.162157226,-0.691617254,-0.441984742,0.837998622,-0.525227876,0.240505744,-0.30565635,0.92938613,-0.116191952,TE,MWC,1.311758429
Tray Taylor,Troy,0.077277269,3.318124764,1.483108556,-0.366711328,1.880964893,1.350255873,1.15588224,-0.990464683,0.183763458,-0.915074892,0.341775027,WR,SBC,1.309765577
Jordan Clemons,Florida International,-1.880431067,-2.284065117,-0.372428025,0.024206848,-0.927616167,1.23782943,0.394887848,-0.193550908,0.106563258,0.824855673,-0.074486598,RB,CUSA,1.309455902
Seth Davis,Mississippi State,-1.105400817,-1.113608659,1.142534484,2.019483435,-1.588272,1.904728792,1.560678955,-0.320314927,0.318350866,0.770553518,0.06339831,RB,SEC,1.309063668
Teagan Brown,Sacred Heart,-1.72486109,0.446342673,-0.755482295,-0.076738301,-0.14080239,0.230105908,-0.277654783,0.024090765,0.012955075,1.528458061,-0.045760773,WR,INDAA,1.308279353
Nolan Good,Kent State,0.444845519,-4.277324504,-2.072799505,-1.250500761,1.600260781,-1.888817691,0.147032177,-0.183628911,0.041826063,0.709635335,-1.383956942,QB,MAC,1.30814898
Lotzeir Brooks,Alabama,-1.007292128,1.768737146,0.090364888,-1.81959509,0.230004424,-0.584457921,0.516771975,-0.638756668,0.554153588,-0.647899998,0.389157998,WR,SEC,1.307514165
Jay Harris,Oregon,-1.12275682,-1.496735035,0.671240653,-0.178315302,0.15714115,-0.706121573,-0.356100599,-0.535628064,0.450609463,-0.07285146,0.302719252,RB,B1G,1.305955568
Jeremiah Johnson,Florida State,-1.315339397,-2.976574674,-0.269698657,-0.408325656,-0.731588352,0.703318137,0.369865002,-0.44535912,0.319729328,0.314013241,0.007767782,RB,ACC,1.305167342
Solomon Beebe,UAB,0.309952434,-1.018794949,2.905795326,-0.170818546,-0.476229152,-0.115136429,0.330486223,-0.248454832,0.152127853,-1.009045134,0.16898927,RB,AAC,1.305167249
Peter Clarke,Temple,-1.663003638,3.040889216,-0.064944529,0.311939095,0.007039248,0.010781007,-0.14997134,0.137280734,-0.150970688,0.428573243,-0.089404575,TE,AAC,1.304960624
KJ Parker,Iowa,-1.382902893,-2.412473112,-1.338096389,-1.419003485,-0.16573902,0.047420166,-0.21876265,-0.185990282,0.198211738,1.184928279,0.063042935,WR,B1G,1.304510185
Kyson Brown,Arizona State,-0.519082876,-0.670407766,1.550561435,0.121776797,-0.224339395,-0.25095636,0.248233383,-0.481156606,0.405461822,-0.346314127,0.276948574,RB,B12,1.303884938
Logan Loya,Minnesota,-1.082171244,2.804559358,-0.214138353,-0.379081363,-0.172750991,0.103627294,-0.210480802,0.024579935,-0.100692822,-0.340325983,0.012444222,WR,B1G,1.303196901
Ryan Staub,Colorado,2.333052955,-3.207245969,-1.990500799,0.08839437,2.467904795,-0.699497359,1.368187638,-0.249722561,-0.251480803,-0.751717541,0.415759691,QB,B12,1.302881163
Trever Jackson,Arkansas,-2.259813485,-2.683375802,-1.391987782,-1.046954823,-0.53236869,0.833310808,-0.478043167,0.169190389,-0.317938097,-0.086545451,-0.105623532,QB,SEC,1.302828074
Peyton Jones,Duke,-0.753872456,-2.811239389,0.47934781,-0.015430382,-0.676897521,0.321145205,0.044056258,-0.378766564,0.282962379,-0.063561003,0.088769087,RB,ACC,1.302781467
Jasper Parker,Michigan,-1.105341248,-2.726908205,0.302328108,-0.053943199,-0.819703201,0.712854496,0.047825284,-0.161339916,0.058297611,-0.309885107,0.092392528,RB,B1G,1.301770713
Josh Ford,Oklahoma State,-2.228093475,-0.099020643,-0.710084654,-0.134492673,-0.260154078,0.713755277,-0.445780045,0.353295036,-0.213436744,2.903371054,-0.104865935,TE,B12,1.301479579
Joseph Himon II,Northwestern,-0.03633693,-2.590721045,1.443360659,0.693668672,-0.525339417,-0.267348593,0.092562916,-0.676215679,0.510217113,-1.172187556,0.251674607,RB,B1G,1.301413425
Jordan Nubin,Kent State,0.054367124,-3.433278469,1.046183516,-0.13004238,-0.303782379,-0.622096554,-0.389655198,-0.491465747,0.435436803,0.010189791,0.102235816,RB,MAC,1.301191072
Hardley Gilmore IV,Kentucky,-1.867460761,2.246688666,-0.113328786,-0.183878165,0.66695359,-0.797230499,-1.010682751,0.065881267,-0.178961684,0.004565127,-0.042520569,WR,SEC,1.301171713
Terrez Worthy,Temple,-0.089107863,-1.634466241,1.819950818,0.141028474,0.004968669,-0.847093565,-0.155578925,-0.503048676,0.462562851,0.056740223,0.196013896,RB,AAC,1.301123549
Cutter Woods,South Carolina,0.309322348,-2.916205374,-1.814269149,0.539161103,-0.013039584,-1.191187366,3.130993026,1.167311521,-0.884057501,-1.143028348,-0.037370452,QB,SEC,1.300860195
Heinrich Haarberg,Nebraska,-1.600344462,-0.506936315,-0.565476524,-0.102678713,1.85674438,1.895144685,-0.407905245,-0.064854097,-0.654843087,1.170753874,-0.147187855,TE,B1G,1.300815848
Dean Patterson,Georgia Tech,-1.039506834,2.696208979,0.294460463,-1.884392579,0.110896692,-0.148712189,-0.096501851,0.075226595,-0.094898543,0.106355674,0.075158554,WR,ACC,1.300801708
Charleston French,North Carolina,-1.661678928,-3.020169314,-0.433373851,-0.834808388,-0.852026597,1.114153245,0.340693381,-0.19378965,0.056152658,0.086634277,0.018302032,RB,ACC,1.300516069
Tiger Riden Jr.,Texas A&M,-0.475786888,-2.780258114,0.267063414,0.201130344,-0.455384664,-0.332419319,0.304649254,-0.891813406,0.719371341,-1.347844536,0.336467043,RB,SEC,1.300470831
Lazaro Rogers,Northern Illinois,-0.462534726,-3.102826806,1.802030121,0.345393867,-0.736875858,0.411736718,0.580593255,-0.488789436,0.350801276,0.050991388,0.007446877,RB,MAC,1.30011482
Xavier Ward,San José State,-0.002975298,-3.772149994,-2.590484061,-0.489600794,0.655669701,-2.138165413,1.714416732,1.173981944,-0.880913796,-1.174850311,1.895748306,QB,MWC,1.299229127
Winston Watkins,Ole Miss,-0.993904064,2.328798074,0.358889772,-0.730634254,0.865709011,0.237356631,-0.089047997,-0.339996899,-0.028756016,-0.725425965,0.095843653,WR,SEC,1.299128039
Joe Fagnano,UConn,14.56354111,1.764056789,-3.643387259,-0.085510992,-3.067873856,0.428227428,-0.675511858,-0.007677184,0.290397138,-0.513394807,-0.484369753,QB,Ind,1.299070384
Devon Rivers,Fresno State,-2.098840783,-3.156380749,-0.898581504,-1.179461413,-0.569090054,0.819025564,-0.306348027,-0.013135637,-0.172806024,-0.115899505,-0.098550274,RB,MWC,1.299025962
Anthony DiNota,Texas A&M,-1.832608338,-2.967608661,-0.812120046,-0.954716496,-0.514506901,0.582445048,-0.315980975,-0.119135514,-0.064211717,-0.317455244,-0.045524971,RB,SEC,1.298546663
Joseph Hagman,Baylor,-2.210090293,-3.135541345,-1.106349216,-1.403708415,-0.520811452,0.823880489,-0.519283474,0.110336509,-0.308794879,-0.183491426,-0.156206578,RB,B12,1.298347215
Rocko Griffin,Massachusetts,-0.408046481,-3.466040757,1.479480312,0.170851659,-0.643598022,0.114825183,0.200842836,-0.463173132,0.369811354,-0.04229345,0.097641332,RB,MAC,1.298114353
Chase Sowell,Iowa State,-0.361110242,4.154583016,0.066407046,-0.921246376,0.188675491,-0.608823637,-0.085952394,-0.298059787,0.243824975,-0.551807874,0.192970096,WR,B12,1.29737658
Shanard Clower,North Carolina,-1.054229821,-1.377269517,0.665160106,0.178045931,0.794547105,3.104801081,2.924560903,-1.431393536,0.724141406,0.677980122,0.521166912,WR,ACC,1.296813212
Davis Bryson,Kennesaw State,1.798105488,-3.115092998,-0.378487438,0.149160666,3.336582159,-0.621854027,-0.48569598,-1.671165034,0.780640687,-0.250225548,0.460322568,WR,CUSA,1.294790818
Dillon Galloway,App State,-2.404152418,-0.522823714,-0.947893802,0.692961374,-0.501691513,1.022126712,-0.564516743,0.425808611,-0.335148069,2.589931103,-0.193229912,TE,SBC,1.294223318
Darrell Gill Jr.,Syracuse,-0.694789655,2.874174825,0.038416544,-1.274849802,1.763037667,0.229157548,0.160304764,-0.583890092,0.052945237,-0.456007299,0.190006392,WR,ACC,1.294008558
Donovan Olugbode,Missouri,-0.847757598,2.072690769,-0.309434315,-1.404969677,0.191823707,-0.539904581,0.000657606,-0.360437561,0.284997186,-0.542619846,0.236509516,WR,SEC,1.293162313
Parker Threatt,San Diego State,-2.300746015,0.800687308,0.165155191,3.964944507,-2.172889364,3.057443699,2.689457593,-0.445308775,0.611072749,1.985919027,0.359393563,WR,MWC,1.293135228
Seth Adams,San Diego State,-2.569428045,0.111539506,-0.82995307,0.966830192,-0.304812134,0.784197223,-0.630747614,0.387584889,-0.316201961,2.240864701,-0.105995569,TE,MWC,1.292982718
Brycen Coleman,Vanderbilt,-2.340368851,2.303401383,0.814872424,2.403428925,-1.082248371,2.097185956,1.610711623,-0.023727326,0.389131285,4.786913959,0.241773313,TE,SEC,1.292793988
AJ Bianco,Nevada,1.654335886,-2.254034287,-1.963746039,0.881268652,-0.101415475,-1.365523827,1.763407116,0.346058283,-0.144815316,-0.576262328,-0.756575114,QB,MWC,1.292665732
Brandon Ramirez,Fresno State,-0.817897988,-1.74655324,1.678326287,-0.179767064,-0.323819327,0.11811919,-0.411215211,0.147451801,-0.120067608,0.7492159,0.051445944,RB,MWC,1.292094541
J.C. Sivley,UAB,-2.443868206,-0.527590368,-0.847146979,0.101830323,-0.332021741,0.770632613,-0.616358591,0.349669835,-0.342463096,1.640777818,-0.146714419,TE,AAC,1.291026193
Chris Domercant,UCF,-1.043921632,0.234367805,0.613854839,-0.592081812,1.471057254,2.316636484,1.848898407,-0.884276448,0.197337489,0.950351967,0.217908623,WR,B12,1.290100451
David Wells Jr.,Oregon State,-1.53166684,2.074747651,-0.184959271,-0.511601225,0.128004082,-0.16584733,0.033908992,-0.082485611,0.144360678,1.518720893,-0.007744519,WR,PAC,1.289923875
Oran Singleton Jr.,West Virginia,-0.801819452,0.528528989,0.299012406,-1.103238328,-0.503916844,0.478737178,0.802078414,-0.463775147,0.361027519,-0.097098671,0.084310217,WR,B12,1.289905745
Jalen McDonald,Merrimack,-0.715863251,-1.397169141,-0.104257623,-0.758287776,-0.217404866,-0.270475267,1.705722788,-1.385387462,1.383101746,0.086625346,0.754445807,WR,INDAA,1.289306531
Cameron Bates,Boise State,-1.076228971,0.158752453,1.852152715,0.22906917,-1.546772076,2.208791078,2.586168468,-0.42594336,0.493614061,1.22719771,0.213442672,WR,MWC,1.289090972
Cole Cabana,Western Michigan,-1.629143573,-3.753122308,-0.920300562,-1.582411039,-0.396437901,0.404609302,-0.391756491,-0.141030337,0.019307669,0.679192735,-0.133720806,RB,MAC,1.288894145
Armoni Weaver,West Virginia,-1.837804095,1.768595238,2.592316983,6.668945336,-3.579958799,4.747371623,6.847961118,-2.186910723,2.134590075,0.054512583,0.76684091,WR,B12,1.288778916
Caleb Hampton,Stanford,-1.924059078,-2.94771165,-0.675081799,-0.824965601,-0.589447431,0.734582618,-0.178630454,-0.118064012,-0.059295089,-0.159145541,-0.065188269,RB,ACC,1.288415691
Cooper Perry,Oregon,-1.78591239,-2.608187095,-1.185190221,-1.227826358,1.873598464,1.791460114,-0.17630375,-0.358129529,-0.448526334,0.422351568,-0.025050309,WR,B1G,1.288178794
Keith Reynolds,Miami (OH),-0.967211303,-0.179729799,1.067520846,-0.722069071,-0.405575064,0.2860572,1.499656073,-0.741603109,0.763167298,0.737237282,0.344084556,WR,MAC,1.288162955
Chase Byrd,Clemson,-2.254686179,-0.732133847,-1.048640091,0.548358139,0.222327955,1.620721275,-0.481294454,0.389886801,-0.467686464,3.055908499,-0.152671122,WR,ACC,1.288113011
Trey Weary,Tennessee,-2.415572763,-1.576356857,-1.150202934,-0.341839248,-0.352194218,0.650335908,-0.578614131,0.169588047,-0.276118991,0.289919669,-0.042771576,WR,SEC,1.287760862
Conor Booth,Nebraska,-1.838512767,-1.864627952,-0.881326508,-0.259942029,-0.377280377,0.388378335,-0.137998925,-0.214816952,0.094627416,-0.033358941,0.055111393,RB,B1G,1.287433808
TJ Peyton,Georgia State,-0.895312574,-2.629031428,0.726528501,-0.296580854,3.267475628,3.129474902,0.527020325,-0.763592196,-0.364654485,1.190125979,0.183994416,RB,SBC,1.287390696
Kameron Courtney,Virginia,-1.61181227,-0.161974042,0.401835444,-0.507102093,-0.563212336,0.829375533,0.859766464,-0.249632959,0.211085026,0.601782374,0.08819501,WR,ACC,1.287235205
Lemeke Brockington,Minnesota,-1.134425743,3.235179292,-0.059671681,0.077637565,0.01190324,-0.163454182,-0.192942981,-0.000618257,-0.033584704,-0.103571589,0.0415937,WR,B1G,1.286828405
Shay Smith,UTEP,-1.20006043,-3.300362817,-1.542799956,-0.706167248,-0.068034606,-0.361178289,0.59071933,0.706554456,-0.718129424,-0.230788805,-1.602992177,QB,CUSA,1.286665748
Jaden Hart,Syracuse,-1.810540003,-3.455644826,-0.382594964,-1.101829939,-0.756918695,0.942953486,0.459676406,-0.401205947,0.269473667,0.226526036,0.132698573,RB,ACC,1.28659482
Jordan Magwood,Florida Atlantic,-0.291677114,-1.268020731,-1.276115417,1.840999025,-0.543938035,-0.156319153,2.761906047,0.556834686,-0.470409873,-1.164597496,-2.100288428,QB,AAC,1.286011968
Quincy Burroughs,Western Kentucky,-2.396280481,0.609971519,-0.75649419,1.069537795,-0.214437627,0.525163682,-0.565686798,0.279429618,-0.255285225,1.490981221,-0.087431033,WR,CUSA,1.285872355
Micah Alejado,Hawai'i,15.09836464,0.779315499,-4.478902092,0.571596496,-1.950622062,-1.812294702,-0.710971843,-1.081755873,1.379824634,-0.457346313,0.423522212,QB,MWC,1.285658396
Tyler Buchner,Notre Dame,-0.257547778,-0.994985418,0.095694861,2.219142135,-1.418154902,1.096935736,2.071001559,-0.987070938,1.074843511,0.495205077,0.499607929,WR,Ind,1.285136401
Daylon Singleton,SMU,-2.166086022,-3.928801536,-1.566687476,-2.367716891,-0.63773259,1.012101154,-0.401087739,0.159950843,-0.335562792,-0.209595478,-0.097888788,WR,ACC,1.285005636
Braden Streeter,Delaware,1.540111731,-2.117704597,-2.416964024,0.659074339,0.769096298,-2.765433116,1.132439104,0.464650581,-0.246952784,-0.865422334,-0.388634903,QB,CUSA,1.284482864
Nate Palmer,TCU,-1.172794509,-3.601695759,0.135051018,-0.691592318,-0.634149598,0.510817459,0.095457916,-0.266416608,0.185844506,0.640474128,-0.035253097,RB,B12,1.284447785
Stephen Kittleman,Tulsa,-1.107652359,-0.76300282,-1.714918142,1.879203797,0.072217446,-0.705067186,1.716601845,1.407246128,-1.358327757,-1.474943861,-2.830862801,QB,AAC,1.284083288
Elijah Jones,Cincinnati,-2.350319089,-1.034385823,-0.978126175,-0.010416004,-0.32889489,0.663930361,-0.602546347,0.236879739,-0.259722766,1.298994969,-0.108926908,WR,B12,1.284077737
Holden Geriner,Texas State,-1.212609763,-2.602990841,-1.974833025,-0.267474716,0.185332729,-0.704960048,0.902000104,1.379966242,-1.296057762,-0.363151235,-1.018050463,QB,SBC,1.284071225
Coleson Fields,NC State,-1.75170615,-3.367486523,-1.013753036,-1.372633388,-0.359346579,0.348641399,-0.490259764,-0.155185472,-0.010239565,0.1281378,-0.101445792,RB,ACC,1.28390178
Khalifa Keith,App State,-1.683370836,-2.803107048,-0.453565252,-0.67907742,-0.638369307,0.750888843,-0.207069583,-0.034047325,-0.122449673,-0.095863909,-0.111796146,RB,SBC,1.283887965
Tristian Gardner,Missouri State,-0.884938805,4.169923263,0.154746752,-1.405564152,0.171621176,-0.375826836,0.33478768,-0.178464556,0.19106359,0.600110391,-0.028249193,WR,CUSA,1.282881966
AJ Hill,Memphis,1.998802946,-2.182884339,-3.160790744,0.483116336,0.94912434,-3.215410213,0.670502154,0.310093222,-0.038339869,-0.330727655,-0.842404391,QB,AAC,1.282046744
Jeremy Bell,Georgia,-2.38266086,1.615821321,0.439406698,3.756413131,-1.275750171,1.832370512,1.978259852,-0.596834584,0.616204156,0.468924473,0.454741252,WR,SEC,1.281774597
Terrell Washington Jr.,Iowa,-1.626739841,-2.734240342,-0.411209025,-0.356569098,-0.545013696,0.480594982,0.025566758,-0.376751457,0.201546561,-0.314878273,0.050129812,RB,B1G,1.279730422
Brock Hansel,UCF,-1.122420552,-3.122260508,-2.529891362,-0.683257578,0.297368991,-0.972172701,3.084246321,4.534986738,-3.626378618,1.423966829,4.824965248,QB,B12,1.278658524
Vinny Anthony,Wisconsin,-0.334509873,0.413181728,-0.059060519,1.301443555,-1.547960378,1.723717479,0.807438183,-0.244720779,0.116244969,-0.751876158,0.047193953,WR,B1G,1.278484284
Kadenn Rose,Central Michigan,-1.345213522,-3.477814571,-0.641217851,-1.636943324,4.28879845,2.88520222,-0.657532619,-0.577763391,-0.907123663,1.358479747,-0.089578562,RB,MAC,1.278133556
Nicholas Cenacle,Hawai'i,-0.896454311,2.28009873,-0.023533636,-1.782892403,0.037752004,-0.187964664,0.137001983,-0.088948462,0.059249355,0.127589476,-0.003591515,WR,MWC,1.277955915
Luke Doty,South Carolina,-0.07066837,-1.328543042,-1.236028748,0.375485657,-0.250062438,-0.503576905,-0.329597155,-0.492892609,0.499449775,0.487759032,0.118335873,WR,SEC,1.277564499
Tyler Chandler,Syracuse,-2.282415489,-2.898278303,-0.970974119,-1.082196232,-0.684318384,1.065583781,-0.150942975,-0.010790457,-0.207660673,-0.431237697,-0.098857568,RB,ACC,1.277507767
Makari Bodiford,Memphis,-1.06130128,-2.635027698,0.558367135,0.17921656,-1.054452462,1.092802638,0.395070838,-0.085803015,0.031448568,0.405114166,-0.058419492,RB,AAC,1.277322116
Ashton Bethel-Roman,Texas A&M,-1.666527535,4.135716201,0.179477425,0.420968258,0.443770099,-0.651282578,-0.106368916,-0.145554785,0.130424016,0.054120857,0.169584803,WR,SEC,1.277224146
Malachi Coleman,Syracuse,-1.874924305,-3.355700242,-0.664332922,-1.159139262,-0.74491809,0.968907093,0.035217888,-0.198865396,0.032587582,0.068117139,-0.002902256,RB,ACC,1.277114017
Julian Gray,Liberty,-1.123365465,0.40790406,1.23777771,-0.803874148,-0.004566152,-0.207063449,0.684027759,-0.549073241,0.525687902,0.351222097,0.303054406,RB,CUSA,1.276986294
Briggs Bartosh,Army,-0.486447257,-2.436518079,2.126733354,0.595957447,-0.5127738,0.135346236,0.302721847,-0.374759092,0.265822761,0.213238635,-0.003050571,RB,AAC,1.27654141
Jamezell Lassiter,Vanderbilt,-1.141168367,1.817138477,2.411682503,3.51371846,-0.99116175,0.979988459,1.886182724,-0.908193925,0.663808836,-2.526863822,0.510976411,RB,SEC,1.27596355
Anthony Brown,Tulane,-0.874675958,1.582595454,0.625525146,-1.283512862,-0.131010632,0.013961646,0.78302992,-0.462061708,0.42021742,0.252560196,0.159917953,WR,AAC,1.27542752
Montavin Quisenberry,Kentucky,-2.191305588,-2.074813722,-1.380569185,-0.690199088,-0.392056804,0.623192455,-0.482487881,0.104851911,-0.215554599,0.145734823,-0.035374689,WR,SEC,1.274590147
Samuel Singleton,Florida State,-0.485938747,-2.868421246,1.537241703,0.334667619,-1.003538365,0.76721012,0.463018375,-0.257869182,0.132904591,-0.439631374,0.010108806,RB,ACC,1.27451146
E.J. Williams,Indiana,-1.779803117,1.620217318,-0.285721199,-0.342996774,0.213886914,-0.328477625,-0.261469409,-0.149455704,0.084466447,-0.130244066,0.188179349,WR,B1G,1.274310564
James Jointer,Eastern Michigan,-1.590879452,-2.933098623,-0.282497012,-0.580406717,-0.951925709,1.234075271,0.220860333,-0.035022693,-0.055681969,0.541065876,-0.064283794,RB,MAC,1.274018071
Landon Sims,Wyoming,0.032495882,-2.025845026,-0.287925533,1.477610574,-0.549620332,-0.216446158,2.399343347,0.376207233,-0.376762164,-1.366165347,-1.846855931,QB,MWC,1.273524342
Devon Akers,Northern Illinois,-2.844753157,3.731667335,-0.455616428,4.901057268,-0.10232875,0.311591449,-0.649695161,0.386677366,-0.309951097,1.667318813,-0.192879128,TE,MAC,1.273517184
Alex Lines,Northwestern,-2.272340274,-1.084133914,-1.057146526,-0.062437002,-0.341416136,0.62619133,-0.51709167,0.197510763,-0.243486665,0.859003976,-0.072096894,TE,B1G,1.272935851
JB Price,Kansas State,-1.15338412,-4.549518218,-0.440516227,-1.934946397,-0.329518436,0.087603501,-0.51524799,-0.270293954,0.195593953,1.229489431,-0.080141701,RB,B12,1.272577094
Brody Foley,Tulsa,-0.741408257,4.513469132,1.691846079,-1.487238814,-0.333969696,0.224739675,2.104492301,-0.550323924,0.593285252,-0.360785485,0.326920412,TE,AAC,1.272485412
Jordan Fuller,James Madison,0.463837603,-3.07149998,2.494378103,0.497699141,-0.476562372,-0.457629349,-0.381169032,-0.237078846,0.222572072,-0.240143088,0.142552151,RB,SBC,1.271953774
Cole Feuerbacher,Missouri State,-0.388152361,-3.070448262,-2.273628134,-0.674823118,1.269331378,-1.039665366,0.407795401,0.520352351,-0.7745937,-1.062114811,-1.851037265,QB,CUSA,1.271194598
Marquese Williams,Akron,-1.367673893,-3.335092008,-0.342781136,-0.840027226,-0.566206712,0.490870493,-0.074345265,-0.258639276,0.15682684,0.547711401,-0.046717608,RB,MAC,1.270753031
Dominique McKenzie,BYU,-1.008108462,-1.12930114,3.484907587,5.012024264,-5.383787643,7.699333272,9.67549713,-2.330743787,2.696727259,5.350448944,0.681923089,WR,B12,1.270625732
Darius Johnson,Syracuse,-2.249784936,-0.041838811,-0.814072643,0.416059906,-0.278016232,0.63320113,-0.511435875,0.294120552,-0.249031498,1.806567801,-0.085611204,WR,ACC,1.270611037
TJ Johnson,Southern Miss,-2.918438471,4.491068045,-0.421297115,5.73318085,0.009106247,0.104181429,-0.716548488,0.343243515,-0.29088205,1.097340355,-0.106774623,TE,SBC,1.270458216
Malachi Fannin-Render,Liberty,-2.087086441,-3.006792458,-0.94149724,-1.105565146,-0.609454211,0.871442789,-0.253706823,-0.024087047,-0.158450691,-0.120511138,-0.09998097,RB,CUSA,1.270131836
Daelen Alexander,Rice,0.420867778,-2.555566923,2.390553664,0.98408563,-0.939772831,0.333220055,-0.003956312,0.002417195,-0.031856749,-0.33813988,-0.009728254,RB,AAC,1.269936872
Behren Morton,Texas Tech,13.06891368,0.174238402,-5.414003921,0.337753254,-1.862376226,-1.180539848,-0.851269596,-0.822754408,1.085608506,-0.247944794,0.654071088,QB,B12,1.269387253
Chamon Metayer,Arizona State,-1.463855441,1.997556869,-0.115974367,-1.381607094,0.076155361,-0.100756399,0.153127098,-0.024704692,0.019684948,0.647190808,-0.060570351,TE,B12,1.269334823
Sione I Moa,BYU,-0.667311911,-1.883993439,0.618142998,0.023194311,-0.538274333,0.225751434,0.440847243,-0.447387282,0.434555547,0.583824095,0.150711178,RB,B12,1.269291139
Josh Cuevas,Alabama,-1.446211699,3.376646099,0.043520246,0.088687264,0.183642535,-0.287399349,-0.258106363,-0.018991984,0.002535188,0.075876179,0.147070283,TE,SEC,1.269266431
Jacquon Gibson,Massachusetts,-0.391516582,1.86890917,-0.109126066,-1.176081631,0.415856726,-1.120715251,0.108982167,-0.653968148,0.63261498,-0.077394899,0.303313295,WR,MAC,1.26875991
Jadyn Glasser,Central Michigan,2.39864676,-2.567395479,-2.343126892,1.058025684,0.507737565,-2.775321355,2.179679838,0.332023264,0.016841408,-0.384769774,-0.898166124,QB,MAC,1.268742665
Jewlyen Roberts,Tulsa,-2.461939007,-0.871321628,-0.973319008,0.000833601,-0.345962474,0.691167007,-0.472793815,0.258262159,-0.312118933,0.826092238,-0.118254165,TE,AAC,1.268073008
Jadarian Price,Notre Dame,2.22205717,-1.666028249,5.173299829,1.143760872,3.110051212,1.659852122,-0.361603908,-0.270515612,-0.85634437,-0.707960777,0.085352343,RB,Ind,1.267952851
Matthias Latham,Merrimack,-1.407639245,-2.99720184,0.084927322,-0.509245545,-0.610872994,0.560885578,0.12029909,-0.277919825,0.170527962,0.284548115,0.019413486,RB,INDAA,1.267922
AJ Szymanski,Maryland,-2.299276015,-1.401941932,-0.965552368,-0.967337525,-0.290335831,0.644244849,-0.409310688,0.223930206,-0.249601402,1.099721505,-0.048574867,TE,B1G,1.267828684
Anderson Castle,Duke,0.268189547,-2.829932004,2.245956696,0.80763822,-0.723596458,-0.031422185,-0.112711492,-0.222434827,0.136466294,-0.855378315,0.088914634,RB,ACC,1.26743648
Tavien St. Clair,Ohio State,-1.889009359,-3.892542397,-1.614203352,-2.226581437,-0.536316414,0.728796253,-0.374503814,0.018587538,-0.170404585,-0.065776238,-0.061878762,QB,B1G,1.266903129
Jevon Edwards,Coastal Carolina,-0.343810474,-3.314940899,1.731644006,-0.072932041,1.969349121,0.916090609,0.374429142,-1.043274316,0.207868047,-0.42698339,0.317128383,RB,SBC,1.266000657
Austin Palmer,Merrimack,-0.501632989,1.788400427,1.0642818,-0.524060527,0.222969471,0.87390207,1.984580544,-1.172077095,0.881129554,-0.529921025,0.546758268,WR,INDAA,1.265500086
Trell Harris,Virginia,-0.645022179,3.957507097,0.290389574,-1.116030726,0.277487458,-0.670047184,0.112033647,-0.297855666,0.250276699,-0.45865444,0.165890793,WR,ACC,1.265393208
Caleb Odom,Ole Miss,-1.899774369,0.895362632,-0.487503596,-0.299862002,-0.07230007,0.205038273,-0.315323809,0.124509064,-0.14541913,0.617592539,0.011552549,WR,SEC,1.264833233
Bradley Dunn,South Carolina,-1.573562512,-2.547849033,-0.333401879,-0.287784536,-0.725123566,0.724333644,0.050536917,-0.258169312,0.092283112,-0.523171204,0.066563136,RB,SEC,1.264750862
Kaleb Jackson,LSU,-1.606825437,-2.312763392,-0.019938866,-0.781756475,0.014120257,-0.242505708,-0.584787003,-0.216624307,0.072951375,0.004897644,-0.005021594,RB,SEC,1.264675132
Tychaun Chapman,Southern Miss,-1.547171851,1.448797665,0.934816686,-0.261396494,-0.483356775,0.722359697,1.404263382,-0.544250006,0.492097966,0.181677849,0.26168056,WR,SBC,1.264506161
Baron Tipton,North Texas,-2.256883395,-1.690826601,-1.08825682,-0.513183593,-0.34454825,0.669920998,-0.557546352,0.214497511,-0.232290451,1.318631067,-0.067816671,WR,AAC,1.264494924
Drew Cassens,Ball State,-2.324787522,-0.771646641,-1.15339914,0.923248698,-0.6364665,1.06995797,-0.468111279,0.371968139,-0.370222968,1.637249624,-0.266561677,TE,MAC,1.264418295
Jamari Johnson,Oregon,-1.042271759,4.104688295,0.069993965,-0.130537827,0.115985483,-0.340031944,-0.224680785,-0.150399034,0.059265249,-0.71183405,0.155677068,TE,B1G,1.26439328
Colton Pitchford,Jacksonville State,-2.375729455,-2.490410235,-1.292000807,-1.068376293,-0.486668305,0.849254233,-0.52972149,0.196589781,-0.330915247,0.126067099,-0.071753611,WR,CUSA,1.26338436
Sam Horn,Missouri,-1.88703522,-2.269462933,-0.798509886,-0.139778467,-0.904695028,1.184011986,0.539290872,-0.306325848,0.156335671,-0.16851751,0.05642678,QB,SEC,1.262543097
Owen Gardner,Virginia,-2.192278799,-3.145656976,-1.090169465,-1.386385778,-0.517582183,0.788781327,-0.493820988,0.059259921,-0.263510495,-0.272867293,-0.12344579,RB,ACC,1.2624353
Xay Davis,Virginia,-1.367129378,-2.907248639,-0.212746625,-0.344700324,-0.549919497,0.380591538,-0.00943568,-0.329401614,0.207173428,0.045595769,0.008654176,RB,ACC,1.262355062
David Amador,UTSA,-0.7329265,1.849146126,0.691481378,-1.18224397,-0.288160021,0.108432819,1.476879016,-0.788856403,0.713665086,-0.242444666,0.229678168,WR,AAC,1.262096089
Jordan Anderson,Illinois,-1.735195726,-2.467458557,-0.264911276,0.004080161,-1.03993281,1.318913681,0.579137779,-0.14193367,0.024580628,-0.099626031,0.01568091,TE,B1G,1.261670332
Cartevious Norton,South Florida,0.294065249,-2.865964716,2.743254845,0.48756516,-0.055958672,-1.057842784,-0.265366757,-0.615095459,0.586926911,-0.114360238,0.326605738,RB,AAC,1.260686971
J.P. Powell,Georgia Tech,-1.272034745,-2.927123402,1.452490307,0.612319371,-1.395849341,1.749870334,1.908347729,-0.729316433,0.528265813,0.003893812,-0.029146442,RB,ACC,1.26044869
Lawson Luckie,Georgia,-1.735925473,1.915307907,-0.279506275,-0.283736153,-0.026404,0.040997963,-0.205357923,0.057504298,-0.126689932,-0.059303578,-0.017707375,TE,SEC,1.260068182
Nahzae Cox,Middle Tennessee,-0.616984148,2.192132965,0.144927543,-2.686487233,0.298687295,-0.67491398,0.58833648,-0.336124911,0.381800788,0.808725627,0.011623002,WR,CUSA,1.259278806
Aveion Chenault,Western Michigan,-1.1686204,0.452923295,1.14448427,-0.959676139,-0.795688186,1.130267186,2.187912804,-0.727510614,0.69198532,0.699942879,0.177498497,WR,MAC,1.258717169
Mazeo Bennett,South Carolina,-1.749911745,0.218719576,-0.738186067,-0.660606671,-0.126277845,0.139289707,-0.28477133,-0.048456503,-0.045551719,-0.025455181,0.025675438,WR,SEC,1.258556468
Jayden Bradford,Liberty,-0.861670812,-0.709170727,-2.64801869,2.275186391,0.725810113,-1.662464174,2.238054024,2.619993198,-2.367632051,-0.544760423,-4.768344315,QB,CUSA,1.258527402
Shane Reynolds,Navy,-1.764614909,-2.851907409,-0.475087052,-0.565439654,-0.675386543,0.806488887,-0.038015516,-0.101014781,-0.038059329,-0.01124444,-0.045535386,RB,AAC,1.258359934
Tuli Tagovailoa-Amosa,San José State,-2.144495399,-1.050061021,-0.840145576,-0.848654055,-0.199268097,0.512203075,-0.401413232,0.185719134,-0.149052147,1.779713161,-0.036319052,WR,MWC,1.258210674
Nitro Tuggle,Purdue,-1.050325984,1.5412412,-0.334904133,-1.298099194,0.236913004,-0.605313191,-0.011944379,-0.389059888,0.319688942,-0.411073831,0.240044072,WR,B1G,1.257525051
Joshua Harriott,Florida Atlantic,-1.82274101,-4.080211105,-0.536049415,-1.667681542,-0.921294174,1.282523481,0.520023436,-0.292471453,0.111024733,0.089558837,-0.020048806,RB,AAC,1.257487501
Rickey Hunt,Middle Tennessee,-0.373630347,-1.864991879,1.580299531,0.1950604,-0.099329391,-0.638656126,-0.005555231,-0.574248036,0.503825644,-0.206094736,0.24910999,RB,CUSA,1.257275624
P.J. Prioleau,Virginia Tech,-1.657723303,-2.881513403,-0.55095661,-0.724213354,-0.696363582,0.794791678,0.138590456,-0.326585882,0.137630901,-0.231276555,-0.001717598,RB,ACC,1.256631609
Gideon Ituka,Wisconsin,-0.815463537,-3.273430432,0.315292243,-0.316263331,-0.20169025,-0.439395908,-0.321163236,-0.503872523,0.366342299,-0.312372107,0.051303118,RB,B1G,1.255869429
Sam Roush,Stanford,-0.930424775,2.220936267,-0.062904068,-1.399194748,0.121726256,-0.345180232,0.035327608,-0.199948172,0.166221571,0.153984352,0.077373195,TE,ACC,1.255831547
Hayden Hansen,Florida,-1.6517657,1.366104848,-0.329028693,-0.573243093,0.008780968,0.017666742,-0.166431924,0.019366879,-0.031947463,0.601432954,0.026258824,TE,SEC,1.255781723
George Hart III,Western Kentucky,-1.001154852,-2.939665423,0.519511525,-0.139664009,-0.588473338,0.381058401,-0.245688537,-0.04380858,-0.053528672,-0.03082355,-0.060614859,RB,CUSA,1.255520078
Mekhi Dodd,Boston College,-1.839936582,-3.747953964,-0.961909502,-1.965603468,0.035640354,-0.163226586,-1.065964981,-0.068151971,-0.101553562,0.30553299,-0.134747085,RB,ACC,1.254842347
Johnathan Arceneaux,Fresno State,-1.158009156,-2.135479147,1.157389163,-0.004092242,-0.625726669,0.67101207,0.065575741,-0.073107354,0.016389185,0.371499709,0.135167346,RB,MWC,1.254294713
Ky Woods,Nevada,-1.842145574,-1.361023865,0.366280934,-0.612653432,-0.385665186,0.588275144,0.319030787,-0.204116996,0.137184976,0.842474732,0.026814452,RB,MWC,1.254254425
Braylin Presley,Tulsa,-0.66411468,-1.094807749,1.54720793,-0.330793093,-0.70376038,0.56461139,0.853434375,-0.306906857,0.233573167,-0.315171978,0.122349928,RB,AAC,1.253561227
Brett Eskildsen,Iowa State,-1.515918622,3.402435142,0.095193868,-0.360263329,0.25609074,-0.331919975,-0.041721775,0.038442288,-0.036207719,0.437089107,-0.021314453,WR,B12,1.253538208
Kelshaun Johnson,Texas A&M,-2.331989199,-1.923849145,-1.039921641,-1.184826117,-0.267990118,0.599792469,-0.472521018,0.137059639,-0.187834327,0.983039704,-0.005141565,WR,SEC,1.253496916
Justyn Martin,Maryland,-0.950791463,-2.8077779,-1.099812012,-0.809867132,-0.398094068,0.093945774,-0.180877146,-0.349708446,0.267561703,0.246992931,0.038813714,QB,B1G,1.253156679
Jackson Holman,Wyoming,-2.073228016,-1.106568358,-0.895615284,-0.85616573,-0.217706389,0.457374056,-0.36119075,0.129618284,-0.139084083,1.187329035,-0.034447335,WR,MWC,1.253117994
Cole Geer,Virginia,-1.103927737,-1.774072652,-1.54913522,1.02833669,-0.044868855,-0.560907483,1.845384474,0.880367218,-0.920399913,-1.609948752,-2.363175869,QB,ACC,1.25293051
Vaughn Blue,Liberty,-1.0632783,-1.125891523,1.376739069,-0.314319154,-0.221189077,0.048275633,0.086801435,-0.209297698,0.148893188,0.205258908,0.139359601,RB,CUSA,1.25287669
Steele Pizzella,Wake Forest,-1.969983653,-5.613326798,-1.860732801,-4.457807827,0.160222441,-0.144428567,-1.970593219,0.339689912,-0.646800859,-0.543459939,-0.353186939,QB,ACC,1.252418603
Kenny Fletcher,Rutgers,-1.653869435,0.744026926,-0.534204259,-0.698208973,0.057589456,-0.153479307,-0.188073942,-0.153436273,0.075508911,-0.010332288,0.077527345,TE,B1G,1.252370113
Antonio Martin,Kansas State,-1.009684181,-3.537391606,0.626326101,-0.401408716,-0.818286912,0.738321799,0.567447394,-0.453772458,0.310317039,-0.075328406,0.078073227,RB,B12,1.252263289
Chauncey Bowens,Georgia,0.222262598,-2.985869487,2.096805291,0.635574878,-0.492875141,-0.386267516,-0.39275419,-0.279408177,0.18432737,-0.814786117,0.097866175,RB,SEC,1.252009986
Ethan Ervin,Florida Atlantic,-2.044518214,-3.084593528,-0.635076333,-1.791318781,-0.169676128,0.317971426,-0.487120091,-0.046092452,-0.072211676,0.867674825,-0.137363003,RB,AAC,1.252002087
Alex Orji,UNLV,-0.598900428,-2.597201681,0.496998418,0.223566202,-0.883303303,0.625596402,0.41265942,-0.303808873,0.23699569,0.021374042,0.02476999,QB,MWC,1.251403412
Keenan Phillips,South Alabama,1.263303356,-3.267906115,3.507868625,0.617063917,0.831884099,-1.174631804,-0.16970635,-0.93381882,0.68973076,-0.506442444,0.399700288,RB,SBC,1.250759217
Diore Hubbard,West Virginia,0.02324739,-3.387689376,1.036064428,-0.280056113,-0.310372225,-0.543097796,-0.613791034,-0.33637423,0.25318591,-0.336485565,0.102429154,RB,B12,1.250491476
Ja'shon Benjamin,Rutgers,-0.513403196,-1.917630089,1.355719876,0.426804557,-0.271392018,-0.40011799,-0.078859527,-0.463949826,0.366024831,-0.5757956,0.183831579,RB,B1G,1.250278039
E. Jai Mason,Charlotte,-0.898196201,3.204309399,0.292739163,-1.774362086,0.225584826,-0.427676575,0.251783577,-0.152612833,0.176563725,0.719556879,0.008829509,WR,AAC,1.250256375
Preston Clemmer,Kennesaw State,-2.396400197,-1.539208437,-1.227023435,0.168997034,-0.540158488,0.908412206,-0.52240281,0.299676284,-0.379711657,0.68879856,-0.194806335,QB,CUSA,1.24986338
CJ Wiley,Georgia,-1.813219224,-2.315919576,-1.263451882,-1.144900392,-0.335636825,0.539459143,-0.438272966,0.103113561,-0.076240428,1.600498205,0.002894569,WR,SEC,1.249643163
Maxwell Woods,Washington State,-0.709267874,-1.418922792,1.524594655,-0.419838605,-0.094869594,-0.419921785,0.624971456,-0.826496159,0.674629942,-0.492533144,0.270866886,RB,PAC,1.249353449
Maurice Turner,Tulane,-0.819486145,-2.543447951,0.988398837,-0.125809251,-0.415271836,0.044642454,0.118778484,-0.42354712,0.362473062,0.357382729,0.135072493,RB,AAC,1.24922923
TK Norman,Texas A&M,-1.331869458,-1.716956925,0.335578217,0.057455013,-1.204692165,1.330532761,2.757550516,-1.440048448,1.324711242,-0.789596794,0.723605584,WR,SEC,1.248914474
E.J. Horton,Purdue,-1.719796347,1.511612046,-0.255015297,-0.152760634,0.178742679,-0.259354106,-0.33361666,-0.092680747,0.084340385,0.623172583,0.136774095,WR,B1G,1.248828202
Jayden Becks,North Texas,-0.983455112,-2.144229012,0.654421824,0.057367133,-0.656888965,0.573870666,-0.003449837,-0.026628516,0.031002329,0.853944975,0.009474433,RB,AAC,1.248785487
Johntay Cook II,Syracuse,-1.271230432,3.022273896,-0.022986221,-0.300484231,0.236130918,-0.376690077,-0.177461053,-0.077301253,0.089015053,0.346739088,0.189497287,WR,ACC,1.248390742
Jaden Bradley,UNLV,-0.906746624,4.004126601,0.281437685,-0.545056347,0.085701734,-0.194635922,-0.090870489,0.059232042,-0.04361889,0.319400315,0.040634729,WR,MWC,1.248303473
Eli Finley,Louisiana Tech,-1.225619545,2.430581684,-0.09541105,-0.757481222,-0.057317329,0.126499737,-0.173663,0.12756899,-0.100183328,0.953829134,-0.02648886,TE,CUSA,1.247921512
Boden Groen,Kansas,-1.283117797,2.273453358,-0.110092941,-0.791343648,-0.039793897,-0.030209313,-0.069440182,0.021021087,-0.077045148,-0.057488471,-0.044218405,TE,B12,1.247416206
Benjamin Hall,North Carolina,-0.784288334,-3.032742299,0.69322889,-0.328074196,-0.099775379,-0.575356918,-0.175992908,-0.607007418,0.513444511,-0.08018621,0.213985742,RB,ACC,1.246901107
Jamari Hawkins,Memphis,-1.353096778,2.10091261,0.735142134,-0.541232578,-0.41251462,0.562314741,1.107383233,-0.368165278,0.307106132,-0.145531996,0.171556228,WR,AAC,1.246857617
Derrick McFall,SMU,-0.752683838,-1.015152805,1.590055275,-0.208754409,-0.141636648,-0.325166564,0.212622317,-0.42960865,0.303945828,-0.690790844,0.171588214,RB,ACC,1.246665671
Cameron Ball,Mississippi State,-2.477098497,-0.497157054,-0.897175643,0.484639401,-0.414609098,0.895991786,-0.527046818,0.361741982,-0.313473249,2.194847838,-0.184323741,TE,SEC,1.246556594
Raycine Guillory,Utah,-2.26449464,-2.72880728,-0.92887634,-0.835368183,-0.783370458,1.199917128,0.053555175,-0.053296546,-0.144017834,-0.284284876,-0.072188295,RB,B12,1.246465739
Solomon Vanhorse,Indiana,-2.233822005,-0.711768532,-1.066191869,0.97632819,-0.474053274,0.650346902,-0.525506146,0.167754026,-0.279308578,0.050191386,-0.120610111,RB,B1G,1.245468442
Lofton Howard,Western Kentucky,-2.376912621,-2.062179075,-1.226757862,-0.749747463,-0.458178599,0.820980771,-0.494720351,0.208553284,-0.310178916,0.460243292,-0.091956143,TE,CUSA,1.245338337
Kaelan Chudzinski,Boston College,-1.49232346,1.726767585,-0.118813766,-1.62779643,0.266112055,-0.433892896,0.141845819,-0.229468153,0.195774632,0.247975516,0.098765194,TE,ACC,1.245090011
Jared Gibble,App State,-2.212120144,-3.554655425,-1.511067504,-2.12153841,-0.600414784,1.018940746,-0.431808749,0.193925748,-0.325674765,0.249943231,-0.079335161,TE,SBC,1.245024302
Cameron Ross,Virginia,-0.618148689,2.791909729,-0.051301842,-1.014470168,0.084183845,-0.460007016,-0.026110102,-0.289791631,0.211070349,-0.649734038,0.172922952,WR,ACC,1.244569405
Corey Smith,Purdue,-1.758882789,1.864409069,-0.205967059,-0.119783711,0.242570305,-0.285085677,-0.382152112,-0.065979355,0.074974549,0.603688206,0.242221503,WR,B1G,1.244548053
Anthony Garcia,Utah State,-0.578629183,-0.734199582,-0.232554014,0.063672254,-1.028823361,1.010679471,-0.171224974,-0.040257346,-0.196471086,-1.587236614,-0.057255732,QB,MWC,1.244492648
AK Dear,Alabama,-0.706621835,-1.040757456,2.002932284,1.705988544,-0.675920542,0.136557932,0.903460408,-0.855221938,0.561854927,-2.632161299,0.343035931,RB,SEC,1.244039983
Christopher Frew,Air Force,0.104235098,-0.953289591,1.77501974,0.803661019,-0.838299488,0.465076176,-0.051752047,0.091697776,-0.113229579,-0.563099023,0.105565497,RB,MWC,1.2431851
Tre' Hartwell,Western Michigan,-1.737770293,-3.802950931,-0.907318978,-1.633751657,-0.351415812,0.354860005,-0.479802942,-0.147175845,-0.008344913,0.321569202,-0.103000139,RB,MAC,1.243181593
Jahmal Edrine,Virginia,-0.68809802,3.584514292,0.087617093,-1.051290119,-0.008290727,-0.178223544,-0.071172714,-0.066129678,-0.002681713,-0.513078502,0.07256995,WR,ACC,1.243172873
London Humphreys,Georgia,-1.511916031,3.67365034,0.061283496,0.340238558,0.057285712,-0.049634569,-0.315991817,0.136010096,-0.153266133,0.241384134,0.009307318,WR,SEC,1.243090601
Charlie Becker,Indiana,-0.720240909,1.967610395,-0.921224844,1.949615317,-1.00165818,1.068062492,-0.796430874,0.32518008,-0.442156177,-0.514881845,-0.16443559,WR,B1G,1.243014435
Messiah Burch,Buffalo,-1.632052205,-2.368210513,0.044787012,-0.720132642,-0.566147358,0.730137472,0.070083018,-0.05927791,-0.05042045,0.275708006,-0.038317078,RB,MAC,1.242873668
Monterrio Elston Jr.,Kansas State,-2.264089547,-3.759705864,-1.3860452,-2.310311903,-0.327684368,0.605570294,-1.011526638,0.235683771,-0.484875597,-0.491341113,-0.215186086,RB,B12,1.242792108
E.J. Smith,Texas A&M,-1.065349202,-1.34267858,-0.293442957,-0.573116843,0.118452741,-0.707541696,-0.388560282,-0.48177261,0.428727948,0.174746103,0.20769665,RB,SEC,1.242408696
Shazz Preston,Tulane,-1.123003472,6.13173565,0.633314175,0.438935612,0.303143709,-0.412506845,-0.125514876,0.115533178,-0.104407409,-0.105799612,0.116049124,WR,AAC,1.242157567
Kyle Doney,Merrimack,-2.371864602,-2.373851126,-1.263524798,-1.010693882,-0.44208942,0.772649694,-0.543246824,0.162572805,-0.301982598,0.008457539,-0.033461997,TE,INDAA,1.242078584
Jackson Harris,Hawai'i,-0.528139636,3.624874674,0.24284882,-1.936188578,0.396783799,-0.915477003,0.412179241,-0.453763226,0.43266007,-0.211853621,0.179992487,WR,MWC,1.241959157
Jerry Mcclure,San Diego State,-2.553866744,1.603837897,-0.763559145,2.849591847,-0.234859153,0.477017271,-0.660866472,0.260079443,-0.245224148,1.262817524,-0.082091225,WR,MWC,1.241903469
Bryson Graves,Coastal Carolina,-1.378841332,1.331207962,-0.502947378,-1.555468685,0.697831359,-1.055644747,-1.261637032,0.103886794,-0.233144301,-0.11576114,-0.154567196,WR,SBC,1.241831357
Jordyn Bridgewater,UCF,-2.168943185,-4.650182387,-1.318690225,-3.012571269,-0.624686975,1.028070732,-0.386699123,0.017694663,-0.266647729,-0.249258772,-0.180253922,WR,B12,1.241634247
Jeron Askren,Missouri State,-2.112474826,1.517620552,0.127700573,-2.041367251,0.3198932,-0.15213575,0.215301211,0.051994865,-0.00593632,1.456491591,-0.026738087,TE,CUSA,1.241559268
Bryson Donnell,UTSA,-1.369683654,-3.443168486,0.010533438,-0.797071846,-0.58026885,0.505908056,-0.005838273,-0.267439735,0.101266052,-0.147045604,-0.034860576,RB,AAC,1.241378254
Byron Cardwell,San Diego State,-1.009975157,-1.024343675,1.248941394,0.01456241,-0.193021991,-0.065549443,-0.042093987,-0.245617472,0.245418101,0.597359094,0.223563319,RB,MWC,1.240160638
Aidan Mizell,Florida,-1.725062181,1.049943965,-0.553756825,-0.077145159,0.001532046,-0.027869667,-0.309686122,-0.026397985,-0.010719346,0.341469596,0.069753536,WR,SEC,1.240036092
Antwan Roberts,Marshall,-0.549623956,-2.187769548,2.170850886,0.650378859,-0.039709073,-0.670494284,0.105581764,-0.626383669,0.620189718,0.866986798,0.212455983,RB,SBC,1.239812202
Cade Callahan,Merrimack,-1.3330383,1.65108782,0.890480276,-0.215460363,-0.730703933,0.818936999,2.470015492,-1.12566741,1.063919387,-0.524596834,0.593989267,TE,INDAA,1.238783254
Javen Jacobs,Utah State,0.391677381,-2.542712386,1.889609463,0.399329205,-0.92784489,0.418715578,0.122903438,-0.178576317,0.077657551,-0.557760216,-0.022052444,RB,MWC,1.238412914
Keith Adams Jr.,Clemson,-1.466290759,-2.6969544,0.09395505,-0.092739108,-0.872889027,0.936934744,0.377940945,-0.292736689,0.153754152,-0.160564287,0.042023895,RB,ACC,1.238014078
Dalton Stroman,App State,-1.057695284,4.100043951,0.339775223,-1.009302203,0.118527628,-0.127971495,-0.10594956,0.121336095,-0.104828737,0.412912926,0.049936161,WR,SBC,1.237396526
Dean-Taylor Chapman,California,-2.279345634,-2.366038206,-0.731347057,-0.297521505,-0.960394472,1.445152842,0.431180688,-0.137617252,-0.03488968,-0.141837814,-0.017581619,RB,ACC,1.237142427
Ramone Green Jr.,Missouri State,0.086349408,1.798406446,2.865539693,-1.488032619,0.277750908,-0.988073064,0.692823358,-0.649267977,0.582129713,-0.405794799,0.249040083,RB,CUSA,1.23707914
Tyler Jacklich,West Virginia,-1.662627022,-3.720774168,-0.712042254,-1.483362157,1.711400248,1.956549943,-0.158164399,-0.571050882,-0.377494541,-0.267596912,-0.074731188,RB,B12,1.237059252
Matt Jones,Southern Miss,-0.632325498,-2.657534896,1.290725654,0.677850134,-0.854242502,0.56480553,0.235597151,-0.177743081,0.12494298,-0.021255569,0.056735079,RB,SBC,1.236882714
Alex Manske,Iowa State,-0.428702731,-1.561065356,-0.957802627,1.601859625,-0.53069854,-0.069537868,2.30736557,0.737764076,-0.647265004,-0.790023429,-2.075776087,QB,B12,1.236773021
Kadarius Calloway,New Mexico State,0.403700197,-2.995900661,2.56155736,0.055800083,2.367270247,-0.107636897,0.187840498,-1.318447714,0.486682788,-0.676094556,0.314810841,RB,CUSA,1.236515016
Jameson Tucker,Coastal Carolina,-0.951145188,1.13403335,-1.016454194,1.292560523,-0.909164557,1.026707526,-0.779966047,0.33745502,-0.444862547,-0.268611471,-0.171404716,WR,SBC,1.236485928
Isaiah Mozee,Nebraska,-1.497636366,0.192496509,0.586315298,0.046027196,0.255467129,-0.731126906,-0.065306779,-0.752714491,0.488195015,-1.863549764,0.369594332,RB,B1G,1.236165258
Jayden Parker,California,-2.27352147,-3.373017741,-1.153719845,-1.732063583,-0.537678949,0.886795076,-0.501581771,0.084465159,-0.326681988,-0.476508359,-0.1746545,RB,ACC,1.236117689
Jacobe Robinson,Southern Miss,-1.202251295,-3.017489391,-0.22613052,-0.402992534,-0.939950525,1.084549547,0.771360263,-0.40948658,0.345231574,0.937296778,-0.02375113,QB,SBC,1.236113551
Jaron Tibbs,Kansas State,-0.823418832,2.537189949,-0.179874101,-1.031794088,0.155236241,-0.488033502,0.062299646,-0.296181056,0.254011959,-0.141817974,0.13475365,WR,B12,1.236108538
Bryson Jones,Texas Tech,-2.324320569,2.521060372,-0.253158513,1.640035346,-0.041092547,0.37805446,-0.526658006,0.395019688,-0.245550423,2.59631948,-0.104606966,WR,B12,1.235384002
Jaiven Plummer,California,-2.782753395,0.297728073,-0.23212953,-1.086351002,0.366970942,0.27522335,-1.062504858,0.406226794,-0.165390956,3.830336488,0.364576165,WR,ACC,1.235248657
Tuna Altahir,Stanford,-1.441603579,-3.233361129,-0.330520403,-0.6897661,-0.602567642,0.501388951,0.064758561,-0.365011563,0.224676198,-0.072823104,0.061058323,RB,ACC,1.234557005
Jaxson Lavender,SMU,-1.937230616,-1.690999946,-0.881162223,0.328671203,-0.489713608,0.6051202,-0.515114333,0.150457522,-0.173236707,1.165638213,-0.159091082,WR,ACC,1.234330946
Tristan Smith,Clemson,-1.730720584,-0.292929924,-0.710709476,-1.451332932,0.196419998,-0.402258448,-0.039248405,-0.347567997,0.247186944,-0.030519622,0.084306321,WR,ACC,1.234236848
Ricky Ahumaraeze,Northwestern,-2.149516126,-0.185057336,-0.549266229,-0.967978993,0.281273753,-0.327326537,-0.461488903,-0.261204604,0.191328224,0.253530285,0.288713569,WR,B1G,1.233995546
Sam Franklin,South Florida,-0.030337447,-2.129251672,2.601750356,0.624146695,-0.693006501,0.249227223,0.198864186,-0.163159697,0.076495827,-0.344122511,0.027852833,RB,AAC,1.233224234
Nick Evers,UConn,2.588721895,-1.999434655,-2.756559399,0.550751856,0.121861277,-1.931180157,0.823950914,0.045887104,0.144426493,-0.302546964,-0.550693285,QB,Ind,1.2329287
Jyrin Johnson,Bowling Green,-0.50037915,2.15744396,-0.233267313,-1.906029169,0.187436628,-0.596710114,0.168025781,-0.414046672,0.379897349,-0.088437847,0.193455052,TE,MAC,1.231932949
Jose Corbo,Florida International,-2.227875951,-2.655332992,-1.378801522,-1.031487223,-0.4321425,0.656220456,-0.627083105,0.175159797,-0.343014038,-0.273941014,-0.137766096,RB,CUSA,1.231764727
Michael Jackson III,Purdue,-1.219851305,1.718009019,-0.386549064,-0.479674446,-0.023034178,-0.141077358,-0.194848599,-0.107174203,0.032064049,-0.309581817,0.080572938,WR,B1G,1.231645654
Cortez Braham,Memphis,0.040707901,4.475815326,0.302397698,-2.347964074,0.083122202,-0.514188582,0.35758145,-0.33991081,0.258296428,-0.81558288,0.097789092,WR,AAC,1.230905016
Alex Eichmann,Iowa,-2.167749371,-2.662556439,-1.460579733,-1.203697016,-0.440550254,0.669302219,-0.464268053,0.092399451,-0.248860928,-0.28002287,-0.051416423,WR,B1G,1.230739227
Romello Brinson,SMU,-1.348778796,2.435963067,0.057938776,-1.108818478,0.158087668,-0.180272531,-0.109842767,0.016683346,-0.006524275,0.710189412,0.037776349,WR,ACC,1.230475523
Patrick Overmyer,UTSA,-0.961123982,1.497788978,0.596387857,-1.766646493,0.111447765,-0.329491195,0.236613294,-0.058292281,0.069049142,0.293859169,0.040856318,TE,AAC,1.230332503
Bryson Goodwin,Temple,-2.180948479,1.140135899,0.417005126,4.585154392,-2.187556309,2.834946625,3.419949376,-1.04364376,1.065102488,0.273029804,0.564050949,WR,AAC,1.230203057
Johnmichael Gyllenborg,Wyoming,-1.209857742,2.734440707,-0.098258558,-0.337644752,0.072376351,-0.195213837,-0.121987583,-0.039660885,0.037031539,0.563694306,-0.00739447,TE,MWC,1.230165473
Dorian Lewis,UL Monroe,-0.837219569,-1.979437099,1.400857472,0.168295577,-0.769140486,0.739077597,0.831916834,-0.382094269,0.283741394,0.294007558,0.027076846,RB,SBC,1.230093244
Alex Honig,UConn,-1.880645125,-0.393288972,-1.002000961,0.856287848,-0.634942941,0.861754063,-0.616045434,0.327267613,-0.426331007,0.081304243,-0.189071585,TE,Ind,1.229926567
Zavier Short,Marshall,-2.222093196,-2.357881857,-1.45369996,-0.73698679,-0.499314139,0.757701035,-0.447572659,0.135959081,-0.282430278,-0.164209192,-0.092998475,WR,SBC,1.229462588
Tony Johnson,Miami,-1.288225151,3.169633064,0.081180716,-0.633094434,0.116736714,-0.193908151,-0.152411189,-0.014703934,-0.011612941,0.108052469,0.087075585,WR,ACC,1.229232379
Joshua Manning,Missouri,-1.553236025,1.911664325,-0.383524357,-0.762233736,0.346738962,-0.559422534,-0.602391431,0.02289231,-0.059425507,0.058023864,0.106943242,WR,SEC,1.228933106
Rodney Gallagher,West Virginia,-1.168050252,0.4048063,0.397624052,-0.871174312,-0.271410547,0.227853677,0.385550939,-0.310626872,0.194959599,-0.168793848,0.036397908,WR,B12,1.228613647
Arkese Parks,South Florida,-2.233148023,-3.624422165,-1.425286215,-2.182971218,-0.248743166,0.462896682,-1.166900356,0.287631309,-0.51262295,-0.363466811,-0.216872202,WR,AAC,1.228369107
Noah Fifita,Arizona,16.55403998,1.204770902,-6.397668608,0.296727004,-2.52842122,-1.147441031,-1.017978563,-1.185217806,1.538566087,-0.305366882,0.975952344,QB,B12,1.228339096
King Davis,Missouri State,-1.963092027,-2.162169671,-0.61099487,0.048094854,-0.829185052,1.069682909,0.234117436,-0.190061341,0.06757807,0.324084343,-0.042958371,RB,CUSA,1.226625242
Jaylon Coleman,Liberty,-1.426774661,-0.443449278,0.800926855,0.250079132,-0.830465732,1.150232485,0.955866574,-0.226886727,0.207003455,0.766633702,0.11609406,RB,CUSA,1.226611359
Gael Ochoa,UNLV,-2.273189869,-5.058408821,-1.913555188,-3.947629395,0.031475335,0.142334461,-1.807079251,0.410682584,-0.71564884,-0.685948436,-0.329812011,QB,MWC,1.226563768
Darrell Smith,Louisiana,-1.720592538,-2.989738877,-0.798377014,-0.808966894,1.480615695,2.300667994,0.003544055,-0.396775283,-0.481121448,-0.059882524,-0.042634961,RB,SBC,1.226201429
Steve Chavez-Soto,San José State,1.517765667,-3.228722342,4.34343249,0.987372883,-0.357542867,-1.066906624,-0.345277637,-0.354028281,0.369130839,-0.392989452,0.206626396,RB,MWC,1.225779442
Mason Williams,Ohio,-1.807252772,2.753040201,-0.072533005,0.468542962,-0.068685641,0.211939334,-0.284177243,0.249080521,-0.24694444,0.606823886,-0.066624265,TE,MAC,1.225464534
Mark Konecny,Western Michigan,-2.205837558,-3.714834927,-1.785925794,-2.473162102,0.809646831,0.563488827,-1.699602985,0.361710468,-0.826774697,-0.442255884,-0.331153385,QB,MAC,1.225424345
Evan Svoboda,Wyoming,-0.675409356,-1.896894215,-2.273973241,-0.614217601,1.905597784,-4.085130743,8.270731117,10.90643395,-8.529814674,-0.387716525,18.73059026,TE,MWC,1.225407959
Titus Mokiao-Atimalala,UCLA,-1.126797822,2.725956381,-0.199562907,-0.16538738,0.085300987,-0.377245986,-0.24705833,-0.229346497,0.116417306,-0.826275208,0.150189512,WR,B1G,1.225103067
Andrel Anthony Jr.,Duke,-1.673642383,0.586861384,-0.456540951,-1.084054021,-0.070502109,0.094877613,-0.101686113,-0.023500313,-0.025770815,0.413257957,-0.023090176,WR,ACC,1.224922823
Isaiah Johnson,Cincinnati,-1.564332828,2.038485021,0.672251106,0.075437634,-0.114303402,0.19239493,0.673486716,-0.414066621,0.317398942,0.139777018,0.081107046,WR,B12,1.224889738
Jordan Faison,Notre Dame,-0.580836483,3.945176457,0.170577118,-1.760675152,0.568992621,-0.984343292,-0.807393604,0.088292335,-0.19746094,-0.530407657,-0.140570271,WR,Ind,1.223662287
Josh Bell,UTEP,-2.192825794,-2.789661499,-0.837290838,-0.836933046,-0.763149468,1.129096661,0.033347769,-0.078323907,-0.115100519,-0.245850556,-0.066692409,RB,CUSA,1.22349828
Dominiq Ponder,Colorado,-1.85800898,-4.615132831,-1.613700618,-2.841645276,-0.64631262,0.869371922,-0.255969739,-0.003078298,-0.135996133,0.21520526,-0.078296075,QB,B12,1.223492461
Ja'Ricous Hairston,Virginia Tech,-1.836060589,2.335963953,-0.39466067,0.716448519,-0.057021632,0.108845682,-0.240087884,0.08622782,-0.083846427,1.12247992,-0.158137154,TE,ACC,1.22347299
Kenny Odom,UTEP,-0.753657817,3.212613413,0.552160238,-2.893047702,0.797081403,-1.423214756,0.936201616,-0.687303265,0.7378492,0.827404345,0.110786481,WR,CUSA,1.222977098
Jaedon King,Louisville,-2.094412258,-3.327749268,-1.539751263,-1.648461699,-0.571573907,0.830257451,-0.39853758,0.123714382,-0.303149055,-0.373648869,-0.127179298,WR,ACC,1.222874959
Corey Simms,USC,-2.439687205,-1.499207455,-1.127320296,-0.212212193,-0.352896432,0.653001486,-0.597120026,0.17328034,-0.282634733,0.208713646,-0.016802339,WR,B1G,1.222696123
Tucker Parks,Western Kentucky,-1.61240722,-4.180324072,-1.077386586,-1.970297555,-0.789679607,0.974818366,0.249419066,-0.27319484,0.142811234,0.394002347,-0.018292396,QB,CUSA,1.222634961
Jeremiah Coney,Virginia Tech,-1.375461334,-2.639176918,0.14820415,0.177676205,-0.897644845,0.97788438,0.633986372,-0.374864922,0.275029034,0.349922298,0.050454,RB,ACC,1.22260315
Michael Thomas III,Rutgers,-3.419640787,8.416543809,0.144934138,8.601589151,1.251340596,-1.903103641,-1.302470684,-0.12984148,-0.015251589,-2.267956844,0.294272415,WR,B1G,1.222168272
Zane Smith,Houston,-2.251646184,-2.195514617,-0.604663529,-0.054561037,-0.98831693,1.47623584,0.552360848,-0.182413415,0.013821143,-0.071818997,-0.029342102,RB,B12,1.221925686
DJ Black,UCF,-1.425058815,0.757658213,-0.030423329,-1.857560875,2.774734559,0.476165156,0.158155354,-0.79328958,0.04632475,0.196954603,0.377744741,WR,B12,1.221794309
Ja'Carree Kelly,Delaware,-1.648013314,0.676779364,-0.953746123,-3.184111675,4.353513998,-1.537574858,-3.378935244,0.132845328,-1.140623806,-0.403733408,-0.543152973,WR,CUSA,1.221316602
Frank Peasant,Memphis,0.31002419,-2.459490923,2.352190901,0.060123523,-0.248740594,-0.705314487,-0.159391921,-0.441064765,0.395108224,-0.350400155,0.187166998,RB,AAC,1.221259853
Jonathan Bibbs,UL Monroe,-1.724440856,5.684215998,0.789705564,2.132321595,0.516702682,-0.45745244,-0.645398322,0.350740232,-0.073538894,3.219111609,0.070837812,WR,SBC,1.221040324
Cornelius Warren,Arizona,-0.75573188,-3.457809086,-0.073593484,-0.635130703,1.54585332,1.725965747,0.313469852,-0.887254403,0.052707726,0.220662047,0.094761781,RB,B12,1.220843909
Athan Kaliakmanis,Rutgers,15.03563222,0.288792023,-4.220066419,0.538100618,-2.139510112,-1.288253908,-0.845329552,-0.527748317,0.960762182,0.443237352,0.503756066,QB,B1G,1.220666399
Gemari Sands,Florida Atlantic,0.162566177,-1.793457507,2.172377717,-0.249496194,0.511627586,-1.887476652,-0.011831902,-1.099353278,1.031966487,-0.430438361,0.456478132,RB,AAC,1.220250078
Jalen Likely,Jacksonville State,-1.590101125,-3.183178096,0.113391306,-0.74384647,-0.23095542,1.925330658,0.865829922,-0.341338713,0.021853141,0.758808984,0.010190338,RB,CUSA,1.220082905
Bailey Stockton,Georgia Tech,-1.507950331,1.704053372,0.090063402,0.587308775,-0.355882773,0.449300498,0.515059797,-0.316835968,0.259802521,0.206826235,0.128729566,WR,ACC,1.219444128
Terrell Mitchell,Rutgers,-1.957948376,-2.267640883,-0.475623159,-0.058185823,-0.742676179,0.873420546,0.285992808,-0.359720591,0.138673628,-0.924678532,0.097489454,RB,B1G,1.219213987
Jeremy Scott,South Alabama,-1.681478264,2.335953227,0.268263785,-2.08312209,0.421271318,-0.355007377,0.172609584,0.002893018,0.082326617,1.489024694,0.092033674,WR,SBC,1.218997734
Jake Reichle,Oregon State,-2.015291164,0.214008574,0.042656573,2.2066439,-1.15515895,1.658888307,0.861987703,0.06660021,0.042630441,1.729242488,0.033812179,RB,PAC,1.218935355
Maurice Stephens,Kent State,-1.802362207,1.984820157,2.94784178,7.292177592,-4.128259521,5.630698788,7.668246679,-2.163220248,2.247667876,1.377408504,0.784544826,WR,MAC,1.218720179
Jhae Drummer,Oregon State,-2.823491419,2.218317062,-0.796183274,3.854709724,-0.153467856,0.332996551,-0.702467841,0.304064997,-0.346677517,0.460401234,-0.131042147,WR,PAC,1.218491597
Mason Andrade,Wake Forest,-2.196837675,-2.77089555,-0.901258713,-0.850127056,-0.76211489,1.135724964,0.037028747,-0.076556215,-0.117742775,-0.264268452,-0.067264975,TE,ACC,1.218309089
Kaden Wetjen,Iowa,-1.267176384,-2.021678774,0.057392267,0.501997535,0.422472401,2.452450564,0.901445347,-0.478654776,-0.143605885,-0.176550463,0.060234899,WR,B1G,1.217312438
Takye Heath,Virginia Tech,-1.739033172,0.016342419,-0.071601918,-0.597239273,-0.236221436,0.217349111,0.777346264,-0.557712971,0.426225012,-0.289576803,0.133711654,WR,ACC,1.216474709
Josh Beetham,Georgia Tech,-2.751418995,3.711854433,-0.139578404,3.13128581,0.16233253,0.175337212,-0.692021126,0.436648512,-0.251814405,2.933628859,-0.114680911,TE,ACC,1.215874859
Gideon Davidson,Clemson,-0.72854813,-2.117053745,1.098003007,-0.192585901,0.171391029,-0.993815543,-0.066566555,-0.869971089,0.73143332,-0.446526984,0.32283091,RB,ACC,1.21576296
Bryce Farrell,Stanford,-1.189852859,-1.120362975,-0.478934812,0.235461006,-0.777338435,0.841817106,-0.268568219,0.091429141,-0.23764243,-0.422427786,-0.165619994,WR,ACC,1.215268894
Jeremiah Scoby,Bowling Green,-2.10646137,0.531634914,0.379474227,3.022930636,-1.602434103,2.283199474,2.310013999,-0.596233451,0.696591629,1.597877756,0.389694405,TE,MAC,1.215032743
Luke Hutchison,Navy,-2.072461107,2.923456486,0.581122252,2.653765974,-0.92386898,1.301327682,1.925698607,-0.537326206,0.734307402,1.354061306,0.702328522,WR,AAC,1.213546334
Arnold Barnes,Tulane,-0.043002533,-2.999021043,1.297077237,0.405694135,2.152538942,1.864660434,0.097332264,-0.714891322,-0.304430382,-0.601942505,0.083341049,RB,AAC,1.213111961
Jeremiah Hasley,Duke,-1.743709233,1.883125037,-0.208362322,-0.686112141,0.040673504,-0.057593302,0.055414242,-0.055235063,-0.002603859,0.122313309,-0.018193549,TE,ACC,1.21302035
Ravian Larry,Utah State,-2.263186424,-4.011588271,-1.377695902,-2.580345343,-0.330497106,0.626607439,-0.988964242,0.207837077,-0.484103937,-0.638689904,-0.232590201,RB,MWC,1.212563899
Jeffery Pittman,Southern Miss,2.382277605,-2.153405816,4.906683711,0.196878013,-0.254447932,-1.423540147,-0.510729096,-0.157430975,0.277694045,-0.396385416,0.261521287,RB,SBC,1.212451264
Keaton Cheves,SMU,-2.383221163,-2.238921673,-1.245681892,-0.852645993,-0.44300793,0.771067648,-0.544450704,0.170295619,-0.306008096,0.044026124,-0.044907162,WR,ACC,1.212271791
Brendon Haygood,Missouri,-1.715283445,-2.381583567,-0.727687321,-0.280949845,-0.47784335,0.301604978,0.081980637,-0.493927184,0.223905592,-1.620530261,0.106988222,RB,SEC,1.21181601
Zach Williams,USC,-2.719844616,4.9242012,0.126755628,4.159792808,0.574432184,-0.519010568,-1.042752695,0.144930302,-0.030903975,1.491435599,0.384305542,WR,B1G,1.211795187
Anthony Smith,East Carolina,-0.89417959,3.970452467,0.354008361,-1.395312128,0.21360708,-0.39410982,0.003320818,-0.068776723,0.031733084,-0.226342524,0.076168777,WR,AAC,1.211215954
Kam Davis,Florida State,-1.550519491,-0.626521748,0.6596828,1.053721264,-0.101664498,-0.176252675,0.267374389,-0.628414337,0.556965113,0.025408562,0.381088736,RB,ACC,1.210907597
Deuce Adams,Louisville,-1.5766672,-3.039039086,-1.016228145,-1.038226781,-0.395484754,0.349557134,-0.337078394,-0.19032157,0.054380555,0.219159999,-0.062148853,QB,ACC,1.210735958
Matthew Coleman,San José State,-1.509445154,1.907569019,-0.359675935,0.05386864,-0.162607912,0.169386016,-0.250887499,0.074367138,-0.135012026,0.046751264,-0.049572251,WR,MWC,1.210722427
Trenten Howland,Oklahoma State,-0.631542708,-2.679681742,1.160927536,0.509642428,-0.749600732,0.363382879,0.115185347,-0.233255132,0.160344431,-0.104040485,0.016382193,RB,B12,1.210325735
David Cordero,Hawai'i,-1.662276516,-2.213042989,0.058525772,-0.121617659,-0.484231281,0.471265754,0.040619144,-0.281807784,0.145226838,0.012462684,0.031168898,RB,MWC,1.21028156
Caleb Williams,Pittsburgh,-2.251227639,-4.233862219,-1.460956727,-2.675449483,0.060758303,-0.053068833,-1.223679958,-0.003162994,-0.308427243,-0.866768549,-0.201517848,RB,ACC,1.209922066
Hayden Hagler,Missouri State,-2.485932671,-0.800668154,-0.99143275,0.172946551,-0.297807356,0.637677854,-0.594433958,0.24834601,-0.303960653,0.79690222,-0.073132747,TE,CUSA,1.209641579
Tyler Mason,Virginia Tech,-1.703699423,-0.962185362,0.106520002,1.221579522,-0.896628459,0.988047312,0.875260632,-0.420485956,0.319461051,0.169904323,-0.025410012,RB,ACC,1.208881445
Curtis Whiting,Sacred Heart,-1.665411364,-3.133646942,-0.386768907,-0.861313132,-0.484104134,0.470140042,-0.482582833,-0.02085885,-0.144469258,-0.301426056,-0.074383508,RB,INDAA,1.208759715
Wesley Yarbrough,Arizona,-1.341385537,-2.894239327,-0.019573566,-0.395750818,-0.607630095,0.488014325,0.032542197,-0.308907993,0.204519993,0.315721587,0.010532639,RB,B12,1.208107244
Noah Rogers,NC State,-0.637776507,3.50301613,0.083738096,-1.144443284,0.168656881,-0.508076425,-0.112441522,-0.281937473,0.184602101,-0.874959637,0.22636158,WR,ACC,1.208060026
Robert Williams,Louisiana,-1.29477911,1.954854494,-0.149731688,-0.945993219,-0.012043308,0.048384825,-0.17039695,0.076978705,-0.057212982,0.846018987,0.014314265,WR,SBC,1.207511894
Kamryn Perry,Miami (OH),-0.820320236,3.060139287,0.121957524,-1.702478024,0.256206718,-0.496399542,-0.013119564,-0.159604657,0.142917588,0.002748045,0.157859085,WR,MAC,1.207430196
Ryan Huff,Old Dominion,-2.296532657,-2.950699831,-1.406548761,-1.33917665,-0.567817564,0.91625002,-0.475476488,0.172937832,-0.335461172,-0.157981232,-0.083788063,QB,SBC,1.207003545
Logan Blake,Rutgers,-2.324340608,-1.95455658,-1.226950656,-0.628152428,-0.396329377,0.699951498,-0.539265642,0.159216013,-0.258433548,0.400487577,-0.043327812,TE,B1G,1.206878502
Franklin Estrada,TCU,-2.048690117,-2.860360731,-0.981134016,-0.948126399,-0.629694142,0.860338886,-0.121429996,-0.106197555,-0.084350046,-0.304318354,-0.070750167,RB,B12,1.206835589
Adrian Norton,Marshall,-0.405779493,4.590640607,0.250521338,-1.125762906,0.050272203,-0.344837789,0.124238282,-0.117839277,0.078911713,-0.466997735,0.073739502,WR,SBC,1.20670688
Larry Simmons,Utah,-1.42969242,2.689983648,0.674634297,-0.634472901,-0.179390722,0.095824995,1.44915441,-0.733010676,0.69588625,-0.434025514,0.470936224,WR,B12,1.206262123
Jeremiah Franklin,Boston College,-1.430699559,1.945526895,-0.2085031,-0.80428177,0.063109732,-0.158334639,-0.026201756,-0.098192744,0.046857459,0.051517964,0.038292626,TE,ACC,1.206247666
JaMario Clements,Wake Forest,-1.719644026,-2.934601074,-0.32563458,-0.73296191,-0.330117004,0.247982632,-0.175732278,-0.283929717,0.172879414,0.352487967,0.039123903,RB,ACC,1.205924354
Jalen Cooper,SMU,-1.42860288,2.897497793,0.260782458,-0.712907626,0.462837721,-0.741876363,-0.183295174,-0.280629705,0.227379643,-0.20128984,0.264673,WR,ACC,1.205276842
Simeon Price,Colorado,-1.06747454,-2.393056671,0.785138916,0.091877884,-0.616434056,0.431725778,0.525634698,-0.480950294,0.40526559,0.349813922,0.122197494,RB,B12,1.205186078
Blake Bosma,Western Michigan,-1.255851019,2.655158368,-0.055469106,-0.825385281,0.012481,-0.071291096,-0.039751533,0.006859054,-0.047700108,0.074204359,-0.007749705,TE,MAC,1.204985096
Devon Rice,Kansas State,-0.95954315,-1.889802728,0.981804845,-0.217551595,-0.249962199,-0.004575792,-0.358312704,-0.05866106,0.095582364,1.103567064,0.109397156,RB,B12,1.204928877
Keynan Higgins,Colorado State,-2.44168712,-1.698809707,-1.155202525,-0.358236542,-0.392530099,0.711478357,-0.582945384,0.187075861,-0.304036419,0.170984323,-0.035230703,WR,MWC,1.204884317
Marlon Gunn,East Carolina,-0.173632773,-2.233089842,2.172160013,0.317702338,-0.156021871,-0.593492659,-0.525637496,-0.167057872,0.134189497,-0.078803118,0.11437272,RB,AAC,1.204259262
Juelz Goff,Pittsburgh,-0.166178971,-1.576683046,1.588981337,0.139490329,-0.211333452,-0.545111754,-0.45116569,-0.26247255,0.200830921,-0.544934067,0.175312566,RB,ACC,1.204174132
Ashten Emory,UTEP,0.604755463,-2.214073529,2.643936264,-0.075794905,0.123089594,-1.377303317,-0.376094186,-0.540200684,0.490974822,-0.363240254,0.143915332,RB,CUSA,1.203971692
Lafayette Kaiuway,TCU,-2.838759025,3.327140157,-0.420833614,3.98340001,0.031812586,0.157036209,-0.716165816,0.341703639,-0.309866828,1.236139363,-0.138398798,TE,B12,1.203455064
Colin Weber,Rutgers,-1.726987695,0.379284334,-0.617448799,-0.466524922,-0.161515234,0.271101931,-0.318993992,0.092602144,-0.119368322,0.657699557,-0.010879654,TE,B1G,1.203366392
Terrell Anderson,NC State,-0.798034622,4.238834734,0.29204945,-1.244902711,0.245030939,-0.524869709,0.0521303,-0.222711316,0.156597218,-0.641770681,0.197177312,WR,ACC,1.203219484
Rocky Beers,Colorado State,-1.243547895,2.478814068,-0.157549247,-0.218426485,0.11690031,-0.400076553,0.066193504,-0.213365075,0.175603728,0.024957569,0.030420614,TE,MWC,1.203073231
Terry Bussey,Texas A&M,-1.294799133,1.210762131,0.500883629,0.044022485,0.612511529,0.620715492,-0.125515181,-0.129935582,-0.223444036,-0.586302627,0.041269541,WR,SEC,1.202972058
Clayton Coppock,Kennesaw State,-0.86277153,1.537655708,0.933456083,-1.799652111,0.104282714,-0.437998752,0.965624897,-0.561098979,0.522532613,-0.094927199,0.196780928,WR,CUSA,1.202908798
Caleb Goodie,Cincinnati,-1.21844523,2.55095076,0.249710777,-1.278653309,0.311695078,-0.500617446,-0.090598356,-0.110435279,0.099537993,0.125727557,0.190895084,WR,B12,1.202636068
Christian Bentancur,Clemson,-1.827436857,0.736237128,-0.551195631,-0.585811093,-0.18652258,0.436013449,-0.2071734,0.217069622,-0.172314971,1.367155766,-0.028239578,TE,ACC,1.20260599
Michael Trigg,Baylor,-0.973030353,3.410756336,0.045353207,-0.529407063,0.155968119,-0.428392806,0.034043754,-0.192989596,0.159415965,-0.154286737,0.114431901,TE,B12,1.202130507
Ed Small,TCU,-1.031574277,2.147956235,-1.111795766,-0.380917354,2.919856879,0.068244603,-1.862078728,0.150559708,-0.780676163,0.956719735,0.007666527,WR,B12,1.201610685
Devin Gandy,Louisiana Tech,-1.259843192,1.674398412,-0.042023305,-1.22549032,0.91909879,0.273792075,-0.045803612,-0.124967969,-0.044283727,1.23331887,0.019123722,WR,CUSA,1.2014684
Izayah Cummings,App State,-1.633386277,0.328894358,-1.053744221,1.504008304,-0.638239817,0.751096007,-0.56690905,0.198147313,-0.2728926,0.232061746,-0.125385339,TE,SBC,1.201147728
Vincent Genatone,Nebraska,-2.419812787,-1.161187983,-0.823296237,1.086577467,-1.071093947,1.585470181,0.576716118,0.019406117,-0.038922717,0.830764812,0.012773899,RB,B1G,1.200751677
Randy Pittman,Florida State,-1.086066002,2.682831121,-0.060813272,-0.363017021,-0.044152727,-0.095579271,-0.192870825,-0.013792709,-0.041833029,-0.144741382,0.015449968,TE,ACC,1.200240515
Marcus Torres,UTEP,-2.217969041,-1.231572408,-1.100514505,-0.073855139,-0.371832665,0.631918678,-0.462632972,0.126055308,-0.17012171,0.926731936,-0.047591055,WR,CUSA,1.199994066
Nate Bennett,Baylor,-0.888088755,-1.28795817,-2.234361332,1.004570736,0.215232927,-1.032916592,1.062179563,0.779400026,-0.779825811,-1.437627716,-2.003558402,QB,B12,1.199919163
Troy Marquez,Old Dominion,-2.234730143,-0.665708432,-0.020624359,2.142946947,-1.724061281,2.427056225,2.080867158,-0.549059361,0.509175013,0.605475738,0.241072751,RB,SBC,1.19972585
Keenan Jackson,NC State,-1.522435389,1.520783737,-0.351169164,-0.577061048,0.03091843,-0.119230731,-0.129313347,-0.077477093,0.020381281,0.026806362,0.041414502,WR,ACC,1.199701109
Perry Thompson,Auburn,-1.947151457,0.814575173,-0.538104236,0.00313175,0.245884694,-0.283457602,-0.416299772,-0.117655612,0.151985468,1.251247135,0.181934202,WR,SEC,1.19962566
Jake Thaw,Delaware,-0.376592649,2.389533294,-0.035009055,-1.30029735,3.253341759,1.012497051,0.294455807,-0.930216414,-0.073652991,-0.523126867,0.23417031,WR,CUSA,1.199512221
Devin Spencer,Arkansas State,0.221292025,-2.858309846,2.201458263,0.118651097,2.448035978,-0.168502444,0.108390874,-1.361549817,0.535155981,-0.543650195,0.339960228,RB,SBC,1.198855954
Chris Hunter,Arizona,-0.861368076,2.0843045,-0.152498851,-1.40184111,0.115125921,-0.412536124,0.003545707,-0.26043386,0.203198754,-0.222531024,0.136399274,WR,B12,1.198692923
Steven Blanco,Louisiana,-1.296324529,-0.936064777,1.640028605,0.242863312,-0.287384251,0.337587215,-0.218857924,-0.051564262,0.081219492,0.868144119,0.395943789,RB,SBC,1.198375973
Elijah Metcalf,Southern Miss,-0.682010548,3.391736045,0.287036708,-1.628032868,0.222184938,-0.558495229,0.1883064,-0.253555036,0.204574561,-0.229083507,0.072367432,WR,SBC,1.197773064
AJ Jones,Middle Tennessee,-2.012396516,-0.543712885,-0.535742961,-1.933604084,0.133351717,-0.176343381,0.220011233,-0.1874028,0.135300216,0.508836812,-0.029300111,WR,CUSA,1.197286649
Payton Matthews,Rice,-2.700060632,3.333639468,-0.166108818,2.616426036,0.030096538,0.586218524,-0.802274088,0.587623001,-0.301774128,3.926613138,0.113506085,WR,AAC,1.197034456
Cam Barfield,Hawai'i,-1.028840707,-2.038552656,1.18622648,-1.068544291,0.153516636,-0.711225154,-0.055597118,-0.509473875,0.410114426,0.178150923,0.07698949,RB,MWC,1.196742271
Terrance Shelton Jr.,Buffalo,-1.383065324,-2.584920915,0.462376048,0.118440723,-0.817348991,0.881650755,0.065887074,-0.016799293,-0.078086518,0.114237731,-0.047129669,RB,MAC,1.196704523
MJ Flowers,UConn,-1.332517638,-2.830401005,0.219765047,-0.277193637,-0.719345444,0.709128867,0.269712444,-0.276603962,0.162360906,0.196951676,0.000290069,RB,Ind,1.196290842
Noah Vaughn,Virginia,-0.496346678,-2.344650532,1.115110446,0.75605837,-1.131412819,0.883646444,0.928107457,-0.587540842,0.433445429,-0.864381839,0.188123621,RB,ACC,1.195648886
Frank Bierman,Minnesota,-2.424434687,-1.461327438,-1.079461043,-0.3275998,-0.312967696,0.628262827,-0.590949115,0.193149002,-0.270627082,0.607190189,-0.038385467,TE,B1G,1.19530585
Ty Clark III,Wake Forest,-0.836905721,-1.029402662,1.263569849,-0.597606258,0.160527073,-0.765336864,-0.196910685,-0.461030318,0.366169508,-0.332595191,0.19426989,RB,ACC,1.194977873
Keveun Mason,Temple,-1.078406776,-2.924299642,0.768476534,-0.579846116,-0.506137464,0.324083269,0.422442907,-0.489951665,0.38003676,-0.04371876,0.204917019,RB,AAC,1.194814205
DAndre Hardeman Jr.,Rice,-0.565371284,-2.375979034,1.572138812,0.971713413,-0.91794142,0.620313853,0.571565127,-0.333915916,0.297165903,-0.144926474,0.241158287,RB,AAC,1.194806938
DeShawn Hanika,Kansas,-1.937800616,3.250565536,-0.301016726,1.803931518,-0.104377312,0.249541935,-0.216564083,0.205459479,-0.112110406,1.745802383,-0.102712934,TE,B12,1.194664041
Juju Preston,Clemson,-2.306795335,-2.056033757,-1.331122203,-0.684016786,-0.411119066,0.693297097,-0.512050303,0.145267463,-0.266751526,0.091633154,-0.047359697,WR,ACC,1.19439573
Matt Lauter,Boise State,-1.170772321,3.312915197,0.091540617,-0.799642867,0.071773267,-0.186508871,0.056522947,-0.009194873,-0.036810137,-0.199583685,0.002555035,TE,MWC,1.194344871
Jalen Alexander,Ball State,-2.169607985,-2.655170009,-0.742037239,-0.796693628,-0.657347562,0.965091773,0.01791085,-0.121283806,-0.064465178,-0.215776787,-0.038861324,RB,MAC,1.194344422
Walker Lyons,USC,-1.814518167,1.038308499,-0.528878449,-0.099160349,-0.140645167,0.201405391,-0.348231539,0.068095269,-0.14194394,0.047616537,-0.005155681,TE,B1G,1.193275876
Vincent Wilkins,Boston College,-2.716191781,3.305196505,0.050430871,2.12982894,0.222765171,0.252559233,-0.997692497,0.499562351,-0.310109718,3.009451111,0.089976031,WR,ACC,1.19316443
Chris Lawson,Washington,-2.229854424,-0.425897116,-0.721268628,-0.817069252,0.01300128,0.21590598,-0.492942507,0.103226634,-0.126942319,0.775932694,0.145762891,WR,B1G,1.193114468
Dallas Payne,Florida International,-1.698442857,1.918509706,-0.242818553,-0.268682607,-0.077520683,0.173955443,-0.227080124,0.127917929,-0.157265046,0.433353999,-0.037727657,TE,CUSA,1.193045739
Judah Price,Marshall,-1.293224498,-3.11096606,-0.338144903,-0.562551521,-0.756900552,0.721066004,0.232656575,-0.331690166,0.244576176,0.425535368,0.06241472,RB,SBC,1.192960002
Brady Boyd,Utah State,-1.6927014,1.1967354,-0.355986129,-0.745337342,0.098861204,-0.170713416,0.008181106,-0.105904706,0.091039609,0.599111272,0.021750049,WR,MWC,1.192722704
Camden Overton,Georgia State,-1.461747931,0.754397444,-0.637982338,-0.235995862,-0.087846847,0.005924148,-0.174242739,-0.062674127,0.059057795,0.764805663,0.001365064,TE,SBC,1.192313733
Eddie Freauff,Oregon State,-2.001144277,0.160737974,-0.600842168,-0.650309077,-0.140963367,0.414462754,-0.379065709,0.225546763,-0.196003859,1.415655093,-0.027116363,WR,PAC,1.192284517
Shekai Mills-Knight,Ole Miss,-1.749550465,-3.246020899,-0.679514661,-1.150550881,-0.309757693,0.205895002,-0.421286642,-0.317902885,0.080950254,-0.604550635,-0.033594917,RB,SEC,1.191975263
Quentin Gibson,Colorado,-1.920592242,-1.433916254,-0.399882679,-0.407438417,-0.826760719,1.171876634,1.013991371,-0.346325182,0.282197329,0.377234197,0.139488314,WR,B12,1.191928527
Michael Masunas,Michigan State,-2.118723017,0.485779969,-0.630299303,-0.16103849,-0.096600534,0.23602793,-0.341968767,0.100560227,-0.167739533,0.186772098,0.011846307,TE,B1G,1.191803295
DJ Williams,Sacred Heart,-1.583398085,-2.490015653,0.028040854,0.124448265,-1.043911112,1.243419824,0.819317549,-0.444347917,0.318277913,0.188577253,0.069935282,RB,INDAA,1.191777475
BJ Hawkins Jr.,UAB,-0.588719102,3.413981461,2.280484764,1.10349704,-1.254612969,1.286544347,4.144230442,-1.726571024,1.61951214,-1.565800295,0.784759396,WR,AAC,1.191408078
Jake Young,Charlotte,-2.160891154,0.51535585,-0.93800266,1.595411297,-0.342810598,0.650721535,-0.520625585,0.298358862,-0.20574712,2.250886002,-0.106996563,TE,AAC,1.191404249
David Eziomume,Clemson,-1.544023963,-2.643272645,-0.04184136,-0.021357178,-0.949488189,1.070152252,0.627505964,-0.394399097,0.245307655,-0.304259972,0.121199846,RB,ACC,1.191324052
Devon Tauaefa,Hawai'i,-2.292166036,-0.338606367,-0.679616866,-0.510029925,-0.131128668,0.412802313,-0.43535977,0.189428289,-0.214603242,1.004649469,-0.033463788,TE,MWC,1.191079525
Brandon Hills,Akron,-2.028911178,-3.502582669,-1.543509619,-1.841939752,0.132590792,1.479239985,-0.354836914,0.071921716,-0.423608178,0.15018031,-0.086132675,WR,MAC,1.190656058
Ayden Harris,Kent State,-1.408363388,-3.182156632,-0.192990551,-0.568942654,-0.924454107,1.055857696,0.426184242,-0.282034247,0.216313035,0.765153839,0.032695943,RB,MAC,1.190509247
Jarris Williams,Troy,-1.8028275,-3.0638901,-0.478077513,-0.703074685,-0.541157736,0.598152571,-0.111244818,-0.181808143,0.012013087,-0.19498515,-0.031460748,RB,SBC,1.19046925
KD Daniels,Florida,-1.163726949,-2.561815936,0.409284247,0.259564954,-0.854030588,0.761777218,0.40755535,-0.313563714,0.190107797,-0.294681423,0.049169299,RB,SEC,1.189879569
Shane Marshall,Georgia Tech,-1.726638132,-2.695477378,-0.627699205,-0.484686039,1.634815707,2.265289735,0.210423199,-0.568171131,-0.347865656,-1.087940821,0.007330541,RB,ACC,1.189453422
Evan Dangler,South Florida,-2.735223039,2.322438713,-0.772758973,3.795288257,-0.214560666,0.371878165,-0.564499097,0.299840497,-0.343851102,0.390176876,-0.175447573,TE,AAC,1.189074455
Glynn Johnson Jr,New Mexico State,-1.276882846,2.703607329,0.107547784,-0.086381864,0.015762613,-0.136811979,-0.07496422,-0.163572785,0.088936093,-0.030020818,0.04634998,WR,CUSA,1.189012312
Luke Watkins,Louisiana Tech,-1.917454844,-0.358943584,-1.403961657,0.497461159,0.474584828,-0.941994308,0.049532946,0.2446999,-0.314320374,-1.375155921,-0.552410603,WR,CUSA,1.188801424
Sean Cuono,Indiana,-1.987627702,-1.760413986,-0.064133494,0.875412496,-1.457996152,2.040323746,1.481253176,-0.43257518,0.356395518,0.691321601,0.084252444,RB,B1G,1.188768175
Tray Kinkle,South Florida,-2.308031812,2.938483823,1.373698513,7.243406191,-2.892539337,3.675254853,5.362254534,-1.731071559,1.711629481,-0.943849552,0.973463511,RB,AAC,1.188360451
Kenny Williams,Florida International,-2.146650031,-2.14108962,-0.54248325,0.126073441,-1.131593413,1.701870801,0.868552191,-0.250061126,0.122386002,0.457440879,-0.040303283,WR,CUSA,1.187738791
Tre Spivey,Arizona,-1.564201984,2.778636268,0.057952646,-0.402556833,0.245522762,-0.390347013,-0.18043513,-0.086681466,0.044460811,-0.070286732,0.13986094,WR,B12,1.187569972
Tommy Maher,Colorado State,-0.953307542,1.035336099,-0.229381975,-0.491859866,4.415193178,2.071595439,-0.068262782,-0.86871114,-0.483611301,0.405524151,0.212537317,WR,MWC,1.187334497
Dylan Lee,Iowa State,-1.138890975,-2.833231957,0.353795231,-0.182402901,-0.542162527,0.330583279,0.032889943,-0.315346066,0.212496724,0.114782175,0.058001611,RB,B12,1.187276608
Jordan Brunson,Miami (OH),0.809106479,-3.052572626,3.105140107,1.1651105,-0.852801842,-0.060808401,0.315761117,-0.418926127,0.35676292,-0.58624751,0.118643749,RB,MAC,1.187261637
Willy Suarez,Florida State,-2.430602584,-1.660870507,-1.170645317,-0.325148279,-0.388960446,0.70637111,-0.576919908,0.187142485,-0.300309128,0.202321619,-0.037049997,WR,ACC,1.186583206
Trent Hudson,Vanderbilt,-1.514505413,1.365382964,-0.489599925,-0.539632533,0.314643143,-0.706415264,-0.398948979,-0.396491436,0.201662,-1.849705892,0.37012562,WR,SEC,1.186283193
Kajiya Hollawayne,Temple,-0.928295422,2.082003709,0.071591732,-1.560080525,2.483884578,0.791731774,0.385987567,-0.61671833,-0.084002241,0.554736978,0.126299298,WR,AAC,1.185999146
Latrell Caples,Boise State,-0.254779365,3.936425422,0.106197394,-1.594800037,0.105990774,-0.563769389,0.239548099,-0.378500042,0.293048254,-0.773040165,0.108715264,WR,MWC,1.185948412
Ja'Vin Simpkins,Coastal Carolina,-0.088646919,-3.445957483,1.565266037,0.335906308,-0.448186909,-0.34249166,0.117381329,-0.623618985,0.531999116,-0.332389751,0.200953361,RB,SBC,1.185720292
Saeed St. Fleur,Delaware,-1.9603732,-1.030322833,0.281347895,1.837739876,-1.798834749,2.551855404,1.979221971,-0.407998468,0.416858456,1.515767946,0.063445958,RB,CUSA,1.185658477
Malichi Greaves,UConn,-1.77338523,-3.705973831,-0.724832566,-1.519199653,-0.721020386,0.924875188,0.32457476,-0.309551007,0.138817096,-0.054471962,0.009697965,RB,Ind,1.185482822
Chico Holt,Stanford,-3.440021098,8.156312284,0.380461368,8.136326807,0.953089779,-1.101601079,-1.348772993,0.103802697,0.01428423,1.257967088,0.342296259,TE,ACC,1.185047525
Ben Black,Rutgers,-2.150312006,0.706983924,-0.536367382,-0.19658572,0.068638369,0.070382538,-0.432799793,0.037160084,-0.043554909,0.892970345,0.118831911,WR,B1G,1.184908153
Tyvonn Byars,Rice,-0.991639868,0.265325167,2.0239748,0.983852325,-0.153762629,0.00560149,-0.274597888,0.02801639,0.022660427,0.778877454,0.249921968,RB,AAC,1.184477972
Dennis Palmer,Troy,-1.312641269,-3.096528429,-0.059495095,-0.481003734,-0.538432037,0.322495324,0.009197505,-0.424161936,0.28102965,0.01756537,0.032347349,RB,SBC,1.184409541
Tyler Wrenn,UCF,-2.170280701,0.169087457,0.275215869,2.293240891,-1.256876553,1.849815608,1.617969776,-0.414844217,0.476750869,1.374520256,0.307290263,RB,B12,1.184169745
Quinton Brown,Boise State,-2.255695837,1.694179082,0.808687956,0.410648678,0.033806393,0.170074889,0.552607289,-0.402577979,0.377685507,0.681187198,0.32790349,WR,MWC,1.183838896
Tra'Mar Harris,Purdue,-1.584828025,-3.703585059,-1.445366126,-2.067269225,-0.336797953,0.265513155,-0.353975901,-0.21348011,0.065359675,-0.269879088,0.089785862,WR,B1G,1.183607273
Hunter Summers,Arkansas State,-1.198727813,2.539089478,0.000803721,-1.1706666,0.273417254,-0.56141375,0.186584047,-0.237279363,0.196898275,0.062094204,0.002891009,WR,SBC,1.183453308
Gavin Freeman,Oklahoma State,-1.740110579,0.401122696,-0.426874199,-1.209331746,0.140163823,-0.284772592,0.014440018,-0.262409099,0.183077749,0.049759388,0.076402123,WR,B12,1.183299836
Luke Duncan,UCLA,3.005524934,-1.793648441,-2.825520895,0.900690893,0.612441494,-3.062014947,1.280195698,-0.542494774,0.744871947,-0.596457183,-1.36269702,QB,B1G,1.183072623
Donovan Murph,South Carolina,-1.60275195,1.64962221,-0.380764828,0.020976861,0.138623144,-0.265065878,-0.412163707,-0.106890188,0.050663224,-0.121652257,0.208079515,WR,SEC,1.182140268
Ashton Hayes,Nevada,-1.71569511,-2.816031927,-0.349798865,-0.197288706,-0.976898044,1.148510949,0.841031312,-0.526378165,0.380874926,-0.074527621,0.140159453,RB,MWC,1.181945766
Brendan Doyle,Stanford,-2.092501809,-0.466333615,-0.866326077,-0.309464936,-0.250148368,0.390131627,-0.329788148,0.073197527,-0.163710889,0.161285416,-0.043020165,TE,ACC,1.181756708
Mikey Welsh,San Diego State,-2.002330536,0.133209886,-0.515968733,-0.62106215,0.158005982,-0.008801404,-0.71790297,0.133318394,-0.176373832,0.972346005,-0.03417925,WR,MWC,1.181712783
Jon Denman,TCU,-0.930018004,-3.434778756,0.847851944,-0.290353104,-0.282002761,-0.272843505,-0.2214852,-0.45185728,0.349857686,-0.152147717,0.155452054,RB,B12,1.181339549
Caleb Hood,North Carolina,-0.731081232,-2.366363293,0.220369876,0.229003954,-0.516456789,0.088394669,0.018665859,-0.416067309,0.302626843,-0.184935932,0.036435408,RB,ACC,1.18100416
Grayson Tempest,Tulsa,-1.335360423,0.226451528,-0.365612813,-1.107036669,2.303251335,1.201059532,-0.036602837,-0.423005807,-0.255432949,1.171355654,0.117832322,WR,AAC,1.18067925
Derrick Avery Jr.,Georgia State,-2.087710174,-0.434004178,-0.885620253,-0.205584753,-0.207678889,0.493896351,-0.472353202,0.222673062,-0.167338142,1.722866881,0.002208085,WR,SBC,1.180656289
Chase Garnett,South Florida,-1.098102033,-2.893618771,0.43882028,0.076478311,-1.328157867,1.583845474,1.481469297,-0.58106511,0.507672364,0.839963884,0.023801851,RB,AAC,1.180516401
Enoch Nawahine,BYU,-1.586657121,-2.955950451,-0.379028585,-0.564410793,-0.498612367,0.429325133,-0.235602529,-0.175382564,0.037966694,-0.032972283,-0.028365301,RB,B12,1.180392263
Dane Nauman,Toledo,-1.648668632,-3.075139837,-0.484023506,-0.77783336,-0.73890611,0.836402234,0.11188025,-0.293701595,0.133037712,-0.029693556,0.032018071,RB,MAC,1.180378042
Cole Snider,Sacred Heart,-2.234303108,-1.324678537,-0.296760346,1.213057239,-1.471500685,2.105391655,1.521154809,-0.418521075,0.328640811,0.296825483,0.173357146,RB,INDAA,1.180346898
Drew Devillier,Rice,0.416076367,-3.283037527,-1.882870909,-0.121431445,0.054543639,-1.187862347,1.369298554,-0.09300743,0.158903301,-0.382305188,-1.23258177,QB,AAC,1.179637847
D'Shaun Ford,UL Monroe,-1.366325755,-3.87697093,-0.514086731,-1.231770043,1.797910251,1.615679101,-0.106916831,-0.723798771,-0.174152601,0.01958217,-0.018222787,RB,SBC,1.179514754
Elisha Durham,Ball State,-2.220344477,-1.856637406,-1.172397728,-0.747511456,-0.380097809,0.72223014,-0.520140562,0.226246089,-0.26065352,0.982552358,-0.023041524,WR,MAC,1.17911039
Connor Adair,Charlotte,-1.652717692,-3.382400711,0.528973649,-0.70954281,-1.39039312,2.02695385,2.042113176,-0.771507773,0.554369802,0.109721446,0.012800722,TE,AAC,1.178928298
Reid Mikeska,Florida Atlantic,-2.349922285,-2.66966914,-1.339135828,-1.267491873,-0.489087882,0.843677557,-0.516959885,0.177790613,-0.322691385,0.002983264,-0.062722613,TE,AAC,1.178904921
Miles Davis,Utah State,0.051381849,-2.927545287,1.485113702,-0.007713034,-0.560379701,-0.082320581,-0.387277027,-0.228811708,0.086502813,-0.757210861,0.011513541,RB,MWC,1.178790487
Izaiah Williams,Texas A&M,-2.091446658,-1.024472973,-0.939501146,-0.565990838,-0.09263122,0.239057392,-0.424898025,0.033483274,-0.036010507,0.986497835,0.130839665,WR,SEC,1.178602296
Kalib Hicks,Oklahoma State,-1.501610198,-3.11907237,-0.210711159,-0.358290545,-0.573783696,0.46993381,0.170843951,-0.423366587,0.327064779,0.551299806,0.036109946,RB,B12,1.178143338
Cam Williams,Notre Dame,-1.864068709,-2.408841544,-1.279977685,-0.997228783,-0.422403917,0.652124534,-0.444680858,0.082123036,-0.0791724,1.612026043,-0.055083152,WR,Ind,1.178129625
Charles Miska,BYU,-1.195549475,-2.91297904,-0.410820167,-0.42622636,-0.666843455,0.548321349,-0.034300464,-0.201913371,0.156290991,0.50497957,0.076027539,RB,B12,1.178087569
Cody Hardy,NC State,-2.549124315,5.507600648,0.134746054,4.581809705,0.545760771,-0.942191561,-0.695824194,-0.162151894,-0.020561537,-2.508718512,0.414624878,TE,ACC,1.177909498
Grant Norberg,San José State,-2.407178724,-2.217079492,-1.230788849,-0.844736269,-0.439758983,0.774550593,-0.553924247,0.175323258,-0.312538176,0.031726265,-0.042669164,TE,MWC,1.177851646
Bryce Dorsey,Memphis,-2.288679151,-1.667862478,-0.801949991,-1.787490298,-0.110711638,0.480138178,-0.400790352,0.172976687,-0.160365999,1.769084226,-0.039183139,WR,AAC,1.177673082
Grayson Barnes,West Virginia,-1.341758879,2.636052637,-0.017844143,-0.877368989,0.119481349,-0.245292315,-0.038385405,-0.094520925,0.042290665,-0.043107674,0.057050382,TE,B12,1.176038891
Dallen Bentley,Utah,-1.379588001,1.3341521,-0.422430107,-1.193705922,0.15956597,-0.389447872,0.132058218,-0.295338251,0.235884158,-0.054792343,0.100326502,TE,B12,1.175666282
Micah Mays Jr.,Wake Forest,-1.478303786,2.011215851,-0.15563183,-0.475622103,0.280458554,-0.477221074,-0.216021445,-0.214632328,0.201047069,0.354570126,0.214597844,WR,ACC,1.175375389
Dominic Rezac,Vanderbilt,-2.973913469,5.557171735,0.490461729,5.585970098,0.812142966,-0.948458823,-1.048536718,-0.101995967,0.146571008,1.200828179,0.22444281,RB,SEC,1.175176011
Austin Clay,Bowling Green,-2.214234037,-0.479457363,-0.134078912,2.341209896,-1.686166958,2.329209531,2.055860164,-0.564228526,0.527905519,0.331583201,0.333021951,WR,MAC,1.174976396
Maguire Anderson,Florida International,-1.503269296,1.158525353,-0.045872575,-1.0551697,0.011945938,0.019621404,0.118172579,-0.172329592,0.123892706,0.42766747,0.067814917,WR,CUSA,1.174942393
Marlin Klein,Michigan,-1.84466613,0.383472018,-0.679464394,-0.394702113,-0.030541108,0.040980958,-0.313348664,-0.042403544,-0.027401878,0.103927665,0.080987259,TE,B1G,1.174719052
Brandon Young Jr.,North Texas,-2.315055779,-1.954518821,-1.15462179,-0.909133787,-0.42594432,0.764670441,-0.435759368,0.183071575,-0.2602118,0.611596411,-0.065587504,TE,AAC,1.174468692
Air Noland,South Carolina,-1.028865675,-2.205800036,-1.646043137,0.382968037,-0.147730658,-0.380395111,1.406197626,0.54836441,-0.579966822,-1.127293317,-1.716448452,QB,SEC,1.174410905
Louis Brown,Baylor,-0.819704725,2.90806168,-0.113930912,-0.600180994,-0.036240724,-0.176166541,-0.194497638,-0.090605343,0.029260208,-0.303728753,0.067195822,WR,B12,1.174363595
Eugene Hilton Jr.,Wisconsin,-2.244925008,-0.856380859,-0.793894376,-1.022417174,0.112241306,-0.032613141,-0.458965717,-0.102446852,0.020771389,0.214978556,0.195813948,WR,B1G,1.174060769
Darien Williams,Syracuse,-2.011650639,1.01914215,-1.249807424,-0.451030081,1.151697878,-1.663963887,-2.455218425,0.298980825,-0.481252266,-0.879579298,-0.026435287,WR,ACC,1.173937648
Mareyohn Hrabowski,Western Michigan,-2.104894834,-1.557931587,-1.191024811,0.221465279,-0.436359522,0.613438557,-0.535210682,0.183695034,-0.245630922,0.751638239,-0.173128151,TE,MAC,1.1736594
Sean Patrick,Akron,-0.63989044,-1.979784458,1.298841151,-0.262112845,1.296681879,-1.0372238,-0.332149448,-1.017767103,0.701723113,-0.042181985,0.373231737,RB,MAC,1.173618807
Andrew Paul,Jacksonville State,-1.082350423,-1.619834476,1.208412233,0.479200995,-0.562281603,0.446922205,-0.117726735,0.019400251,-0.104450152,-0.113688975,-0.004091887,RB,CUSA,1.173172793
Cameron Friel,UNLV,-0.995495199,-2.069966818,-0.823396784,0.129014576,-0.633648145,0.407304001,0.199067887,-0.418640514,0.367921239,0.468851311,0.091515957,QB,MWC,1.173035929
Gracen Harris,Mississippi State,-2.049205267,-3.325876015,-1.386591577,-1.9132081,-0.399994986,0.596853497,-0.475872424,0.001549797,-0.151948509,-0.131041057,0.046868994,WR,SEC,1.17270517
Dexter Williams II,Kennesaw State,3.990776047,-2.190725209,-1.387007935,1.452641529,-0.208738856,-1.978588532,1.555454522,-0.245698815,0.467823475,-0.735421516,-0.56854169,QB,CUSA,1.172670098
Dalton Carnes,North Texas,-1.761737669,1.508990311,-0.392676455,-0.113355973,-0.185820264,0.392869456,-0.436807588,0.234608596,-0.246830503,0.704857521,-0.016975815,WR,AAC,1.172405274
Timothy Gans,New Mexico State,-1.945347735,-2.026290428,-1.020704557,-0.189916411,-0.377468944,0.384492549,-0.577453197,0.036138478,-0.161038639,-0.034874042,-0.077903374,RB,CUSA,1.172046374
Maguire Martin,Air Force,-1.366238554,-1.628776497,-0.239586972,1.18039584,-1.318302369,1.46427721,1.190121847,-0.380483831,0.403441239,0.548188381,0.241525049,QB,MWC,1.171855147
Reece Vander Zee,Iowa,-1.465451913,2.916224059,-0.332900413,0.898726508,-0.024286991,-0.016395582,-0.311602911,0.074059647,-0.04106108,0.843529229,0.007905412,WR,B1G,1.171810246
Michael Fitzgerald,Wyoming,-1.12689911,1.232043246,-0.299828347,-0.428101928,2.23483387,1.16075841,-0.099132241,-0.431241384,-0.282400583,0.613787581,0.099418319,WR,MWC,1.171358496
Johnny Thompson Jr.,Kansas,-1.159666006,-2.589321735,-0.020757024,0.032536889,-0.869701117,0.830916045,0.41946417,-0.330957781,0.27886828,0.630675231,0.034708031,RB,B12,1.170294304
Jaylon Glover,UNLV,-0.033241423,-2.850060898,1.510360394,0.356500853,-0.667981317,0.030117495,-0.016506362,-0.423119589,0.295754506,-0.788310382,0.15291734,RB,MWC,1.170155486
JJ Buchanan,Utah,-1.207328624,2.438851841,0.04408815,-2.268232896,0.501344915,-0.812289692,0.3234042,-0.402580452,0.385796609,0.173832952,0.219251933,TE,B12,1.169923304
Zack Marshall,Michigan,-1.671593549,1.430363928,-0.411040378,-0.192867024,0.041965916,-0.073641777,-0.370372048,-0.045735673,-0.004804521,0.138512599,0.127290959,TE,B1G,1.169728939
Max Reese,Mississippi State,-2.034649723,-0.718003806,-0.882854353,-0.537618204,-0.233624109,0.324393767,-0.327895864,0.004584314,-0.132045079,-0.219712395,-0.013210944,TE,SEC,1.169417275
Tikey Hayes,Penn State,-1.758341946,-1.951407121,-0.158035315,0.697142656,-1.233743022,1.506339235,1.206523846,-0.513251599,0.391570099,-0.172813618,0.165225418,RB,B1G,1.16918157
Jacorey Watson,Baylor,-2.222266243,-3.034222696,-1.325524574,-1.656157183,-0.464683274,0.757754716,-0.461927586,0.094046343,-0.236937119,0.107405387,-0.054533159,WR,B12,1.16897275
Josh Flowers,Arkansas State,-0.859100179,-3.716866436,-1.124654821,-0.53243816,-0.123067658,-0.542435412,2.491078211,1.750215751,-1.462390119,-0.637742523,2.257392844,QB,SBC,1.168795862
Jeff Weimer,West Virginia,-1.184728715,3.793208588,0.213956506,-0.1330294,0.29646043,-0.453816193,-0.241535785,-0.044337005,0.073286191,0.682533008,0.105403036,WR,B12,1.168532845
Cataurus Hicks,Pittsburgh,-1.94755712,1.988793703,-0.094998371,-0.557908117,0.314081825,-0.314981013,-0.191436514,-0.075505126,0.075544776,0.703704981,0.152084344,WR,ACC,1.168501259
Marcus Bellon,Nevada,-1.203025483,1.830906351,-0.249716633,-0.889173214,0.168541218,-0.393849003,-0.131080659,-0.23193555,0.192144043,0.094675885,0.162755827,WR,MWC,1.168399771
Gabe Milbourn,Oregon State,-1.783397871,0.3783233,-0.394360395,-0.642816509,-0.114446732,0.211966992,-0.248707753,0.054304043,-0.048175024,1.109831228,-0.037087592,TE,PAC,1.168339645
Jackson McGohan,Wisconsin,-2.412793007,-0.832136867,-0.982349106,0.14560277,-0.33195033,0.684334306,-0.606742524,0.249758458,-0.289941769,1.00871109,-0.067817027,TE,B1G,1.16746008
Darius Copeland,Liberty,-2.059217408,-1.961028711,-0.551055779,-0.083274763,-0.924468789,1.33570881,0.778004412,-0.313092123,0.184294554,0.060012519,0.086698855,WR,CUSA,1.167450858
Lawayne McCoy,Florida State,-1.366251394,2.424395403,-0.236716372,-0.212516105,-0.047211858,-0.00649022,-0.283813225,0.044081943,-0.112690888,-0.212257227,0.014795905,WR,ACC,1.167245394
Kevin McGuire,Sacred Heart,-1.606392498,1.173722737,-0.36827304,-0.793141818,0.344577161,-0.567126025,-0.176785897,-0.289325242,0.23379899,0.012627641,0.227364009,WR,INDAA,1.167008083
Braylon Harmon,Tennessee,-2.968227076,4.071340251,0.06460245,3.309094499,0.981465635,-1.298248129,-1.237204466,-0.408980946,0.262917365,-1.889139304,0.925310586,WR,SEC,1.166919478
Max Cutforth,Boise State,2.8802677,-2.115341574,-4.018654315,0.907656787,0.324588695,-2.309252875,1.159762403,-0.103339411,0.288483238,-0.545100581,-0.514809056,QB,MWC,1.166841017
Omari Hayes,Tulane,-0.490603938,4.03123717,0.231342042,-1.427177728,0.092531673,-0.40979944,-0.004024545,-0.237263104,0.122397739,-1.013999726,0.132808692,WR,AAC,1.166380696
Waden Charles,UCF,-1.295168029,0.452373637,-0.488786207,-1.44102256,0.268380875,-0.458167356,-0.621306089,-0.110865276,0.001661731,0.161573915,-0.065934792,WR,B12,1.166078377
Nader Chirchi,UConn,-2.691874977,2.162244778,-0.459634535,2.532022581,-0.084480321,0.43791729,-0.789149103,0.387053155,-0.321491659,1.839738087,-0.084258182,TE,Ind,1.165618294
Alex Bauman,Miami,-1.544006009,2.029811025,-0.255567016,-0.601795909,0.054999235,-0.140575983,-0.044287976,-0.066115287,0.003260888,-0.131149038,0.040216605,TE,ACC,1.165152867
Caleb Rollerson,UCF,-2.585691003,3.40237111,-0.740615992,2.448369602,1.433483169,-2.148498846,-2.511111496,0.071025512,-0.294780031,-2.118370305,0.255224123,WR,B12,1.165072453
Reymello Murphy,UConn,-1.38316631,3.587797077,0.097630499,0.175050743,0.113970208,-0.140000228,-0.238895873,0.0809159,-0.045142308,0.930124817,-0.003902045,WR,Ind,1.164937854
Landon Sides,North Texas,-1.382458255,2.370375694,0.037183271,-1.145732491,0.12628688,-0.176827688,-0.080855642,-0.033951346,-0.011429961,0.047432078,0.065362702,WR,AAC,1.164507062
Markus Allen,Mississippi State,-1.555370389,1.291806037,-0.400490422,-0.675188364,-0.027278819,0.016313046,-0.367147268,-0.004618184,-0.080840118,-0.307816762,0.126994196,WR,SEC,1.164157625
DJ Asiasi,Nevada,-2.400144509,-1.706745474,-1.153002206,-0.357737147,-0.384028369,0.681702865,-0.578526332,0.171125592,-0.285161779,0.187262169,-0.028846351,TE,MWC,1.164042873
Mudia Reuben,South Florida,-1.581345098,2.62326469,-0.136277396,0.119806647,0.097951383,-0.18136609,-0.205965213,0.044774424,-0.084981432,0.085126325,-0.030161408,WR,AAC,1.163765613
Trent Battle,TCU,-0.834534628,-1.774696449,1.605469636,0.097117533,-0.298358959,-0.03602048,-0.183565067,-0.13531166,0.049049162,-0.227275081,0.102514373,RB,B12,1.162998081
Eric Smith,Liberty,-1.967906364,-2.373883978,-0.560975071,-0.166889063,-0.904488437,1.197231696,0.380950967,-0.194587494,0.055636691,-0.046222564,0.028322502,WR,CUSA,1.162885541
Richard Young,Alabama,-0.961678078,-2.564699295,0.645276446,0.287710155,-0.751105674,0.521891098,0.138755045,-0.236991566,0.103059347,-0.519277711,0.032625972,RB,SEC,1.162571505
Jason Philpot-Dixon,Central Michigan,-1.279342229,-3.289571361,-0.927756841,-1.041659714,-0.502114219,0.35400875,-5.12E-05,-0.380061825,0.254476608,-0.010961691,0.075201817,RB,MAC,1.162298388
Brock Rechsteiner,Jacksonville State,-1.457977787,2.302518745,-0.028583602,-1.099169955,0.148074955,-0.175684457,-0.005972229,-0.012598136,0.009954739,0.552695055,0.036357273,WR,CUSA,1.16223099
Matthew Hibner,SMU,-1.244264802,3.502357166,0.148782316,-1.002537752,0.418365916,-0.726237493,0.02904095,-0.35526085,0.285785992,-0.406749898,0.243133696,TE,ACC,1.162163173
Jackson Acker,Wisconsin,-1.552165154,-0.943317326,-0.834098454,0.586434696,-0.563168982,0.578080153,-0.638058231,0.209131705,-0.29496247,0.086908348,-0.147606965,TE,B1G,1.162089827
Jaylin Marshall,Georgia State,-2.46217088,1.157149417,-0.617627459,1.387968899,-0.21990467,0.69333037,-0.646611804,0.371352558,-0.231376685,2.732285409,0.008940621,WR,SBC,1.162026748
Khalil Dinkins,Penn State,-2.068919354,2.111609916,-0.323157046,0.852729339,-0.104336039,0.279051711,-0.422498469,0.236650537,-0.253675012,0.750650195,-0.110367434,TE,B1G,1.162007029
Jawarn Howell,South Carolina,-1.100628877,-0.228207961,0.862447365,1.067388284,-0.375771255,0.067335806,0.281064295,-0.539488279,0.396586525,-1.215865353,0.407945253,RB,SEC,1.161945562
Audric Harris,Washington,-2.607948769,0.221170192,-0.600872491,-0.123299862,0.241869809,-0.109978215,-0.645537047,-0.004173938,-0.092024017,-0.243049444,0.307153167,WR,B1G,1.161778089
Hayden Fisher,Merrimack,-1.95517305,-1.172450298,-0.487231304,-1.808842862,0.36331562,-0.53008123,0.059183719,-0.509509941,0.396678676,-0.031918839,0.247425931,WR,INDAA,1.161493429
Nate Johnson,Utah,-0.214301001,-1.213306193,1.651187467,1.978596309,-1.102084523,0.750481943,1.152950656,-0.5970147,0.438884638,-1.262939133,0.145024701,WR,B12,1.161404081
Jordan Collins,Navy,-2.268875748,-2.54699795,-1.406650981,-1.145803488,-0.467559501,0.781794356,-0.48209693,0.152682505,-0.28567166,0.043368236,-0.058382201,TE,AAC,1.161350781
Noah Meyers,Western Kentucky,-1.62172684,2.532093151,0.03785904,-0.601569628,0.145402036,-0.188468815,-0.121153293,-0.040120101,-0.002806746,0.278902486,0.011085283,TE,CUSA,1.16120065
Chevy Brenson,Wake Forest,-3.070000649,6.46656183,0.093275011,6.072567647,0.526821122,-0.441657396,-0.97998624,0.298739958,-0.171837193,1.385924347,0.22588158,WR,ACC,1.160694916
Bryson Williams,Michigan State,-2.052088081,-0.144430072,0.430474015,2.273739941,-1.471930335,1.902771769,2.339910249,-0.90990133,0.766016923,-1.358284509,0.607572762,WR,B1G,1.160659183
Alvon Isaac,South Florida,-0.759296706,-2.750767535,0.974385722,0.262932394,-0.814187234,0.596382227,0.448605847,-0.500768239,0.352403624,-0.229624861,0.096529118,RB,AAC,1.160579913
Zach Jackson,Clemson,-1.997811216,-6.163249994,-1.778481664,-4.590414575,-0.691021229,0.963765269,-0.31145741,-0.105121703,-0.236362662,-1.792029518,0.033351972,WR,ACC,1.160191173
Dwight Phillips Jr.,Georgia,-1.492812397,-2.327722143,0.511702679,0.263862511,-0.961059874,1.088867233,0.559246251,-0.264853782,0.117235024,-0.464625283,0.100195983,RB,SEC,1.159894613
Qua'Vez Humphreys,Sam Houston,-1.532299949,1.568989212,-0.169791999,-0.551457208,0.108424769,-0.132780335,-0.223137735,0.018364003,0.026615001,1.204233345,0.037088011,WR,CUSA,1.159828834
Riley Wormley,USC,-2.092049363,-1.500601674,-0.349082917,-0.353594969,-0.11021637,0.139548343,-0.353953457,-0.259983269,0.112270447,-0.304395918,0.227351797,RB,B1G,1.159421163
Ayden Greene,Virginia Tech,-1.316347442,2.119932359,-0.070147569,-1.161629542,0.44452513,-0.776866916,-0.081588267,-0.384406314,0.327842267,-0.307793531,0.332114653,WR,ACC,1.159099803
AJ Johnson,UAB,-2.948380245,2.983315625,-0.346157589,3.63766005,0.093161546,0.266904093,-0.994512031,0.430741464,-0.292370777,2.498938944,-0.005086704,WR,AAC,1.15898414
Luke Voorhees,Boise State,-2.43406691,-0.117446022,-0.955687391,1.29850118,-0.476457256,0.896598853,-0.51654781,0.257500374,-0.207146488,2.023226031,-0.056952336,TE,MWC,1.15882464
Janiran Bonner,Nebraska,-1.893131839,-1.325365076,-0.501717287,0.038082249,-0.530234938,0.609865786,0.183044606,-0.260958598,0.107604726,-0.656412295,0.132360006,WR,B1G,1.158777777
Richie Anderson,Fresno State,-1.352180745,1.272467252,-0.401668233,-0.930403274,-0.020223748,-0.102887572,-0.056981383,-0.117962401,0.04365714,-0.159062195,0.032268578,TE,MWC,1.158156009
Jahmari Powell-Wonson,Maryland,-1.901445732,-1.721692653,-1.113204903,-0.356773305,1.87985494,1.850727615,-0.441960471,-0.236391995,-0.550605349,0.425374766,0.046019476,WR,B1G,1.158120375
Jack Van Dorselaer,Tennessee,-2.276507654,-0.672222636,-0.999458356,0.093375342,-0.291901159,0.471933012,-0.413943116,0.093577599,-0.194485257,0.193133455,-0.06869114,TE,SEC,1.15788734
John White,Southern Miss,-0.723160837,-4.130437122,-2.543610609,-1.430902776,0.124931827,-0.860456111,1.707105575,1.698848527,-1.454974086,-0.610000126,0.121387868,QB,SBC,1.157460027
Kaleb Webb,Maryland,-1.744386511,0.685827215,-0.625834372,-0.518148002,0.077023667,-0.210080307,-0.310725106,-0.212382416,0.099808288,-0.411832049,0.160494939,WR,B1G,1.157401085
Ashton Locklear,NC State,-1.700704279,-3.669503136,-1.524415051,-2.158984232,-0.41787483,0.541220061,-0.369077341,-0.036952158,-0.028338027,0.800115552,-0.020087828,WR,ACC,1.156576196
Traville Frederick Jr.,Houston,-2.462809529,1.356511452,-0.829993822,2.584216848,-0.329370987,0.619305577,-0.502454534,0.318845188,-0.263160965,1.852081292,-0.194612594,TE,B12,1.156072955
Tyrell Reed Jr.,UL Monroe,-1.376806465,-2.095840186,0.207947388,0.671803299,-0.586970542,0.431593751,0.166589495,-0.311144806,0.212775916,0.155849476,-9.93E-05,RB,SBC,1.15543326
Jack Pedersen,UCLA,-2.08629906,-0.305683826,-0.752354505,-0.249082082,-0.183449723,0.329088173,-0.414825131,0.078524288,-0.148756943,0.390722975,-0.010571209,TE,B1G,1.15533736
Ryan Warkentin,Fresno State,-2.234815909,-1.771517974,-0.58532393,0.567508765,-1.226737308,1.76675613,0.978230414,-0.264096067,0.156408063,0.129308649,0.122717605,RB,MWC,1.154956141
Jalen Mickens,Louisiana Tech,-1.35233787,0.158205634,0.157905471,-0.502789071,1.826986704,1.77742292,1.087843344,-0.886476983,0.082704345,-0.072482399,0.22636778,WR,CUSA,1.154930684
Joseph Dodds,Baylor,-1.423328217,-2.791919042,0.237553219,-0.416034229,-0.270008664,0.042178932,-0.218706438,-0.299794698,0.203812768,0.387091853,0.023808678,RB,B12,1.154620944
Micah Ka'Apana,Michigan,-2.187335582,-0.242417832,-0.735545397,1.222283961,-0.185336526,0.250843764,-0.746140834,0.162007675,-0.186128339,0.960149903,-0.088938249,RB,B1G,1.154605874
Elijah Washington-Baker,Syracuse,-3.063119434,6.264578828,-0.163362246,6.768147048,0.738346654,-1.188074988,-1.012922949,-0.119453986,-0.033012467,-2.092303615,0.314794771,TE,ACC,1.154348354
Antonio Jones,Temple,-2.366148528,0.31262207,-0.813407705,0.920123474,-0.15764243,0.320555491,-0.497442742,0.155094613,-0.222947766,0.431693441,-0.083355061,WR,AAC,1.154271485
Jacob Gill,Iowa,-1.620413583,2.197088445,-0.337888181,0.141171876,0.118295564,-0.225928645,-0.32133705,-0.087724598,0.020145891,-0.266143933,0.152139522,WR,B1G,1.154165574
Landon Ransom-Goelz,Rice,-1.682650612,0.580659722,-0.537248925,-0.606612645,-0.041325141,0.111357987,-0.292254472,0.054069987,-0.028348812,1.285659431,-0.018969969,WR,AAC,1.154116457
Jordan Lovett,Troy,-1.241037791,-2.663522561,0.666770967,-0.724913104,0.058257535,-0.501105754,-0.202154511,-0.436770927,0.389423631,0.802921138,0.087700686,RB,SBC,1.154100751
Wondame Davis Jr.,UTEP,-1.621272363,2.270028782,0.074887774,-1.3131799,0.391971036,-0.500333486,0.07935858,-0.211131534,0.242890932,0.826992066,0.216837501,WR,CUSA,1.153989033
Tastean Reddicks,Oregon State,-1.434686412,1.576987047,-0.411808275,-0.5212519,0.122968667,-0.252339348,-0.24045735,-0.154088538,0.112647898,0.130029081,0.156114085,WR,PAC,1.153478754
Jacob Harris,Bowling Green,-1.801302356,0.284089686,-0.665911746,-1.13621958,-0.083036772,0.131983454,-0.055791834,-0.03112244,-0.026974797,0.227900444,0.026210801,TE,MAC,1.153183005
Bryce Cain,Auburn,-2.237111322,-0.92490312,-0.976937675,0.105153114,-0.195856343,0.37243293,-0.617206286,0.140542784,-0.179761441,0.836763368,-0.037318874,WR,SEC,1.152734198
Cam Settles,Arkansas,-1.958554129,-1.912968953,-0.677808342,-0.520890168,-0.222159568,0.238660649,-0.344385558,-0.195765662,0.043659942,-0.394437788,0.142814171,RB,SEC,1.152604995
Devin Price,Ole Miss,-2.863525505,5.105559897,-0.092027101,5.078373369,0.511534161,-0.575791178,-1.03872436,0.101575074,-0.074221953,0.569809393,0.246579102,WR,SEC,1.15257865
Jemyri Davis,Kansas State,-2.261005669,-2.277847995,-1.309405064,-0.956028813,-0.414892407,0.69442021,-0.479470259,0.117481912,-0.23550234,0.216533435,-0.049559431,WR,B12,1.152433105
Elijah Sessoms,Delaware,-1.678296344,-0.624117455,-0.579507976,-1.516552753,2.172615021,1.44239151,0.0738712,-0.354913275,-0.390950888,0.616341025,0.033859023,TE,CUSA,1.152114355
Marques Singleton Jr.,Louisiana Tech,-1.264915249,0.723436972,-0.651742585,-0.518156939,-0.152822942,0.026411006,-0.18385224,-0.084847492,0.014306308,-0.083924259,0.021190241,WR,CUSA,1.151892689
Trey Cornist,Central Michigan,-0.64978712,-3.183092505,1.320862143,0.35195017,-0.476346877,-0.070482604,0.05284568,-0.4710698,0.366993431,-0.138506527,0.096901019,RB,MAC,1.151844999
Noah Jennings,Cincinnati,-1.458955559,0.656200502,-0.422377468,-1.199811849,0.070699254,-0.094986799,-0.197500925,-0.057935999,0.075812432,1.037048305,0.054805014,WR,B12,1.151763046
Doopah Coleman,App State,-2.017916862,-4.230769749,-1.564892805,-2.580735005,-0.403411317,0.580896446,-0.30147762,-0.055200472,-0.085554166,0.131196207,-0.032390929,WR,SBC,1.151540642
Jordyn Bailey,TCU,-2.07837762,-1.558440663,-0.846054328,-1.276096385,-0.244477886,0.561671882,-0.443405056,0.238355838,-0.216033261,1.501171243,-0.011222875,WR,B12,1.151463553
Ryder Kusch,Temple,-2.007682452,-1.34499501,-0.890280887,-1.624339145,-0.022602123,0.005655197,0.0338933,-0.16990476,0.092828066,0.362039903,-0.013940387,TE,AAC,1.150985638
Jalynn Williams,Pittsburgh,-2.095971324,-1.260522583,-0.257938168,0.346738815,-0.45116196,0.653672087,-0.026489704,-0.106106425,-0.0030687,0.224791254,0.009272795,RB,ACC,1.150892671
Braylon McReynolds,UL Monroe,0.458119884,-1.293682984,2.614714944,0.607518898,0.162263329,-1.418985176,0.035874933,-0.903851019,0.793773846,-0.966330253,0.361516706,RB,SBC,1.15014782
Terrione Graves,New Mexico State,-2.233515025,-2.309764501,-1.240187995,-1.252043762,-0.373294143,0.708528418,-0.464766686,0.123582048,-0.180558259,0.94708295,-0.013910619,WR,CUSA,1.150114727
Elijah Porter,Northern Illinois,-2.185015921,0.697644197,1.438995866,-0.761861002,0.717447255,-0.611658999,-0.332996672,-0.666376282,0.771933413,1.175129803,1.35080178,RB,MAC,1.149954582
Caden Jensen,Louisiana,-1.755740286,0.093253221,-0.540357704,-1.245021578,0.141807179,-0.258523532,0.010528431,-0.240931741,0.182945282,0.305770639,0.07690126,TE,SBC,1.149109166
Xavier Gayten,Mississippi State,-1.17067083,-1.866679155,1.327989219,1.028846992,-1.068654504,1.142557908,1.09634248,-0.456696394,0.319370145,-0.695421407,0.242413922,RB,SEC,1.148884428
Colton Hinton,Coastal Carolina,-2.212764844,-3.326221089,-1.362257827,-1.934526553,-0.465170683,0.764446241,-0.433227199,0.076138027,-0.219527555,0.130898301,-0.043542516,WR,SBC,1.1488093
Sterling Berkhalter,Wake Forest,-1.37444617,3.164155914,-0.064509151,-0.248905422,0.292661902,-0.519426095,-0.225335148,-0.236239439,0.17022106,-0.352116626,0.240944374,WR,ACC,1.148758994
Tawaski Abrams,Florida,-2.18670429,0.777539101,-0.527881447,0.000528224,0.206557893,-0.192354984,-0.57719964,-0.069680999,-0.012152979,-0.191068705,0.269378971,WR,SEC,1.148708387
Jackson Gutierrez,Navy,-1.098922586,-2.573082979,0.216125714,0.107096132,-1.064168326,1.174721071,0.617433628,-0.177653224,0.119075454,0.324053887,0.02234242,QB,AAC,1.148646389
Deshaun Buchanan,New Mexico,-1.970474293,-1.426417922,-0.82224948,-1.24040591,3.05121507,0.188483975,-1.680611472,-0.334377393,-0.681264163,-1.185376724,-0.101304113,RB,MWC,1.148452607
Max White,Wyoming,-1.892542357,-3.335002467,-0.565324613,-0.8573184,-0.529341984,0.570602346,0.0186171,-0.352436874,0.165009977,-0.247075904,0.051525336,RB,MWC,1.148228307
Jalen Macon,Northern Illinois,1.645643211,-3.185793189,0.180996261,1.194164359,-0.222483295,-1.380672756,1.91350602,-0.173873377,0.344013712,-0.350452411,-1.247251812,QB,MAC,1.148074142
Christian Fitzpatrick,Oklahoma State,-1.523690699,2.321755818,-0.135698498,-0.167029483,-0.023152013,0.048546349,-0.298056043,0.092880781,-0.116780556,0.369909193,0.015396301,WR,B12,1.147951751
Jackson Gister,Rutgers,-3.018319449,4.568787565,-0.502367017,5.751736396,0.535707017,-0.918844707,-0.983581418,-0.088928818,-0.133742142,-2.405265552,0.178511202,TE,B1G,1.147852335
James BlackStrain,Missouri State,-1.567332445,0.886025494,-0.428926003,-0.800896936,0.00381047,-0.046379149,-0.211043516,-0.079090125,0.026300122,0.215128102,0.074478968,WR,CUSA,1.147752981
James McNeil Jr.,Buffalo,-1.855183438,-1.166140311,0.471301677,1.870435193,-1.875642291,2.5837527,1.984076567,-0.320751986,0.332217026,0.9993814,0.167973603,RB,MAC,1.147341286
Javon Rogers,Kennesaw State,-2.280608389,1.903515188,-0.216725475,0.454649784,0.051796755,0.312031272,-0.617939262,0.329926506,-0.230980019,1.95122235,0.094949285,WR,CUSA,1.147300215
Major Cantrell,Iowa State,-1.948227316,-2.620284235,-0.193063884,-0.159125202,-1.137787399,1.578150137,0.955416901,-0.396333646,0.217355223,-0.104385385,0.028316718,QB,B12,1.14717625
Lynel Billups-Williams,Miami (OH),-1.921453641,-1.768234849,-0.353629388,-0.595662042,-0.460921174,0.727749398,0.307514191,-0.258014188,0.138629465,0.377130731,0.03569828,WR,MAC,1.14714807
Isaac Koch,Kansas State,-2.053021659,-2.110291743,-1.321044962,-0.780437866,-0.431912125,0.755227321,-0.464602895,0.200658923,-0.19867158,1.361742836,-0.023359365,WR,B12,1.147039218
Duncan Brune,Ohio,0.53410742,-3.391334503,2.788396591,0.556974238,-0.592263104,-0.276567411,-0.470891738,-0.061004238,0.010926373,-0.434274523,0.007450975,RB,MAC,1.146906206
Justin Lynch,Northern Illinois,-2.254752122,-1.198067041,-0.709701998,1.066591181,-1.049197015,1.466574736,0.517737416,-0.003625875,-0.017354245,0.817498045,-0.018531217,WR,MAC,1.146766259
Josh Ringer,Miami (OH),-1.953574984,-2.770384549,-0.790499464,-1.463076319,0.043404809,-0.129860244,-0.601345591,-0.172047368,0.034201937,0.344529321,-0.066393391,RB,MAC,1.146503544
Christian Moss,Kennesaw State,-0.944242722,4.140713213,0.210446945,-0.500972825,0.087230175,-0.180853635,-0.201145647,0.024452278,-0.052107975,-0.149147154,0.13096674,WR,CUSA,1.146332067
Caziah Holmes,Florida State,-1.107954594,-2.215907217,0.676035361,0.488808602,-1.042835449,1.092721131,0.434214719,-0.141393884,0.033026696,-0.245660204,0.017435507,RB,ACC,1.146302713
Erik Ronning,Kennesaw State,-2.281783951,-2.338754551,-1.262568128,-0.95093884,-0.426887173,0.710937191,-0.53198907,0.131213161,-0.259626276,0.090210485,-0.028617262,WR,CUSA,1.146065255
Hudson Habermehl,UCLA,-2.006911643,1.123398526,-0.50899237,0.049148367,0.106393165,-0.137631161,-0.282080861,-0.095604961,0.036231641,0.284828854,0.058042061,TE,B1G,1.145698927
Bryce Duke,Utah,-1.170076527,-0.819972492,0.926117579,0.791356883,-0.482489985,0.304966982,0.337042093,-0.259891402,0.157253236,-0.197063082,-0.003286988,RB,B12,1.145625215
Tailique Williams,Western Michigan,-1.303965572,2.622102477,0.066806922,-0.845781878,0.315334236,-0.495567903,-0.130269263,-0.139460645,0.142767604,0.389246506,0.169330378,WR,MAC,1.144890681
Brandon Rehmann,Delaware,-1.435052293,-0.62236811,-0.789118683,0.519666033,4.446780298,2.339552896,-0.377257435,-0.979170284,-0.637862018,-1.374927895,0.29666736,WR,CUSA,1.144808504
Zachary Palmer-Smith,UL Monroe,1.541495607,-2.223160559,4.092341796,1.074956257,-0.185171096,-1.288318087,-0.515883558,-0.38872315,0.373900356,-0.49895524,0.143355261,RB,SBC,1.144754461
Larenzo McMillan,New Mexico State,-1.638784197,-1.720298714,0.741909777,0.796309409,-1.292241677,1.71287894,1.464398827,-0.495706432,0.363630051,0.068829323,0.109073701,RB,CUSA,1.144554252
Channing Goodwin,Michigan,-1.938390842,-0.054293227,-0.740438588,-0.692978007,0.175262543,-0.247458816,-0.446157124,-0.196525577,0.099927881,-0.359516114,0.308829776,WR,B1G,1.144209884
Jayden Thomas,Virginia,-1.726399243,-0.221541485,-0.716813834,-1.327932105,-0.234787917,0.347326252,-0.307909193,0.045160458,-0.153059407,-0.205902417,0.017432232,WR,ACC,1.143776461
Kedarius Wade,Louisiana,-2.388949788,-0.438910914,-0.920664305,0.333847091,-0.218306487,0.589508095,-0.669402081,0.278494856,-0.238859892,1.564870926,0.072566936,WR,SBC,1.143376414
Aaron Turner,Rice,-1.023680821,1.621376513,0.031896536,-1.136249524,0.237551656,-0.565035502,0.060565379,-0.232144228,0.241602936,0.527594179,0.081702865,WR,AAC,1.143329315
Dominic Knicely,Coastal Carolina,-0.130604513,-2.173917478,2.731457008,-0.08770077,-0.170955844,-0.585590985,0.345775009,-0.586767208,0.482272259,-0.656359724,0.273087438,RB,SBC,1.143169602
Moussa Barry,Western Kentucky,-1.686560014,1.059025489,-0.335804368,-0.935970131,0.154649582,-0.201608036,-0.142873684,-0.10867478,0.091977043,0.641710865,0.07942599,WR,CUSA,1.142582407
Gavin Harris,New Mexico State,-1.269060855,1.949022656,-0.159751497,-1.027018241,0.185264517,-0.334718642,-0.100909432,-0.139944751,0.148668644,0.699734911,0.09441985,TE,CUSA,1.142120022
Sedrick Irvin,Stanford,-1.550618779,-2.134830253,0.371183343,-0.422344916,0.040297905,-0.359247076,-0.263521386,-0.489331429,0.363538335,-0.124779259,0.26859454,RB,ACC,1.14204888
Jordan Owens,North Carolina,-2.431701926,0.126301321,-0.784870649,0.549793599,-0.197238088,0.454282856,-0.405420751,0.186821365,-0.210194179,1.020963153,-0.097144738,TE,ACC,1.142042533
Maurice Brown II,South Carolina,-2.606742903,0.360535475,-0.858966904,1.369184624,-0.257927193,0.594615771,-0.62359168,0.290534117,-0.305108968,1.152757351,-0.100296868,TE,SEC,1.141823094
Terry Lockett,Eastern Michigan,-0.940403795,2.263908336,-0.153109785,-0.72861661,0.058681149,-0.293912149,-0.186297083,-0.154488063,0.113766048,-0.01610716,0.116886976,WR,MAC,1.141772361
Rashad Amos,Georgia State,0.382947496,-3.602151526,2.127008962,-0.096082276,-0.4401422,-0.466562418,-0.518073752,-0.254500898,0.104734952,-1.204621873,0.041750704,RB,SBC,1.14135134
Jalen Hampton,Western Kentucky,-1.348674916,-2.834340798,-0.291712109,-0.262309281,0.980563616,1.85059227,0.163497338,-0.44409616,-0.197483419,0.428911252,-0.003256349,RB,CUSA,1.14131856
Frank Covey IV,Northwestern,-1.863705063,-0.838304451,-1.01603358,-0.194152681,0.231799767,-0.665661345,-0.519598929,-0.532399266,0.28151533,-1.981210378,0.338839551,WR,B1G,1.140768538
James Falk,Rice,-2.471120186,0.301452084,-0.8451789,1.301466476,0.466035182,1.271138011,-0.554277771,0.318507828,-0.433651014,2.59517334,-0.125811264,TE,AAC,1.140710925
Joey Schlaffer,Penn State,-2.997683362,5.383590905,-0.153737263,5.967440865,0.350881079,-0.30149558,-0.925124479,0.270687913,-0.168060874,1.343774647,0.122708214,TE,B1G,1.140683327
Zeke Moore,Boston College,-2.269360788,-1.932790361,-1.175640414,-0.850268697,-0.400401158,0.679149067,-0.438196633,0.132848578,-0.243731032,0.181752842,-0.028527393,TE,ACC,1.140431397
Daylan Mccutcheon,Texas,-2.169360923,-0.898546495,-0.91114798,-0.65744309,-0.047514002,0.17171068,-0.520058226,-0.001767467,-0.07402938,0.231879389,0.149905112,WR,SEC,1.13997226
Deondre Johnson,Jacksonville State,-0.292468815,5.958609607,0.493539352,-2.717191789,1.176223278,-1.838200796,-1.119345027,-0.042791313,-0.069512227,-0.727376094,-0.014792114,WR,CUSA,1.139810052
Kobe Paysour,North Carolina,-0.936913743,2.700067208,-0.076345898,-0.747873046,0.262748984,-0.635907397,-0.133984184,-0.335344401,0.267020456,-0.492445114,0.243102345,WR,ACC,1.139391253
TJ Pride,New Mexico State,-1.368920434,1.181923569,-0.256098762,-0.412773417,2.092803034,1.571842582,-0.214977547,-0.183176028,-0.491633141,1.256108408,0.017020715,WR,CUSA,1.139356081
Kyan Mason,Akron,-1.641895883,3.801970915,0.118581008,0.22252153,0.418389973,-0.535500432,-0.081550772,-0.094850892,0.178742442,1.41392718,0.089209102,WR,MAC,1.139290938
Mason Welch,Louisiana Tech,-2.114966803,-2.648254568,-0.776800908,-0.596806059,-0.829210379,1.172133131,0.239525974,-0.164180917,-0.021003523,-0.267631132,-0.033794155,QB,CUSA,1.139179699
Jack Foley,Wake Forest,-2.773962173,-0.117336528,0.00038247,-2.425917062,1.173280952,-1.091795207,-1.440845437,-0.337637575,0.360668896,0.70635589,1.144598393,WR,ACC,1.138484056
Harold Mack,Eastern Michigan,-0.769275066,3.292412737,0.394135828,0.10404305,0.260718811,-0.675492328,0.006100433,-0.393578658,0.348780209,-0.136469247,0.192309214,WR,MAC,1.138286447
Donte Lee Jr,Liberty,-0.939759235,3.584459352,0.489539333,-2.090298548,1.368532727,-0.571831317,0.461030331,-0.582372067,0.320577136,-0.244025441,0.195358292,WR,CUSA,1.138248252
Andre Brown,Florida International,-2.503263574,-1.031225,-1.076251441,0.276181226,-0.344834885,0.660495312,-0.614500158,0.218160826,-0.308368985,0.384956026,-0.043812756,WR,CUSA,1.138151063
Christian Moore,Purdue,-2.419295907,-1.976964692,-1.191113529,-0.911301365,-0.251196909,0.532586446,-0.580076739,0.130045173,-0.231575132,0.345829544,0.007528447,TE,B1G,1.137603431
Squirrel White,Florida State,-1.193341856,1.222780839,-0.129134373,-2.0590122,0.307566061,-0.495919217,-0.379754452,-0.114908848,0.014955974,-0.128143536,0.031540706,WR,ACC,1.137395739
Chad Alexander,Georgia Tech,-1.494507339,-3.381208439,-0.403528712,-1.358579546,-0.419554281,0.364651266,-0.432691295,-0.08526205,-0.070987423,-0.203591604,-0.025384857,RB,ACC,1.137318529
Harrison Hamsley,Jacksonville State,-2.21634518,-2.746118836,-1.386789118,-1.27167634,-0.470740819,0.749898955,-0.489077079,0.124217842,-0.276194895,-0.126607809,-0.052393142,TE,CUSA,1.137228732
Michael Drennen II,Toledo,-1.51420166,-1.251715404,-0.768491118,0.686958431,-0.459519935,0.338612282,-0.517543682,0.033640419,-0.089533931,0.392493553,-0.081649386,RB,MAC,1.136939356
DJ Epps,Troy,-1.524715102,0.771253414,-0.259709245,-1.903187305,0.28267272,-0.529366735,0.341819273,-0.34538664,0.296376042,0.105492465,0.087647366,WR,SBC,1.136855565
Chris Marshall,Boise State,-1.380305854,1.232602653,-0.457677805,-0.675478633,-0.056826135,0.032802611,-0.258053524,-0.0475954,0.030166869,0.480953395,0.106274892,WR,MWC,1.136584947
Josh Sterzer,Utah State,-2.04240369,0.445779678,-0.606678379,-0.264619483,-0.154961236,0.313235495,-0.369395705,0.102201537,-0.165965657,0.335023954,0.001343629,TE,MWC,1.136559253
PJ Hatter,Georgia State,-1.694149293,-1.550457459,-0.109617606,1.248881603,-1.336906785,1.646889283,1.418558807,-0.530767319,0.483771678,0.410854396,0.227140776,QB,SBC,1.136237758
Bryce Randolph,Liberty,-2.971305719,2.810092266,-0.491997037,3.665127064,0.129106152,0.127526601,-0.938000203,0.3213827,-0.262336695,1.500678977,0.046585096,WR,CUSA,1.135873655
Rodney Harris II,Ohio,-1.496936749,1.876810579,-0.214329254,-0.673898124,-0.002486392,0.036344639,-0.22092623,0.046778824,-0.069799733,0.477277722,0.018483455,WR,MAC,1.13583446
Ben Evee,Sacred Heart,-2.734921018,3.408636115,-0.495998026,4.163678572,0.229290948,-0.132390463,-0.909542318,0.187534048,-0.116066056,1.252573188,0.179316718,WR,INDAA,1.135549314
Koa Eldredge,Hawai'i,-2.535845971,-1.253690935,-0.996456128,-0.361402653,-0.229584862,0.592504769,-0.708857509,0.195564933,-0.251595812,0.723930038,0.085974156,WR,MWC,1.134166989
Jayvan Boggs,Florida State,-1.853651451,0.553843268,-0.621907939,-0.079561403,-0.0829532,0.210139629,-0.397109305,0.122138712,-0.09460476,1.259478043,-0.001662869,WR,ACC,1.134158564
Bryson Canty,Kansas,-2.255202332,-0.670441758,-0.687244287,-1.212490949,-0.057300267,0.403281911,-0.332358995,0.187316987,-0.123454285,1.944258974,0.017484773,WR,B12,1.13379479
Blake Barnett,Kansas State,-1.529355428,-2.995587387,-0.410364724,-0.499635599,0.14746462,1.08129937,0.048511682,-0.354716956,-0.008800677,-0.037720489,-0.011287623,QB,B12,1.133754595
Antwon Thomas,Miami (OH),-2.137724231,-2.37361387,-0.772716355,-0.244253902,-1.019874541,1.486286017,0.659874727,-0.249513282,0.08426067,-0.124206148,0.016316759,WR,MAC,1.133233558
Eli Raridon,Notre Dame,-1.518746321,1.966123263,-0.171980756,-0.312323991,-0.04309688,0.086815336,-0.252010903,0.083226065,-0.088242966,0.729093041,-0.02963737,TE,Ind,1.132759806
Jacob Godfrey,UL Monroe,-1.628632684,1.387838143,-0.321610673,-0.280176723,0.042431007,-0.108648433,-0.194309532,-0.055563015,0.01946442,0.282097311,0.060594428,WR,SBC,1.132598415
Justin Holmes,Pittsburgh,-1.890992154,0.482921244,-0.45699865,-0.86820762,-0.022398912,0.04766539,-0.178385568,-0.041775285,-0.043532587,-0.059919921,0.043995522,TE,ACC,1.132532652
Drelon Miller,Colorado,-0.876114341,-0.096923831,0.768340989,-0.902605162,0.285802991,-0.95634499,0.194138305,-0.697321789,0.596603614,-0.368524128,0.215695783,WR,B12,1.132351992
Ashton Gray,North Texas,0.079220213,-2.347556195,2.821331891,1.193837663,1.733372905,1.076938475,0.096655959,-0.712087621,-0.14759903,-1.404082727,0.253620134,RB,AAC,1.132327023
Jaden Alexis,South Florida,-2.269117038,-0.995814876,-0.910025097,-0.769486978,-0.273181015,0.52221328,-0.442557151,0.11326062,-0.23330111,-0.004789493,-0.006510054,WR,AAC,1.131657051
Bruin Fleischmann,Air Force,-1.649050608,4.565594002,0.18310268,0.762590692,0.450775394,-0.681922747,-0.175918091,-0.207748571,0.192942069,0.127338793,0.195711081,TE,MWC,1.131615373
Marcus Velez,Buffalo,-2.318359955,-1.668691418,-1.06486534,-0.946320256,-0.270268759,0.568056052,-0.449595827,0.128169995,-0.195993536,0.787964551,-0.04851613,TE,MAC,1.13161062
Jahlil McClain,Fresno State,-1.913887527,0.89200256,-0.452963789,-0.364782801,0.057947728,0.063532268,-0.347107551,0.072542904,-0.042377364,1.14840485,0.098765192,WR,MWC,1.131507145
Noah White,Utah State,-1.710631596,-0.065593412,0.75280402,-0.539801991,0.372546461,-0.536048936,-0.37324078,-0.30045068,0.248908572,0.580459923,0.260613685,RB,MWC,1.131410797
Jasaiah Gathings,Buffalo,-1.174992093,1.683446673,-0.219036293,-1.411699151,0.244003496,-0.542987115,0.193356621,-0.345021548,0.312552017,0.223463539,0.101431263,WR,MAC,1.131210761
Jaylen King,Florida State,-1.947289955,-3.079122528,-0.950820059,-1.103853122,-0.590515614,0.766446208,-0.128607802,-0.132754354,-0.062648012,-0.412157169,-0.031721301,QB,ACC,1.131070523
Luca Puccinelli,Purdue,-1.764465987,-2.052156377,-1.100187943,-1.005136652,-0.101645486,0.044831467,-0.499284029,-0.130761144,0.061659272,0.222171899,0.204542076,TE,B1G,1.131036559
John Kelly,Kansas,-2.239500118,-2.089224768,-0.445870096,0.144354209,-1.072457274,1.586832028,0.825946912,-0.298478465,0.110872665,-0.205454264,-0.018419876,RB,B12,1.130626989
Haydon Wiginton,Texas Tech,-2.343680808,-2.499387332,-1.298684391,-1.121714758,-0.464002564,0.797320656,-0.510189186,0.143647602,-0.281176405,0.038801237,-0.023355971,WR,B12,1.130372253
Austin Carlisle,Houston,-1.916037265,-1.787592273,-0.001322841,0.646298751,-1.217685452,1.661428005,0.992717963,-0.27386085,0.148604143,0.263554592,-0.058304432,QB,B12,1.130023935
Evan Poticher,Middle Tennessee,-2.361638255,-1.125727011,-1.074686274,0.035255904,-0.363731974,0.669590377,-0.579542476,0.215741964,-0.29014569,0.489346668,-0.027598624,TE,CUSA,1.129886492
Caleb Coombs,Jacksonville State,-1.783183808,0.846219294,-0.570355043,-0.164813478,0.064180851,-0.157148002,-0.268702671,-0.149009484,0.075883364,0.066129528,0.079222413,WR,CUSA,1.129885901
David Kasemervisz,Rice,-2.322638889,-2.476295441,-1.3332599,-1.139620711,-0.433314474,0.74603844,-0.505126021,0.158452748,-0.303281017,-0.132424207,-0.026349622,WR,AAC,1.12963908
Anthony Eager,South Alabama,-0.726619125,0.884805903,1.561662431,0.16997321,-1.339990299,1.45857864,3.603493845,-1.40416066,1.384392408,-0.584946323,0.75437261,WR,SBC,1.129611566
Brayden Bockler,Louisiana Tech,-2.353987602,-1.667688606,-1.147950853,-0.30614888,-0.373843365,0.648995037,-0.574148852,0.158556387,-0.265296372,0.246939648,-0.026474229,TE,CUSA,1.129590913
Jaleel Walker,Western Kentucky,-2.886498849,2.352110374,-0.431217097,3.015738706,0.071620835,0.25096799,-0.951766671,0.343841375,-0.255937493,1.968725709,0.041611336,WR,CUSA,1.129584605
Martavious Collins,Florida Atlantic,-2.384377094,-1.796255844,-1.133618237,-0.716263298,-0.367910999,0.716564184,-0.515757759,0.178770791,-0.254464957,0.723802217,-0.051067785,TE,AAC,1.12923299
Ka'Morreun Pimpton,TCU,-2.51778072,0.255209566,-0.863234394,1.120595619,-0.221649885,0.521878104,-0.595684782,0.312396533,-0.32820459,1.037112539,-0.125474887,TE,B12,1.129020457
Anthony League,California,-1.857467991,-2.999862593,-0.348476994,-1.095435689,-0.270062969,0.249472349,-0.372517364,-0.222588937,0.057187252,-0.119207222,0.041870015,RB,ACC,1.12894315
Terrence Smith Jr.,UConn,-1.68521824,-1.737838008,0.418013968,-0.069490154,-0.665848919,0.863058868,0.372607838,-0.189723942,0.081893858,-0.103560292,0.166076181,WR,Ind,1.128577082
Javonte Vereen,UConn,-1.414284062,2.50244608,-0.084033542,-0.306262214,0.208351195,-0.355577718,-0.048277562,-0.096168121,0.141050345,0.916944064,0.094535803,TE,Ind,1.128238621
Hunter Andrews,Utah,-1.032096945,-1.089292788,0.671575069,1.61859455,-1.323940667,1.313695879,1.510434552,-0.684922695,0.492481022,-1.749910908,0.314367809,TE,B12,1.128168241
Nakai Amachree,Bowling Green,-2.078967864,-3.764026741,-0.983693208,-1.92087443,-0.22827003,0.330087234,-0.760825287,-0.073294129,-0.177468573,-0.304588238,-0.163547291,RB,MAC,1.12806159
Omari Evans,Washington,-1.871433695,4.320570452,0.22848752,1.37780473,0.289816669,-0.348660688,-0.460079681,0.04777376,-0.073528494,-0.004627951,0.155451142,WR,B1G,1.127892682
Jordan Onovughe,Stanford,-2.423639183,-1.681394457,-1.162286903,-0.497008447,-0.377907286,0.71970824,-0.552380281,0.183623691,-0.280820528,0.335581325,0.002795869,WR,ACC,1.127885051
Armani Winfield,Colorado State,-1.621735131,1.720041945,-0.24913671,-0.586692951,0.069824028,-0.084404139,-0.187010312,-0.039218074,0.010144231,0.481291477,0.042791039,WR,MWC,1.127593535
Michael Turner,Baylor,0.040255541,-2.182293018,2.152175332,0.781871798,-0.436453326,-0.466606696,0.170655307,-0.655534223,0.49826478,-1.410300683,0.269621369,RB,B12,1.127586528
Allen Middleton,Bowling Green,-2.13058201,-2.325621535,-0.632125411,-1.349718076,-0.18024079,0.30087537,-0.117998184,-0.235704968,0.081575099,0.036334267,0.04856447,WR,MAC,1.127512812
Tyler Picinic,Sacred Heart,-2.212864139,-2.089606033,-1.155815382,-0.876326951,-0.3234939,0.515983292,-0.503595258,0.044694786,-0.17282852,-0.009602256,0.030374384,TE,INDAA,1.127323599
Brodrick Malone,New Mexico State,-2.348537509,2.137334234,-0.123403025,0.287334569,0.286743082,-0.286309049,-0.077046374,-0.054682225,0.005643375,0.35634057,-0.015873291,WR,CUSA,1.127124669
Dominic Kelley,Nevada,-1.959021359,-3.566965639,-0.583010162,-1.085386816,-0.309385308,0.247981079,-0.347948107,-0.284791881,0.085119692,-0.247354605,-0.019307423,RB,MWC,1.126908554
Jacob Emmers,Tulsa,-2.226795743,0.156521069,-0.439210126,-0.346970219,0.374161575,-0.361467891,-1.039249986,0.044420181,-0.217932529,-0.174625406,-0.055375133,WR,AAC,1.126686079
Keldric Luster,Texas State,-1.191305916,-2.765585713,-1.004076294,-0.070988988,-0.592950972,0.302440463,1.462358819,-0.071652683,-0.06151041,-1.467798581,-0.838452991,QB,SBC,1.126551762
Wesley Grimes,NC State,-1.100321726,3.404514605,-0.020155785,-0.311370643,0.019609884,-0.130976615,-0.232422628,-0.00209929,-0.056851369,-0.388584407,0.103847499,WR,ACC,1.126493836
Nate Burleson II,Nevada,-2.721986782,3.0726096,-0.339750352,2.979394742,0.158100223,0.121994252,-0.741282207,0.248929367,-0.135970583,1.819361926,0.240740262,WR,MWC,1.126315712
Toric Goins Jr.,UTEP,-1.860955227,0.052056835,-0.369321836,-1.408132294,0.168455171,-0.089416512,-0.281258422,-0.014563167,0.054986679,1.440765089,0.11101745,WR,CUSA,1.125465318
Brandon Inniss,Ohio State,-1.741052778,3.455006125,-0.086072963,1.200708305,0.298097928,-0.463204832,-0.405904722,-0.041840569,0.02733273,0.177059644,0.127923082,WR,B1G,1.125337655
Elijah Ford,Sacred Heart,-1.997947149,-1.183972999,-0.929883017,-0.570456931,-0.198075345,0.263320722,-0.481587518,-0.035369369,-0.07342321,0.017832347,0.065544061,WR,INDAA,1.124776474
Jordan Washington,Texas,-2.161169129,0.390895799,-0.580024642,-0.239551294,-0.037286649,0.298567552,-0.528509922,0.19430501,-0.162948025,1.379983119,0.069549108,TE,SEC,1.124306293
Khristian Lando,Jacksonville State,-1.271542247,-1.850278899,0.846946161,0.052913116,-0.200142939,-0.080690742,-0.356087695,-0.190223816,0.112580676,0.13373908,0.092966648,RB,CUSA,1.123845989
Devin Alves,Virginia Tech,-2.485061809,3.912568743,-0.305594729,4.149332917,-0.080166553,0.315239901,-0.59409223,0.26122113,-0.103832462,2.618379531,-0.036654307,WR,ACC,1.123767886
Cameron Barmore,Arizona,-1.724656899,0.507503675,-0.645709533,-0.813861105,0.068328326,-0.165848297,-0.075564451,-0.175483918,0.130611654,0.435965076,0.025068696,TE,B12,1.123728884
Emaree Winston,Texas,-3.124142939,5.252344449,0.02780522,5.477464345,0.424929061,-0.302309407,-1.009681315,0.252378072,-0.142777955,1.800298074,0.099693212,TE,SEC,1.123682447
Shamarius Peterkin,Virginia Tech,-2.137167369,0.100893957,-0.449834764,-0.798189211,0.59565683,-0.597100603,-0.83889682,-0.116327329,0.189527306,1.630348448,0.454683529,WR,ACC,1.123590568
Preston Douglas,NC State,-2.708597269,4.821706488,0.318335924,6.411337353,-0.503784454,0.461415481,1.188678449,-0.657728362,0.664207112,-0.971717774,0.701616565,TE,ACC,1.123097769
Nick Poulos,Ohio,0.517627179,-2.836076107,-0.990993646,0.713796833,-0.459133175,-0.609853293,2.176053658,-0.303630318,0.351427449,-1.10305643,-0.514978679,QB,MAC,1.122881
Jamari Person,Liberty,-1.323281929,1.539618976,-0.392439937,-0.545147447,-0.050015428,-0.013770361,-0.235502189,-0.039823794,-0.011885952,0.099419178,0.048028555,WR,CUSA,1.122378183
Trey Leckner,Washington State,-2.051756885,1.649079093,-0.240026827,0.150175658,0.131205637,-0.190767543,-0.225550248,-0.091706251,0.006313942,0.018960753,-0.005727479,TE,PAC,1.122302996
Adam Hill,Texas Tech,-1.064345105,-3.555856392,0.240143048,-0.859385109,-0.400445321,0.075787124,-0.272556636,-0.347334189,0.166004149,-0.331105081,-0.02479018,RB,B12,1.122138829
Derek Eusebio,Arizona State,-2.085399244,3.2688232,0.614691989,0.718432359,0.599649373,-0.467417232,-0.32076536,0.00946541,0.190116381,2.879094144,0.219764928,WR,B12,1.121929577
Elijah Lagg,UAB,-1.665877715,-0.439180902,-0.707999799,-0.684189487,2.04937163,1.560799612,-0.174866975,-0.349097348,-0.443107137,0.108940138,0.065636275,TE,AAC,1.12179331
Major Everhart,TCU,-2.057659989,-0.558987566,-0.72337254,-0.460716423,-0.252582498,0.461625234,-0.470903936,0.147561263,-0.201656295,0.632286008,-0.03081126,WR,B12,1.121753567
Zach Courtney,Coastal Carolina,-2.206885812,0.974494376,-0.689243379,1.167674514,-0.191207045,0.452023706,-0.538348375,0.264475153,-0.216736287,1.554958186,-0.042728339,TE,SBC,1.121519246
Jordan McIntyre,Colorado State,-2.350095672,-1.833579373,-1.188131473,-0.797706376,-0.298644831,0.567553876,-0.538213928,0.112109128,-0.217856935,0.229036777,0.004727482,WR,MWC,1.120769394
Desirrio Riles,East Carolina,-1.724414732,1.706840832,-0.3117933,-0.267416758,-0.050200996,0.092276173,-0.231506045,0.038903227,-0.091690051,0.26864164,-0.016572266,TE,AAC,1.119819906
Kenji Lewis,Northern Illinois,-2.361896092,-1.459467614,-1.171454246,-0.199322366,-0.360330714,0.676339472,-0.563741965,0.171666339,-0.239107475,0.668764238,-0.010964973,WR,MAC,1.119763734
Kelan Robinson,East Carolina,-2.3681013,-2.006937282,-1.17448981,-0.895593806,-0.378876917,0.720371111,-0.520847454,0.146732319,-0.238861016,0.553993256,-0.022163005,WR,AAC,1.119674305
Kiefer Sibley,North Texas,-0.192309153,-1.055334145,2.149574603,0.92387601,-0.324348772,-0.362514733,0.000878963,-0.343986565,0.245593997,-0.995747841,0.200122441,RB,AAC,1.119455656
Omar Mabson Ii,Auburn,-1.530965338,-0.326647747,0.578895151,1.137644199,-0.486392622,0.428621795,0.049622834,-0.16142475,0.067986828,-0.51654131,0.189702655,RB,SEC,1.119449136
Sawyer Racanelli,Wake Forest,-1.053714683,3.432000214,-0.071583316,0.041313547,0.283695701,-0.604510507,-0.435056257,-0.265933127,0.210589828,-0.214558449,0.263639615,WR,ACC,1.119314255
Trey Miller,Louisiana,-2.232050881,-1.694694328,-0.974502444,-1.223329017,-0.138162488,0.325378557,-0.297220664,0.005095561,-0.059526006,0.825308968,-0.008879856,TE,SBC,1.118859999
Jaylen Mbakwe,Alabama,-2.381126641,3.41167744,-0.062444856,3.672733569,0.394904478,-0.699671718,-0.545682541,-0.364823642,0.163094375,-2.184195456,0.45609149,WR,SEC,1.118695405
Louis Hansen,UConn,-1.798684804,1.585601622,-0.318460419,0.098785529,-0.070122222,0.174651355,-0.259531869,0.129364179,-0.113281238,1.014637537,-0.046651251,TE,Ind,1.118513037
Derrick Eley,Charlotte,-2.105459529,2.082996377,0.571693362,1.830536722,-0.377790171,0.727952522,0.451734853,-0.192005478,0.160713478,0.687669451,0.161364938,WR,AAC,1.118313196
Antonio Harmon,Marshall,-2.681587981,3.078253945,-0.360892108,3.022861448,0.228616985,-0.083495885,-0.782012491,0.060226558,-0.00055948,1.234050004,0.327836403,WR,SBC,1.118051177
Banks Bowen,Oklahoma State,-0.771635234,-2.682345218,-0.729745178,0.578295451,-1.129308287,0.863235065,2.787644831,-0.349741398,0.325182085,-1.041381215,-0.750477682,QB,B12,1.117984667
Zay Parks,Florida State,-0.49800803,-2.045374912,0.584467874,0.943212108,-0.737400045,0.153670633,0.778305821,-0.83609113,0.659856752,-1.380145983,0.254963077,RB,ACC,1.117859995
Lawson Albright,Northwestern,-2.262699266,-0.232568765,-0.610214057,0.117524437,-0.245541565,0.461045124,-0.466221848,0.193371837,-0.271879922,0.205829427,-0.011447488,TE,B1G,1.117665874
Jonah Dawson,Air Force,-1.54282257,3.014604931,-0.179964359,0.434696706,0.246516684,-0.237941481,-0.583207025,0.088604841,-0.042490318,0.596560751,0.313300454,WR,MWC,1.117479118
Chas Nimrod,South Florida,-1.207619403,1.929620887,-0.1705901,-0.763167529,0.11998696,-0.246835112,-0.231439971,-0.070200464,0.083633378,0.685254478,0.102472783,WR,AAC,1.117434817
Antonio Meeks,Louisville,-1.959354846,0.781846208,-0.626541131,-0.024351962,0.263145288,-0.58531345,-0.453809537,-0.390759699,0.140220654,-2.153142871,0.316499869,WR,ACC,1.117321658
Zy'Aire Fletcher,Kent State,-2.919328518,5.859332835,-0.184612609,5.936935243,0.942340864,-1.470106524,-1.249929149,-0.185781197,0.006602668,-2.498562156,0.45093844,TE,MAC,1.116782381
Quaron Adams,California,-1.311514212,2.836230564,0.556749675,0.527422547,-0.307025782,0.364437647,0.259266364,-0.139520125,0.028519193,-0.673180766,0.111478699,WR,ACC,1.116719133
Josiah Freeman,Fresno State,-0.532413271,3.876796715,0.031923943,-0.627239147,0.220949582,-0.703249264,0.137963343,-0.353259614,0.30920205,-0.473256005,0.15509765,WR,MWC,1.116563789
Donovan Hamilton,Ball State,-1.296560457,0.636878524,-0.456076853,-1.009910382,0.110934079,-0.224022376,-0.24068501,-0.122300364,0.150443779,1.046823316,0.118025653,WR,MAC,1.116401902
Keaton Kubecka,Kansas,-1.872876677,-0.329510147,-0.807733723,-0.931999927,-0.017395261,0.013417734,-0.221868501,-0.104005406,0.025539577,0.040378277,0.098829885,WR,B12,1.11639845
Jarod Bowie,West Virginia,-1.287773125,-1.491209163,0.673906304,1.002788021,-1.679346103,2.187018708,1.897596831,-0.554062931,0.389125282,-0.142712511,-0.004701045,WR,B12,1.116362223
Tucker Ashcraft,Wisconsin,-2.112904711,-0.781105993,-0.94873487,-0.203061222,-0.201288802,0.302902796,-0.446407543,0.015606345,-0.114976029,0.079908413,0.026333599,TE,B1G,1.116131865
Justin Ruffin Jr.,Central Michigan,-1.771205615,0.104252121,-0.227658707,0.862976155,-0.548360712,0.685404864,0.630393558,-0.433342201,0.351213931,0.226704007,0.140136088,WR,MAC,1.116073696
Djay Braswell,Georgia State,-1.629191793,-2.964785865,-0.047589574,-0.964853959,0.016545694,-0.353613159,-0.169728889,-0.541325678,0.426552993,0.401498282,0.112946079,RB,SBC,1.115692406
Jaden Platt,Arkansas,-1.938236676,2.960506935,-0.022206014,0.837520294,0.128604805,-0.07621507,-0.437041078,0.154162275,-0.161003609,0.525952345,0.017175615,TE,SEC,1.115481509
Theo Melin Ohrstrom,Texas A&M,-2.157199756,2.223278856,-0.252506483,1.230075275,0.112710757,-0.04684631,-0.401370004,0.142665174,-0.115031991,1.182486994,-0.066282732,TE,SEC,1.115412589
Prince Strachan,USC,-2.156879209,3.715336649,-0.117935805,2.158835981,0.124343356,0.002800402,-0.751507305,0.194133222,-0.174144821,0.761659184,0.145000568,WR,B1G,1.1149391
Stacy Gage,UCF,-1.282352561,-2.173576277,0.519890877,0.257602438,-0.618513437,0.51208134,0.188356651,-0.317054351,0.224245445,0.245978475,0.058874131,RB,B12,1.114917176
Manny Adebi,Vanderbilt,-2.403899269,-1.257969256,-1.15551337,0.000631401,-0.335529746,0.638856719,-0.584348028,0.178348543,-0.253425881,0.531480278,-0.010015167,TE,SEC,1.114596607
Nic Trujillo,UL Monroe,-1.241504178,2.682662736,-0.049148687,-0.389667173,0.469392083,-0.855150724,0.017374988,-0.382550589,0.419242399,0.62901952,0.261224244,WR,SBC,1.114478301
Jabari Bush,Arkansas State,-2.167340046,-1.599569666,-0.965371597,-1.197098002,-0.167472464,0.407638745,-0.317232935,0.073778859,-0.083511814,1.28504974,-0.014479456,TE,SBC,1.114243195
Luke Hasz,Ole Miss,-1.897004961,3.546137737,-0.161101506,1.729878914,0.06327051,-0.108782566,-0.41578402,0.084514322,-0.133920523,-0.015849138,0.000458678,TE,SEC,1.11411398
Troy Omeire,UNLV,-1.676778589,2.867920934,-0.025584605,0.069210002,0.1346386,-0.210242835,-0.209130627,-0.020114397,-0.03869886,-0.09155445,0.035571354,WR,MWC,1.114064286
Jaylin Carter,Southern Miss,-0.645665774,-1.728164393,0.950301967,-0.519253843,0.77353521,-0.147321203,0.153745165,-0.737600038,0.395254756,-0.321623372,0.145605074,WR,SBC,1.113749801
Braiden Staten,Florida International,-2.375211698,-0.854242411,-0.967004749,-0.031767791,-0.225559337,0.511966895,-0.593664309,0.18182905,-0.228245868,0.782914827,0.016008927,TE,CUSA,1.113569704
Chase Loftin,Florida State,-2.444543273,-1.423234062,-1.136981791,-0.141382513,-0.350432412,0.654684804,-0.594233313,0.179890828,-0.285375209,0.241654779,-0.021005541,TE,ACC,1.113186301
Peyton Higgins,Troy,-1.472862301,1.336137182,-0.49267643,-0.660794017,0.060182428,-0.183506621,-0.220245235,-0.205461865,0.142834419,0.168659354,0.116690146,WR,SBC,1.113144565
Henry Hesson,Miami (OH),1.984562246,-2.910066978,-2.571107177,0.156476726,0.586697992,-2.581783352,0.972815321,-0.291177784,0.43578058,-0.57229055,-0.429318674,QB,MAC,1.113027864
Lakota Dippre,James Madison,-1.503309374,-0.932171325,-0.667891661,0.785010253,-1.465844209,1.741830459,1.079164688,-0.230476921,0.142308457,-1.259684709,0.381091565,TE,SBC,1.112980837
Kyler Pearson,East Carolina,-2.131563016,-1.08249911,-1.08543432,0.848256165,0.474057021,1.446233517,-0.427812088,0.133221319,-0.50264158,0.44938309,-0.175601177,WR,AAC,1.112960713
Cole Spence,Vanderbilt,-1.807110609,3.350442705,-0.095473293,1.4646898,-0.012360258,0.001704145,-0.46463783,0.125750731,-0.170973006,-0.021982345,0.018997057,TE,SEC,1.112859514
Anthony Ferrucci,Boston College,-1.869559208,-2.264787317,-0.52116475,-0.037063466,-0.726835502,0.811020501,0.197008202,-0.311957324,0.131372819,-0.618503488,0.088586604,RB,ACC,1.112529334
Jeremiah Jones,Nebraska,-2.526857648,-0.929557385,-1.065664119,0.382493299,-0.348609371,0.67801731,-0.620127518,0.237859877,-0.321273094,0.463344754,-0.055990809,WR,B1G,1.11239995
Banks Pope,Clemson,-2.453261609,-1.450400137,-1.132569313,-0.161192307,-0.356103116,0.662447245,-0.593348004,0.176106192,-0.283615461,0.228914807,-0.018449192,TE,ACC,1.112098285
Na'eem Abdul-Rahim Gladding,Old Dominion,-0.511541506,3.896293864,0.087382194,-1.130335924,0.138440422,-0.565727294,0.216044324,-0.27881623,0.196315662,-0.766075903,0.020388722,WR,SBC,1.111991348
Brendon Wyatt,Merrimack,-0.991047127,-3.511186501,1.777572262,-0.506681227,0.770275519,-1.921646606,0.184500667,-1.371246533,1.194469033,-0.452016202,0.512330723,RB,INDAA,1.111822283
Javen Nicholas,Charlotte,-1.406558866,0.852444824,-0.356406066,-1.790879013,0.329358608,-0.643200046,0.316151165,-0.471189846,0.443825286,0.468932359,0.129366175,WR,AAC,1.11152942
Mylan Graham,Ohio State,-2.086189394,0.014428303,-0.784487235,0.021604276,-0.020219234,0.16704073,-0.662750118,0.107759481,-0.126808088,0.568227769,0.20000244,WR,B1G,1.11145521
Daunte Bacheyie,Syracuse,-2.417343786,0.166348892,-0.843083315,0.852480551,-0.31567919,0.707705465,-0.616718124,0.363224939,-0.348804766,1.29291649,-0.050708879,TE,ACC,1.111443022
Gabe Sawchuk,Oklahoma,-1.901738659,-1.209289768,0.323408152,1.680136181,-1.449330754,1.800526039,1.947635502,-0.861188546,0.638908635,-1.419083749,0.384981067,RB,SEC,1.111349761
Langston Lewis,Central Michigan,-1.452791157,2.053776186,-0.09946488,-1.040217339,0.410583903,-0.637958994,0.00149337,-0.360210274,0.378080223,0.864325116,0.229333286,WR,MAC,1.111340556
Javian Hester,Kentucky,-2.228634633,2.295271721,-0.162993473,0.441843294,0.320950645,-0.242990776,-0.431448935,0.062111299,-0.030781232,1.030508527,0.139180774,WR,SEC,1.111337098
Jocquez Smith,Temple,-1.834004954,-1.252627438,0.017667788,-0.011118508,0.199218902,-0.430779769,-0.701661098,-0.114831051,0.025461543,0.486432808,-0.072891966,RB,AAC,1.110724308
Vernon Allen III,Rutgers,-2.972621482,5.564153269,-0.293584406,6.290242134,0.789183514,-1.314908112,-1.122260757,-0.182209268,0.003908296,-2.020926236,0.202459731,WR,B1G,1.110523427
Jared Porter,Delaware,-1.660680075,-2.014242714,-0.294214406,-0.363343034,-0.182363905,0.104996974,-0.346650159,-0.170263826,0.058099845,0.065138825,0.071563876,RB,CUSA,1.110457554
Duke Clark,Florida,-1.256066988,-1.552704487,0.135533003,0.37606378,-0.534814964,0.312773741,0.27212066,-0.475502662,0.356915714,-0.653446354,0.291600081,RB,SEC,1.110374658
Tate Carney,Wake Forest,-0.792247886,-2.279235485,1.062509527,0.564993899,-1.151204406,1.109950595,0.580699555,-0.258223913,0.136713851,-0.551993303,0.094085896,RB,ACC,1.110295538
Logan Lyson,Sacred Heart,-2.224108752,-1.466662305,-0.937780312,-0.977691654,-0.107661066,0.278643244,-0.475318338,0.001072753,-0.077278568,0.479495872,0.094245662,TE,INDAA,1.109973291
Nathan Mcneil,Iowa,-1.023663216,-1.211752668,0.803013478,0.292260462,0.286957468,-1.01640854,-0.256829887,-0.745435025,0.598819604,-0.579551432,0.275196154,RB,B1G,1.109598195
Carter Pabst,Washington State,-2.0682243,0.439384373,-0.455859036,-0.681117159,0.129301255,0.069236484,-0.456404706,0.107844317,-0.037918375,1.639070722,0.166559279,WR,PAC,1.109228586
Justin Smith-Brown,West Virginia,-2.314497017,2.014084253,-1.249010224,0.164340034,2.213672103,-1.51477617,-2.964072883,0.351819087,-0.699907564,-0.666417629,0.097656222,WR,B12,1.108805071
Naeshaun Montgomery,Florida,-2.309462443,-1.023723043,-1.025206818,0.002314831,0.509647272,1.008604685,-0.537327328,0.054309774,-0.341537451,0.531000653,0.023058033,WR,SEC,1.108159716
Parker Jenkins,East Carolina,-0.796383471,-2.743060979,0.950436237,-0.649151802,0.035119171,-0.677295403,-0.399297259,-0.4533101,0.377905003,0.214819378,0.137876097,RB,AAC,1.108012481
Jaleel Skinner,Louisville,-2.219570376,-0.097024341,-0.745051972,-0.245586878,-0.134672426,0.291373487,-0.398053537,0.085672631,-0.174698275,0.140580035,-0.011001442,TE,ACC,1.107804925
Alexander Diggs,Kennesaw State,-0.560560125,-2.74617971,0.639098216,0.325773767,-0.375191359,-0.292121798,-0.102292671,-0.509799383,0.402241853,-0.352448066,0.094247907,RB,CUSA,1.107754543
Elija Lofton,Miami,-1.749249832,1.221888724,0.710453159,0.392136105,-0.543291965,0.591885787,1.714914648,-0.860954833,0.72160797,-1.017305692,0.408744896,TE,ACC,1.107666251
Chris Hilton Jr.,LSU,-2.216160389,1.792551028,-0.189792461,0.288748005,0.173767857,0.045832669,-0.512659367,0.176731396,-0.096929133,1.650519428,0.143320331,WR,SEC,1.107552546
Kayleb Barnett,Vanderbilt,-1.983534398,-0.071677737,-0.015393038,0.530144952,-0.460275801,0.594180332,0.331301051,-0.246631891,0.070386824,-0.816353621,0.083138969,WR,SEC,1.106559234
Troy Leigber,UCLA,-1.861947613,-1.162895222,0.022518394,1.534737008,-1.2773153,1.453465487,1.607359823,-0.817625889,0.612060806,-1.347914417,0.32982029,RB,B1G,1.106191658
Clay Ash,West Virginia,-1.272730418,-2.888904528,-0.051806412,-0.810216708,0.317099024,-1.039233312,-0.114883614,-0.91177475,0.790738218,-0.050368823,0.33126675,RB,B12,1.10605994
Jaxxon Warren,Colorado State,-1.066370998,-0.085320748,-0.814268184,-0.234730691,0.210398529,-0.644243758,-0.268930896,-0.416372376,0.468510381,1.215873058,0.20908675,TE,MWC,1.10599767
Jerry Cross,Memphis,-2.74077915,1.698405845,-0.706071696,2.954587515,-0.164558145,0.43093449,-0.737318711,0.313934961,-0.30831515,1.107700265,-0.075449354,TE,AAC,1.105921737
Zach Atkins,Colorado,-1.335288725,-0.641066175,-0.007368165,0.51790948,-1.641383374,1.800370377,3.303910457,-1.201388669,1.325968544,-0.219357948,1.06996932,TE,B12,1.10544645
Adam Hopkins,Charlotte,-2.880760222,3.513574587,-0.418726124,4.41711024,0.129252793,0.041964291,-0.879090371,0.273429558,-0.191062573,1.652732932,0.02297003,WR,AAC,1.105341477
RJ Garcia II,Bowling Green,-1.494497367,1.360535685,-0.388612584,-0.007346124,-0.186771768,0.270295532,-0.398396316,0.154762859,-0.15527485,0.683349261,0.010951058,WR,MAC,1.105133552
JP Coulter,UL Monroe,-0.835133621,0.625645069,-0.424465309,-0.437736319,4.582419435,2.126221157,-0.083433445,-1.061122394,-0.482993835,-0.844782204,0.340795968,WR,SBC,1.104810631
Tyler Douglas,Temple,-1.878592658,-1.995777406,-0.476202192,0.522814703,-1.018392949,1.246218848,0.618159662,-0.277118727,0.205566732,0.401479422,0.101956718,QB,AAC,1.104808049
Brec Long,South Alabama,-2.388793049,-1.507873527,-1.17131104,-0.429754988,-0.324366194,0.59788053,-0.530182824,0.15138046,-0.273452078,-0.037408159,-0.00581126,TE,SBC,1.104456876
Landon Strother,Louisiana,-1.777614251,-0.437066614,-0.263245026,0.233202245,-0.456318144,0.543453413,0.292098191,-0.329544604,0.187624688,-0.215711204,0.050922025,WR,SBC,1.104336119
Isaiah Myers,Western Kentucky,-2.37642277,4.315358043,-0.133415231,3.651913785,0.222150365,-0.197879134,-0.788229112,0.169061775,-0.10187948,1.158362283,0.111541506,WR,CUSA,1.104327194
Drew Wagner,Northwestern,-1.929197637,1.063588546,-0.519384022,0.350693838,0.131686114,-0.247482433,-0.251665849,-0.130620055,0.079786586,0.171748477,0.100467208,WR,B1G,1.103954346
Aviyon Smith-Mack,Sam Houston,-1.529376503,-2.004133198,-1.146838388,-0.991351436,-0.063722787,-0.14317717,-0.298708892,-0.284209468,0.222884344,0.366052471,0.13526224,WR,CUSA,1.103664637
A'Marion Peterson,UTSA,-1.320346363,-2.941576358,0.241188929,0.053848099,-0.515703576,0.249056076,0.104417796,-0.417969734,0.295710575,-0.132752651,0.079844184,RB,AAC,1.103602591
Carl Chester,Southern Miss,-0.958871584,4.149426562,0.25202242,-0.888686052,0.240544529,-0.472543503,-0.011878718,-0.136630207,0.103108517,-0.294484327,0.16230728,WR,SBC,1.103252352
Jackson Wasserstrom,Indiana,-2.618021921,3.571978837,-0.641082676,4.43703886,0.659943674,-1.283198732,-0.928194606,-0.3141427,0.028260449,-3.170393602,0.214182456,WR,B1G,1.103043898
Tracy Stephens,Marshall,-2.705866134,1.37969235,-0.743345872,2.233600028,-0.07325805,0.33953377,-0.693617948,0.355778688,-0.354987767,0.914608173,-0.046368302,TE,SBC,1.102943401
Dijon Stanley,New Mexico State,-1.245623126,-1.28999833,1.168858927,-0.531910694,0.619814749,-1.370060309,-0.301301616,-0.750563092,0.620346789,-0.012016968,0.210350842,RB,CUSA,1.102879603
Duane Thomas Jr.,UCF,-1.000424878,0.872065736,0.133015284,-0.999687954,0.097202193,-0.429428021,0.484827516,-0.702467709,0.5776787,-0.406860778,0.230112814,WR,B12,1.102539012
Ashaad Clayton,SMU,-0.887509387,-2.356024398,0.86880536,0.467584011,-0.970646522,0.874478389,0.52287733,-0.323637726,0.172346845,-0.649974288,0.079673691,RB,ACC,1.10247315
Zycarl Lewis Jr.,Tulane,-1.751955915,0.917562597,-0.380963988,-1.026378437,0.06998068,-0.050726316,-0.211550087,-0.056447326,0.010661164,0.438442127,0.053165819,WR,AAC,1.102012315
Matt Wagner,Boise State,-2.029147992,0.599143718,-0.528374614,-0.463107036,-0.013698251,0.087161142,-0.292662101,-0.019297503,-0.054963634,0.24422163,0.028217508,TE,MWC,1.101979417
Jordan Malau'ulu,Fresno State,-2.091308968,-1.821947047,-0.984996656,-1.222723493,1.316537534,1.473436231,-0.341012052,-0.08551883,-0.391849787,0.863160238,0.069076944,WR,MWC,1.101951966
Tre Benson III,Army,-2.08741183,-4.428570107,-1.592228486,-2.955315458,0.55475605,0.889233227,-1.119163549,0.096925461,-0.583448924,-0.568358108,-0.216191841,WR,AAC,1.101713116
Jamel Hardy,UTSA,-2.109522,0.593016012,-0.52657905,-0.289050893,0.007716952,0.142152478,-0.304582126,0.077681324,-0.082553206,0.940000714,0.027220841,WR,AAC,1.101703602
Jabari Smith,Florida Atlantic,-1.769269992,2.731171935,-0.091672553,0.065524867,0.159137944,-0.181233353,-0.222553793,-0.016663602,-0.00691042,0.319938448,0.103336259,WR,AAC,1.101121401
Sam Mbake,App State,-1.381499001,-0.468042671,-0.777404656,-1.408209558,0.183218525,-0.499886204,0.016905365,-0.40733225,0.359785105,0.321226077,0.126827933,WR,SBC,1.100876792
Tyler King,New Mexico State,-0.704764065,-0.863308515,-0.227488627,0.32560383,-0.64600116,0.514028453,-0.460112488,-0.059173736,-0.1453569,-0.651345531,-0.193742099,WR,CUSA,1.100842501
J'Marion Burnette,Houston,-1.519726063,-1.672978475,0.648000647,-0.600480186,0.749523133,-1.285039175,-0.839299851,-0.566450609,0.564245654,1.2955435,0.399709251,RB,B12,1.100716395
Wyatt Sullivan,South Florida,-2.020934853,0.871118539,-0.495271256,-0.190602271,-0.021542282,0.105501069,-0.265818206,0.041316778,-0.083647529,0.550985316,-0.025362032,TE,AAC,1.100408901
Travis Bates,Duke,-1.280965514,-2.83181782,0.296951383,-0.005111818,-0.732385844,0.569460257,0.75033539,-0.708742034,0.449209044,-1.265945614,0.11764602,RB,ACC,1.100185562
Kason Stokes,Middle Tennessee,-1.945267568,-1.58890928,0.493286239,0.827710487,-1.798717936,2.419229768,3.187324513,-1.208002686,1.048598932,-1.421921834,0.740121028,WR,CUSA,1.099971681
Dakota Thomas,Nevada,-1.212685155,1.920589138,-0.448142371,0.311110179,-0.036405596,-0.11375393,-0.259510421,-0.044047012,0.051502158,0.559194478,0.04637956,WR,MWC,1.099889576
Joey Mattord,Eastern Michigan,-1.199687041,0.261047222,0.951787056,1.739921775,-0.862369991,0.855661181,1.121400735,-0.513113265,0.464447624,-0.326843952,0.353892792,RB,MAC,1.099755807
Rett Andersen,Texas,-2.261083596,-1.188689433,-1.247178175,0.075194063,-0.296293053,0.511512604,-0.531494735,0.11047498,-0.176160784,0.490479435,0.009286029,WR,SEC,1.099672081
Joshua Moore,Miami,-1.955837635,2.693621863,-0.252232312,0.521967206,0.342587596,-0.62479258,-0.334828501,-0.305863979,0.094303596,-2.047578049,0.308975631,WR,ACC,1.099198945
Roman Mothershed,Troy,-1.613250645,0.508095101,-0.506440079,-0.640397369,0.021120262,-0.145239234,-0.28127996,-0.172558546,0.083720039,-0.023148999,0.079771596,WR,SBC,1.098834142
Elijah Thomas,Oklahoma,-2.480177983,-0.969654596,-1.105384218,0.426538682,-0.346120405,0.640268429,-0.620969978,0.224139916,-0.316929646,0.300712488,-0.048415371,WR,SEC,1.098806881
Robby Washington,Coastal Carolina,-1.629806762,1.699041871,-0.370097763,-0.199949525,0.251953787,-0.48440251,-0.102700822,-0.251978567,0.193619422,-0.199173525,0.184943573,WR,SBC,1.098738528
Mackenzie Alleyne,Washington State,-2.194126005,2.788998894,-0.419423173,2.006094787,0.864710153,-1.6659068,-0.776478541,-0.71879496,0.335333174,-4.189873333,0.548217398,WR,PAC,1.098638122
Drayden Dickmann,Rice,-1.993886292,-0.236395601,-0.814380313,-1.307642213,0.350586125,-0.581817175,0.16101977,-0.535616554,0.467588357,0.46097257,0.142978327,WR,AAC,1.098461984
Braylon Isom,Miami (OH),-2.097444685,0.865350401,-0.536488149,0.157822201,-0.057810334,0.264273759,-0.401828253,0.162911855,-0.105654485,1.688942429,-0.020497774,WR,MAC,1.098289645
Daylon Gordon,Georgia Tech,-1.928791277,-2.533573024,0.363802212,0.09697199,-0.944590787,1.246801582,0.953024468,-0.543229987,0.21689191,-1.601439614,0.058775552,RB,ACC,1.098048937
Jake Overman,Pittsburgh,-2.201309138,-0.003777717,-0.731110957,-0.192264357,-0.138690292,0.327722703,-0.425474593,0.127403248,-0.191518831,0.404869799,-0.012973402,TE,ACC,1.097848501
Cole Turner,Clemson,-2.006847779,0.23314453,-0.575185338,-0.359016018,0.11159035,-0.163656449,-0.415593212,-0.13433454,0.042970656,-0.173957303,0.190860761,WR,ACC,1.097506099
Chris Reed,Sam Houston,-1.301993051,2.001979736,0.166831638,-2.320431839,0.650433337,-1.138216168,0.470271102,-0.616977987,0.576462431,0.015697396,0.226194644,WR,CUSA,1.097239951
Eli Jacon-Duffy,Bowling Green,-2.746876699,1.40524615,-0.494579609,1.937479733,-0.15762215,0.719065424,-0.827105192,0.426911511,-0.237048794,3.593167219,-0.030693348,TE,MAC,1.097146648
Trae'von Dunbar,South Alabama,-1.625806797,-1.650138987,1.015216493,1.745909455,-1.92001865,2.520357189,2.669100145,-0.858546589,0.695232541,-0.726870722,0.36361029,RB,SBC,1.096892664
Jaylan Brown,UTEP,-1.879097585,-0.808377336,-0.825409236,-0.883727991,-0.017704663,0.103683797,-0.378724661,-0.009813434,0.026738969,1.327056438,0.067685596,WR,CUSA,1.096747295
Carterrious Brown,SMU,-2.16311973,-1.861025622,-1.182728898,-0.814995366,-0.292443134,0.550099806,-0.482879589,0.086972418,-0.123437188,0.992977622,0.031805125,WR,ACC,1.096570738
John Emery Jr.,UTSA,-0.379771232,-2.684512289,0.858930723,0.119400289,-0.522855452,-0.089307472,-0.12646925,-0.418497729,0.231642405,-1.448630138,0.165667383,RB,AAC,1.096472335
Jesse Watson,Purdue,-2.223034482,-0.282983254,-0.838881855,-0.239944381,0.082527197,-0.093441573,-0.435961526,-0.116815132,0.008144577,-0.318516693,0.193840121,WR,B1G,1.096426289
Israel Polk,Akron,-1.770346513,0.8110968,-0.157492637,-2.139243357,0.428807961,-0.607970338,0.292052646,-0.333988147,0.315464775,0.508076155,0.144643712,WR,MAC,1.096178828
Tony Mathis,Marshall,-0.801434408,-3.308201961,0.52225014,-0.273213671,-0.20642044,-0.412026011,-0.362805781,-0.460183168,0.329781509,-0.139531752,0.023718972,RB,SBC,1.09613044
Hudson Cedarland,Washington State,-2.344260712,-2.632047486,-1.264985938,-1.547262215,-0.416865696,0.706504742,-0.400142426,0.10625174,-0.273572279,-0.318936945,-0.034969224,TE,PAC,1.095988896
Elijah Burress,Notre Dame,-1.656823034,-2.134307058,-1.266241202,-0.954475891,-0.2376371,0.284521365,-0.414759053,-0.035719542,0.040566851,1.220974106,0.066932577,WR,Ind,1.095720757
Fredrick Moore,Michigan,-1.987373971,-1.27700558,-1.237197202,0.017785154,-0.372641594,0.29918812,-0.529537842,-0.156584723,-0.128559028,-2.085502299,0.107145278,WR,B1G,1.095425982
Jayden Brown,UConn,0.370159589,-1.687351736,2.353928223,1.1773059,-0.665918577,-0.186914651,0.78694862,-0.868025086,0.715893303,-1.59352178,0.384158544,RB,Ind,1.095245215
Jordan Brown,Nevada,-1.941572111,0.493617593,-0.655770916,-0.072804783,0.053276829,-0.071841264,-0.389196825,-0.076836415,0.015546348,0.213623477,0.109761515,WR,MWC,1.095210321
Jamar Searcy,Wake Forest,-1.800423337,-1.127733089,0.128733888,1.428377163,-0.919681934,0.859085275,1.222904952,-0.847827577,0.479633752,-3.554382044,0.479594644,RB,ACC,1.095032693
Jayden O'Rourke,Nevada,-2.582630574,1.374499289,-0.665585974,2.246327495,-0.101757773,0.365993741,-0.765050829,0.301963428,-0.272495075,1.321658805,-0.007640582,TE,MWC,1.094974171
Jackson Canaan,San José State,-1.601476528,1.349003306,-0.260970291,-0.665678825,0.132868178,-0.271406577,-0.176063117,-0.178309557,0.092742089,-0.253927001,0.127894054,TE,MWC,1.094889108
Tyler Griffin,UL Monroe,-1.936928325,3.545304522,-0.080198871,1.684634847,0.103296435,-0.003842565,-0.474979047,0.169221039,-0.087678151,1.465094048,0.066223282,WR,SBC,1.094873302
Jay Jay Etheridge,Kent State,-2.102820017,0.782498982,-0.808077229,1.119647556,-0.246142463,0.480832703,-0.453782981,0.205715929,-0.158573327,1.553269329,-0.032794133,WR,MAC,1.094325617
Dakota Taylor,Kent State,-2.407716763,-2.35022956,-1.276566071,-1.130496371,-0.455531984,0.853434175,-0.526702648,0.172554061,-0.288500284,0.271101926,0.005177558,TE,MAC,1.094248334
Nathan Kent,Navy,-2.21287683,3.26978282,-0.072289258,2.073502752,0.097337255,0.12830116,-0.71594261,0.312092837,-0.205604761,1.810764544,0.07953867,WR,AAC,1.093946883
Troy Grizzle,Boise State,-3.02021135,4.896077457,-0.456392365,5.794296963,0.63774034,-1.113904738,-0.925821921,-0.109034104,-0.133048237,-2.748336507,0.120375759,TE,MWC,1.093724856
Elliott Brow,UTSA,-2.263812864,-2.8237426,-1.22386766,-1.745001402,-0.380396092,0.703302414,-0.44763491,0.103388032,-0.207338425,0.451123879,0.00149159,WR,AAC,1.093584903
Jordan Scott,Maryland,-2.389988537,1.114256868,-0.915287308,2.415968423,-0.271927506,0.573797502,-0.609700254,0.283505828,-0.183175083,2.155754964,-0.021308461,WR,B1G,1.093089649
Joshua Porter,South Florida,-2.035882354,0.010375783,-0.639428317,-0.580539564,-0.109811488,0.249179394,-0.337500115,0.06331253,-0.125046819,0.373610053,0.025542801,WR,AAC,1.092962208
Ashton Hollins,Illinois,-2.417950384,2.843704927,-0.256505333,2.134120422,0.338069448,-0.279648124,-0.918257708,0.176186677,-0.152786304,0.778709425,0.170116876,WR,B1G,1.092869438
Zion Steptoe,Tulsa,-1.370193557,1.521797088,-0.276361476,-0.171379934,0.032564961,-0.158648083,-0.408087387,-0.063641177,0.030723107,0.239447078,0.124804318,WR,AAC,1.092710803
Ty Olsen,Utah State,-2.127268967,-1.137748298,-1.057748989,-0.223964141,-0.158578106,0.342033175,-0.621356239,0.05644417,-0.04436115,1.462198841,0.04948584,WR,MWC,1.092664842
Elyiss Williams,Georgia,-2.257077434,1.935299509,-0.371657998,1.177332987,-0.104670377,0.425206316,-0.615725535,0.348215865,-0.27881753,1.775686803,-0.059933241,TE,SEC,1.092527107
Karson Boschma,Oregon State,-2.601875225,4.459868884,-0.254799161,3.818348621,0.760838481,-1.221780337,-0.985074524,-0.25093104,0.051000485,-2.139661376,0.322264155,WR,PAC,1.092496169
Isaiah Robinson,Virginia,-2.212776986,-0.541730207,-1.020521783,0.117479938,0.14654929,-0.373340767,-0.72505519,-0.248151211,-0.035551559,-2.546446151,0.318974894,WR,ACC,1.092428836
Kenyon Massey,Massachusetts,-1.510387017,-1.179924746,-0.810436659,-0.861184081,2.103204534,1.400645551,-0.140925295,-0.438737372,-0.318590508,0.597177625,0.053933895,WR,MAC,1.092014235
Amari Brundidge,UAB,-2.090687394,-1.385835205,-0.21540528,1.334127944,-1.520799961,2.023459809,1.601285521,-0.495012537,0.420962523,0.181861124,0.240059233,RB,AAC,1.091840864
Jalen Brown,Arkansas,-1.71079818,1.442498958,-0.432776225,0.193234174,-0.008377186,0.036670403,-0.463421965,0.080841499,-0.097666163,0.442666111,0.10305149,WR,SEC,1.09165683
Kadinn Morris,Southern Miss,-2.240705931,1.5124699,-0.529999393,1.30571899,-0.122639869,0.300889138,-0.54154239,0.247387675,-0.274127928,0.635362138,-0.062632413,TE,SBC,1.091396804
Marquis Crosby,Oregon State,-1.206702156,-2.969860804,0.460999495,0.024447167,-0.636018288,0.424783474,0.302189468,-0.496918683,0.320399256,-0.637269178,0.116047807,RB,PAC,1.091175458
Davin Stoffel,Illinois,-2.939642797,2.863345629,-0.327567785,3.32558981,0.183082121,0.14013429,-1.03301374,0.365472033,-0.24359733,2.176113491,0.115001291,TE,B1G,1.090917017
Preston Howard,Auburn,-2.033564623,-0.193206221,-0.774695323,-0.474785754,0.080757383,-0.221440054,-0.360845307,-0.284528439,0.103137632,-1.090004408,0.216944598,TE,SEC,1.090519629
Kelvin Washington,Tulsa,-1.944767851,-2.023619708,-0.292954639,0.401438554,-1.147689987,1.50933893,0.778637211,-0.276222833,0.155958258,-0.061586914,0.120474101,RB,AAC,1.090447847
Dallas Elliott,Massachusetts,-2.175217203,-2.356639962,-1.128572,-1.393385666,-0.258119071,0.548992975,-0.507915641,0.105499407,-0.112428976,1.428168294,0.022358962,WR,MAC,1.090339042
Kyle Frendt,Wyoming,-2.648339808,0.848394445,-0.75381822,1.704392787,-0.146688068,0.463590369,-0.761466168,0.31080938,-0.317883381,0.960093699,0.015988951,TE,MWC,1.090280306
Tyler Johnson,East Carolina,-2.146087929,-0.581736267,-0.94848547,-0.187285877,-0.238841996,0.496012121,-0.569355245,0.183060534,-0.22048151,0.698722179,0.040812439,WR,AAC,1.090088077
Jason Brown Jr.,Arizona State,-0.655155594,-1.952352333,1.072646344,1.373777959,-1.175275946,0.91529303,1.563560873,-0.916904387,0.768806939,-0.881843975,0.287025063,RB,B12,1.08997039
Nic Anderson,LSU,-1.088416608,0.56232155,-1.055265471,0.905384448,-0.756573996,0.762816549,-0.731856183,0.184622035,-0.360660035,-1.131191609,-0.071948514,WR,SEC,1.089922683
Jaedn Skeete,Boston College,-1.416773386,2.393588025,-0.477943514,0.82276595,0.06677545,-0.302199511,-0.316797348,-0.148859739,0.095498561,-0.137158532,0.108590295,WR,ACC,1.089662707
Dekalon Taylor,Colorado,-0.638734544,-0.642587023,0.817979142,-0.003833319,0.435575699,-1.499779407,0.15264369,-1.16916215,0.974537984,-1.398820257,0.442069025,RB,B12,1.089503028
Landon Collins,Middle Tennessee,-1.112975635,0.719524688,-0.501282586,-0.811893041,0.248027771,-0.589109169,-0.2145749,-0.329782748,0.330390045,0.429102432,0.272192012,WR,CUSA,1.089134924
Amir Jackson,Florida,-2.352544022,0.490005411,-0.768058304,0.792682164,0.23930538,-0.577554884,-0.543673253,-0.42696332,0.101467232,-2.88718836,0.31777314,TE,SEC,1.088971384
Michael Barrow,Navy,-1.922588857,-1.526334985,-0.258652516,0.859208317,-1.170555545,1.51577169,0.762669135,-0.20355885,0.116232205,0.099086556,0.079275313,WR,AAC,1.088595713
Da'Jaun Riggs,Oregon,-1.424590538,-2.225120715,0.319817269,0.468310314,-0.823471067,0.750391854,0.56998803,-0.504301368,0.306337419,-0.853296759,0.101443467,RB,B1G,1.088384083
Jordan Mosley,Mississippi State,-2.001775932,3.312762024,-0.080109804,1.380843526,0.2213454,-0.207908217,-0.543610423,0.042661546,-0.045951119,0.382801402,0.218934603,WR,SEC,1.088336667
Elijah Pedro,Massachusetts,-2.507768777,-0.055905387,-0.988368209,0.748779896,-0.256243877,0.589853521,-0.511413118,0.242959384,-0.254434997,0.955315,0.014683669,WR,MAC,1.088163049
Ahmon Green,Georgia Southern,-2.030173071,0.578261537,-0.532476229,-0.43281471,-0.045897025,0.143742438,-0.296351482,0.038162165,-0.111434358,0.194655955,0.011785247,TE,SBC,1.087627238
Charles Brown,Nevada,-1.863415086,-4.336052691,-1.486057124,-3.697626819,-0.403029473,0.348366848,-0.182962558,-0.406242328,-0.018921721,-3.374365759,0.267355499,WR,MWC,1.087224152
Lukas Ungar,New Mexico State,-2.189499716,-3.10635531,-1.373948911,-1.72771324,-0.438046287,0.697883678,-0.436188796,0.051456931,-0.194627779,0.010504042,-0.014434576,TE,CUSA,1.086981943
Mikey Pearson II,Navy,-2.108886155,-3.239323665,-1.04380376,-1.451114049,-0.4506497,0.653350176,-0.490412361,-0.011520966,-0.222818138,-0.576502511,-0.112023481,RB,AAC,1.086778638
Will Nixon,Syracuse,-1.150059878,-0.663337121,-0.140502858,-0.049404257,0.089350946,-0.623357517,-0.542955346,-0.34820101,0.284697935,-0.076368731,0.192231953,RB,ACC,1.086698351
Chris Wheatley-Humphrey,Miami,-1.497756422,-2.479037161,0.057548933,0.166112649,-0.971378284,1.044137088,0.690591511,-0.467432653,0.305312268,-0.470107262,0.137238013,RB,ACC,1.086673667
Madrid Tucker,North Carolina,-2.318595545,-1.907537253,-1.071232191,-1.058578486,-0.283206005,0.502636682,-0.427085458,0.047428135,-0.189883556,-0.147972818,0.01350184,WR,ACC,1.085861344
Isaiah Alston,James Madison,-1.763788553,2.507912205,-0.250247976,0.767754742,0.220017395,-0.208556076,-0.56283714,0.083205651,-0.016444017,1.096734364,0.211803366,WR,SBC,1.085664735
Donovan Lewis,Delaware,-1.719685111,-0.300230436,-0.479294354,-1.447474812,0.241286458,-0.349668691,-0.263625078,-0.243396266,0.124200458,-0.10128871,0.090763029,WR,CUSA,1.085515364
Isaac Schoenfeld,Wyoming,-2.561915515,0.041492205,-0.983880618,1.26435832,-0.191539868,0.397979283,-0.665382136,0.152573398,-0.241769698,0.128316596,0.02605443,TE,MWC,1.085307385
Justin Cook,Pittsburgh,-1.244666621,-2.130017177,-0.299341507,-0.533984742,-0.04256661,-0.406760264,-0.034989303,-0.624844598,0.46719998,-0.605594454,0.220259094,RB,ACC,1.085176954
Tank Boston,NC State,-1.671453601,-3.261784777,-1.533290743,-1.901321105,-0.314728895,0.378513037,-0.394405889,-0.062794176,-0.006330081,0.395641858,0.100445145,WR,ACC,1.085122291
Shane King,Southern Miss,-2.221259777,-0.705625286,-0.978942981,-0.159233017,0.241053555,-0.490023147,-0.701294255,-0.305271263,0.034844732,-2.36871998,0.376163008,TE,SBC,1.084681848
Christian Earls,Purdue,-2.145492445,-1.287966471,-1.086363938,-0.104852351,-0.206549129,0.313725553,-0.572178019,0.006602368,-0.093480072,0.261911219,0.078512646,TE,B1G,1.08466834
Breyahn Townsend,Coastal Carolina,-1.607369042,-2.431795165,-0.445889552,-0.579712752,2.006400177,1.458149388,-0.345442363,-0.573044531,-0.278554619,-0.123932366,0.155964137,RB,SBC,1.084600138
Joe Royer,Cincinnati,-1.360781007,2.356718272,-0.214202567,-0.496790957,-0.004160983,-0.082449701,-0.147366808,-0.043703918,-0.032721605,-0.279953328,0.047002896,TE,B12,1.084513259
Bryson Hammer,Toledo,-2.42711932,-0.946936207,-0.844736926,-0.430637903,-0.129861064,0.412800054,-0.651697521,0.128827897,-0.175945111,0.869208331,0.062370654,WR,MAC,1.084355027
Tavorus Jones,Missouri,-1.775376805,-0.659011817,0.207616139,0.582043947,-0.066999769,-0.028122696,-0.298788179,-0.202520232,0.108592074,-0.161916778,0.220710088,RB,SEC,1.084338969
Oliver Mitchell Jr.,Tulane,-2.256129758,-2.922929735,-1.305249627,-1.560076018,-0.410697672,0.667561612,-0.472489252,0.054843086,-0.211778161,-0.092702622,-0.020915372,WR,AAC,1.084253734
Alex Sanchez,App State,-2.025864368,-0.7113762,-0.776218098,-0.730528562,-0.12010813,0.231321155,-0.370178765,0.015545396,-0.059060529,0.729099254,0.014193626,WR,SBC,1.083785475
Patrick Clacks III,Buffalo,-1.861851418,-2.282058672,-1.132494205,-1.775238524,0.153261479,-0.423662088,0.020909974,-0.467407501,0.364061452,-0.021463301,0.148617075,WR,MAC,1.083622671
Tanner Lemaster,Eastern Michigan,-2.355595228,0.653060643,-0.545428872,0.716096755,-0.155402675,0.537259252,-0.656880828,0.31463725,-0.218810726,2.280701567,-0.013738628,TE,MAC,1.083552948
Javion Kinnard,Colorado State,-1.495395975,0.711510925,0.874272606,-0.989382619,0.27239378,-0.512844948,0.498753552,-0.675006202,0.550790418,-0.459778446,0.384893619,RB,MWC,1.083395429
Chance Williams,Cincinnati,-1.69725595,-2.826820485,-0.278318217,-0.440769998,-0.595753651,0.568822752,-0.061870623,-0.265368863,0.084657901,-0.432278143,0.015093331,RB,B12,1.083292959
Tristen Brown,Vanderbilt,-2.25200421,2.092014765,-0.459621528,1.672311041,0.541936056,-0.846230856,-1.350010204,-0.039541681,-0.231912768,-1.816057378,0.010444408,WR,SEC,1.083128868
Cooper Lehman,Merrimack,-1.111697447,0.777503079,-0.016866399,0.532035863,1.75162533,1.771017899,0.52993388,-0.821512858,-0.037645898,-0.879494709,0.321354378,WR,INDAA,1.083064322
Nathaniel Joseph,Miami,-1.832252648,-1.145530765,-1.092295159,-0.640604327,0.268020154,-0.649420386,-0.552940966,-0.46175686,0.24542145,-1.833326833,0.410594334,WR,ACC,1.082785767
Lucky Finau,BYU,-0.855423402,-2.119574126,0.042923736,0.651365643,-0.750399977,0.351896385,0.543911355,-0.664490002,0.583973399,-0.143292326,0.217599724,RB,B12,1.082717851
Rico Scott,Alabama,-2.170351792,2.049689012,-0.367067042,1.382238481,-0.024974415,0.087864801,-0.40524143,0.120739987,-0.160486979,0.372951341,-0.037725788,WR,SEC,1.082524725
Mason Phillips,Tennessee,-1.906616603,-1.700452611,-0.039228813,0.955515162,-1.28729924,1.604683518,1.616216218,-0.754429124,0.516185855,-1.378680368,0.269989016,QB,SEC,1.082372546
Donovan Green,LSU,-2.359314953,3.361353022,-0.416514088,3.161244503,0.517074091,-0.878502603,-0.823259356,-0.225789711,0.090845956,-1.313509647,0.303220008,TE,SEC,1.082321613
Michael Dever,Texas Tech,-2.597091352,-0.212630749,-0.970455339,1.06909131,-0.295712681,0.613953188,-0.655086671,0.262436493,-0.322462117,0.630106251,-0.059752006,WR,B12,1.08225045
Rocco Conti,Air Force,-2.045998756,-2.577754672,-0.677599788,-0.436936266,-0.83072214,1.151786388,0.349370052,-0.227777961,0.038998971,-0.429002344,0.038034001,RB,MWC,1.08212753
Ivan Carreon,Oklahoma,-2.204366196,-0.108505129,-0.838592434,0.123780348,-2.93E-05,0.134175903,-0.601219085,0.002580454,-0.025596657,0.789895719,0.186814396,WR,SEC,1.081518507
Devare Mathis,Buffalo,-2.47483038,-0.99713479,-1.085028444,0.32731515,-0.333043614,0.624774933,-0.614232912,0.198742583,-0.287815633,0.347912675,-0.0270208,WR,MAC,1.081407998
Fred Farrier II,Kentucky,-1.820470889,1.368673169,-0.549395665,0.117099263,0.157230696,-0.336772536,-0.501322766,-0.196294693,0.032455137,-1.261140052,0.259974023,WR,SEC,1.081252114
Riley Nowakowski,Indiana,-1.785715186,1.142088708,-0.422598332,-0.539643891,0.042356918,-0.104622837,-0.255238365,-0.097492087,-0.034536217,-0.814886346,0.139968585,TE,B1G,1.081098011
Jaden Richardson,USC,-2.149517481,0.779594692,-0.622883559,0.152881202,0.146347401,-0.131731388,-0.551014163,-0.054397055,-0.014158161,0.042532735,0.204663033,WR,B1G,1.081049859
Stephon Patrick,Merrimack,-2.156279038,1.992590048,0.049448188,2.381258939,0.031288276,-0.317915274,0.236997462,-0.77870019,0.433628507,-3.359571659,0.503068647,WR,INDAA,1.080945221
Mark Hamper,California,-1.853845105,0.296800515,-0.601625449,-0.601909813,0.177915573,-0.298295852,-0.36306897,-0.216019187,0.121447558,-0.328419422,0.251960351,WR,ACC,1.080324094
Kylen Evans,Texas State,-1.751950675,0.803950287,-0.447218667,-0.847864536,0.231223099,-0.34159549,-0.307727213,-0.195634119,0.127019224,-0.084989286,0.245850586,WR,SBC,1.080070651
Jose Leon,App State,-1.772670748,-2.028269792,-1.382585438,-0.714262581,-0.278015697,0.291155171,-0.377572305,-0.080404288,0.008297224,0.385800822,0.026449436,WR,SBC,1.080061806
Radarious Jackson,Tennessee,-2.277830713,1.212464257,-0.743434363,1.350728861,-0.238342443,0.55530198,-0.545403596,0.2845904,-0.249822137,1.252575749,0.030568902,WR,SEC,1.079783527
Connor Walendzak,Toledo,-1.110346483,-2.881734189,0.621465604,-0.466436542,0.083835062,-0.688384798,-0.322295693,-0.565968174,0.485331306,0.331068703,0.173878846,RB,MAC,1.079523806
Kenric Lanier II,Minnesota,-2.175862201,1.85084012,-0.63537772,1.733514406,0.387923895,-0.404655899,-0.808605828,0.012689746,0.080926061,1.275073526,0.387715386,WR,B1G,1.079443784
Jaxon Smolik,Penn State,-1.613087499,-4.145760671,-1.188362006,-2.213217946,0.523184251,0.62079096,-0.766623912,-0.222515245,-0.223755891,-0.609040905,-0.03955353,QB,B1G,1.079301062
Henry Rutledge,Charlotte,-1.481108617,-2.015306152,0.213768427,0.337545349,-1.059932417,1.299958396,0.690915857,-0.311119956,0.129225316,-0.307253305,-0.036795318,RB,AAC,1.079226186
Gabe Burkle,Iowa State,-1.423751964,1.226653902,-0.466689334,-0.748726966,-0.05243938,0.035397752,-0.242231776,-0.027812614,-0.00594097,0.372935405,0.05250557,TE,B12,1.079102303
Mason Ferguson,UTEP,-2.204934435,-2.197357051,-1.292463932,-0.910718858,-0.435037066,0.694648265,-0.389060691,0.027456034,-0.137435987,0.314217931,0.000544278,WR,CUSA,1.079036994
Semaj Pierre,Rice,-1.471625994,-3.342884786,-0.389592708,-1.210036075,-0.036052927,1.272633827,1.110442643,-0.851809088,0.351372167,-2.18169392,0.37385197,WR,AAC,1.078913836
Terry Shelton,TCU,-2.112944333,-1.081778548,-1.118940921,-0.532905208,0.212324553,-0.492043048,-0.653478678,-0.331671948,0.054135298,-2.453750245,0.342199155,WR,B12,1.078697723
Tony Livingston,Florida,-2.096491219,0.768853846,-0.59272178,0.116348569,-0.10986927,0.291235607,-0.363742331,0.15198632,-0.163133301,0.768762415,0.017533901,TE,SEC,1.078317308
Brock Spalding,East Carolina,-1.553355385,1.252014266,-0.38004183,-0.677075413,0.02448465,-0.0747131,-0.307860078,-0.025071837,-0.043312074,-0.070411194,0.074019242,WR,AAC,1.077582354
Wesley Campbell VI,Georgia State,-2.366813565,-0.087763113,-0.988081523,0.937916979,-0.273997744,0.505558153,-0.581461241,0.166506461,-0.222979382,0.578398983,-0.024764105,TE,SBC,1.077276829
Michael Phoenix II,Sam Houston,-1.629271218,0.200269914,-0.87410106,0.0402888,0.198322049,-0.515987071,-0.335051876,-0.424213109,0.355018033,0.034092393,0.265610983,WR,CUSA,1.077186359
Matthew Ogunniyi,Massachusetts,-2.117824811,-3.163877564,-1.34234041,-1.689482587,-0.458918104,0.704946804,-0.476688329,0.064002741,-0.20240648,0.0999779,-0.027104186,TE,MAC,1.076861835
Simon Mapa,New Mexico,-2.815080515,2.642924344,-0.379900596,2.674122845,0.221406881,-0.154135714,-0.633861884,0.123368905,-0.173333441,0.185761888,0.063509751,TE,MWC,1.076624482
Kahanu Davis,Utah State,-2.177666141,2.093274834,-0.426327199,1.200760966,0.178731691,-0.05921101,-0.699552669,0.093005064,-0.040150356,1.184975253,0.243018837,WR,MWC,1.076593811
Keshawn Brown,Merrimack,-2.062954028,0.21943376,-0.842806928,0.462167672,0.034868708,-0.074922812,-0.564940733,-0.055454408,-0.015714811,0.052164027,0.130300332,WR,INDAA,1.076485347
River Helms,Georgia Southern,-1.639078761,1.753870581,-0.47547801,0.935437825,-0.081484313,-0.026927875,-0.313104703,-0.0763595,0.042378518,0.41965234,0.008164897,TE,SBC,1.076257923
Tykeem Wallace,Kennesaw State,-1.813611316,-1.372772232,-1.176043573,-0.09109263,-0.009366717,-0.220713944,-1.08375167,-0.113951852,-0.201310432,-1.693864373,-0.112036087,WR,CUSA,1.076129586
Sam Williams-Dixon,Ohio State,-1.772903637,-1.638963016,-0.043108658,0.949387958,-1.10976822,1.339395485,0.836058109,-0.372182041,0.239931065,-0.606334575,0.262829426,RB,B1G,1.076113687
Jalen Butler,Old Dominion,-2.287170438,-1.950002298,-1.073466135,-1.424341721,-0.156646981,0.347064479,-0.312517584,-0.005056829,-0.094438089,0.156956187,0.084430863,TE,SBC,1.075911623
Trent Thomas,South Alabama,-2.355633013,-1.023244632,-0.997311356,-0.06764933,-0.243676094,0.454478137,-0.579477027,0.095995616,-0.200779947,0.152062311,0.024410214,TE,SBC,1.075618479
Dominic Deluca,Wake Forest,-2.118775478,-2.879418008,-1.355101705,-1.754068443,-0.110698827,0.037311585,-0.578337131,-0.236856118,-0.051926079,-2.058075979,0.226092102,TE,ACC,1.075207607
Germanuel Tanelus,Central Michigan,-2.243435036,-0.613158119,-0.638949842,1.883359637,-1.245811748,1.667703393,1.155884096,-0.270205314,0.259119188,0.538120552,0.163201819,RB,MAC,1.075092957
Connor Jones,Toledo,-2.660977002,2.286595845,-0.691491061,3.425250167,-0.152947814,0.285315763,-0.627106961,0.25451595,-0.307166557,0.104784224,-0.044382644,TE,MAC,1.074882455
Tyree Kelly,Massachusetts,-2.207380089,-1.713464738,-1.012107507,-1.054149629,-0.106667027,0.272094223,-0.365632273,0.006309261,-0.044457994,0.840523401,0.059257484,WR,MAC,1.074761862
Preston Landis,Texas A&M,-1.587041076,-1.986969118,-0.335372331,0.334998933,-0.756673547,0.713942217,0.25883489,-0.340475227,0.17245482,-0.821621083,0.131235932,RB,SEC,1.074247102
Davion Dozier,App State,-1.663384561,3.491460889,-0.186679164,1.203793223,0.286438738,-0.444171432,-0.427270113,-0.043927371,0.064589855,0.698922388,0.107964652,WR,SBC,1.073814971
Shaborne Demps,Florida International,-2.197718559,-1.485700314,-0.931958302,-0.841419599,-0.143703857,0.356470298,-0.573917254,0.085119957,-0.117906494,1.018606732,0.046273407,WR,CUSA,1.073751179
Nate Roberts,Ohio State,-2.073893682,-0.284428158,-0.826624725,0.574624845,0.085796225,-0.454697936,-0.423729765,-0.450387697,0.137123046,-2.732652877,0.269263299,TE,B1G,1.073718392
Antonio Floyd,Eastern Michigan,-2.159702107,-1.749901539,-1.307368285,-0.429617923,-0.353461561,0.588078935,-0.511824178,0.119170501,-0.18489818,0.527060264,0.014637944,WR,MAC,1.073340274
David Clement,Syracuse,-2.604165678,0.101769476,-0.810309067,0.900123169,-0.227989292,0.612829498,-0.669546528,0.30576329,-0.298907572,1.391474863,-0.051940186,TE,ACC,1.072883744
Leon Neal Jr.,Washington State,-2.192918569,0.799867823,-0.639157684,0.394105366,0.140899291,-0.366024347,-0.399537257,-0.333331532,0.075471641,-2.192357454,0.279517,WR,PAC,1.072871907
Ryan Ward,West Virginia,-2.489175018,0.145331963,-0.827711742,0.661196656,-0.241363474,0.559249353,-0.430545644,0.230311122,-0.239970088,1.150203973,-0.075610628,TE,B12,1.072541426
Devin Ellison,Washington State,-2.018195595,2.306438826,-0.577967326,2.329920528,0.12748521,-0.08540111,-0.646609672,0.1604531,-0.024103845,1.670688803,0.251145152,WR,PAC,1.072325738
Micah Tease,Tulsa,-1.542692333,0.740704176,-0.607297542,-0.179821592,0.058400291,-0.179820136,-0.53176647,-0.098460989,0.043821823,-0.059816513,0.236540746,WR,AAC,1.072309392
Myles Walker,Akron,-1.658396845,-0.383588811,-0.796614638,-0.763186869,0.129365233,-0.353978873,-0.244009776,-0.324910566,0.23693494,-0.144893354,0.193393804,WR,MAC,1.071957726
Rayfield Lotten,Sam Houston,-2.506793434,1.898487042,-0.549572726,1.837374522,0.118431199,0.119537636,-0.816631817,0.254593851,-0.194378023,1.220451549,0.209298796,TE,CUSA,1.071926149
Kelby Williams,Western Kentucky,-2.071649688,3.356036634,-0.059574771,1.812529879,0.324708635,-0.362685421,-0.667604363,0.043185554,-0.011319639,0.861125504,0.185651956,WR,CUSA,1.07166232
Kache Kaio,Utah State,-2.377588165,-1.870268734,-1.195521756,-0.625600314,-0.344568644,0.599575114,-0.552697694,0.110262874,-0.254452559,-0.1942287,0.008029417,TE,MWC,1.070779197
Braeden Wisloski,James Madison,-2.14685507,1.560866535,-0.259976819,-0.258053351,0.231101335,-0.2498308,-0.221023822,-0.07719183,-0.006854219,-0.131294786,0.089092337,WR,SBC,1.070681864
Jace Henry,Nevada,-2.291192954,-0.881368312,-0.821686155,-0.599848792,-0.106210847,0.244858739,-0.39352321,-0.005229942,-0.092378394,0.315465116,0.001110794,TE,MWC,1.070463269
Beau Baker,Washington State,-2.898640823,4.516442624,-0.37340081,5.451805071,0.307698694,-0.460748159,-0.781806125,0.066527649,-0.126257123,-0.108732886,-0.010991891,TE,PAC,1.070456901
Tyler Williams,Georgia,-2.535083254,-0.721340326,-1.02300999,0.53574036,-0.302901862,0.602628443,-0.637018719,0.210869212,-0.295387195,0.403812982,-0.030328917,WR,SEC,1.070430674
Terrell Crosby Jr.,Toledo,-1.774867501,-0.072625358,-0.306420335,-0.156720937,-0.365329696,0.459449798,0.22341484,-0.275734842,0.121846934,-0.549854202,0.095698719,WR,MAC,1.070411693
Kejon Owens,Florida International,0.246703099,-0.931305583,0.552276744,0.362546656,0.056479595,-1.310480996,-0.651654342,-0.680956409,0.590764871,-1.200053182,0.364374718,RB,CUSA,1.070278867
C'Quan Jnopierre,Florida International,-1.4514457,0.820107211,0.318957995,0.250055929,5.020532837,1.865568825,-0.568088507,-0.979165683,-0.543539166,-0.115260767,0.440718017,WR,CUSA,1.070212171
Jonathan Echols,South Florida,-2.686574787,5.417808251,0.182773279,4.168481495,0.493402784,-0.433302879,-0.842440681,0.231958222,-0.095725826,2.113453634,0.040385444,TE,AAC,1.070156116
Kory Hall,Colorado State,-2.441491785,4.842351492,-0.561102808,5.477770308,0.693963859,-1.42878482,-0.883474514,-0.367465428,0.114073699,-3.007657662,0.237078883,WR,MWC,1.069985237
Koby Howard,Penn State,-2.213670107,3.185363334,-0.279608411,2.372379683,0.136518136,-0.098204315,-0.805827198,0.09822184,-0.123337584,0.225189623,0.191853952,WR,B1G,1.06995154
Jacob Dehaan,Toledo,-2.213687132,-0.366876435,0.39830579,2.478791851,-1.502770732,1.96282715,2.249930547,-0.928615151,0.685362264,-1.440020409,0.291325502,QB,MAC,1.069446525
Corri Milliner,UAB,-1.056697165,4.48429078,0.214944598,0.759849919,0.309019967,-0.517873857,-0.409716251,0.013942063,0.065401257,0.793581128,0.210925662,WR,AAC,1.069208223
Brady Clough,Boston College,-2.492160066,-0.840342739,-1.11793302,0.55069094,-0.321117139,0.581033347,-0.607808305,0.191952502,-0.295260524,0.187211123,-0.060410132,TE,ACC,1.069137183
Trey Roberts,BYU,-2.133855431,-1.486168363,-0.455996695,0.952668298,-1.28130893,1.799572388,1.274091986,-0.425919094,0.308921055,0.090468762,0.137159204,WR,B12,1.068560837
Ezekiel Avit,Fresno State,-1.820409708,0.934049319,-0.562991989,0.078650359,0.060237449,-0.113983383,-0.356781298,-0.096570139,0.05180148,0.382311529,0.097194614,WR,MWC,1.068497741
Kaden Cloud,Air Force,-1.939972628,-2.421246526,-0.514875766,-0.049544044,-1.064565506,1.405800063,0.888763831,-0.404724542,0.241866707,-0.393166022,0.131768514,RB,MWC,1.068437348
Jaylen Johnson,South Florida,-1.785844867,-1.836759579,-0.029418612,0.904858083,-1.35258353,1.762969725,1.466229646,-0.536733016,0.457359747,0.494035031,0.128475023,RB,AAC,1.068276591
Shawn Miller,New Mexico,-2.045335797,1.46810442,-0.45007332,0.696979702,-0.069330399,0.225020756,-0.513853924,0.196030547,-0.207332366,0.698273379,0.014027465,WR,MWC,1.068109945
Jayden Dixon-Veal,California,-2.134711754,-0.309851921,-0.87496173,-0.160209334,0.101228877,-0.247040507,-0.533510392,-0.233854399,0.030304646,-1.458029235,0.261293808,WR,ACC,1.067816524
Mekhi Jenkins,Central Michigan,-2.137243235,-1.387863486,-0.430302822,1.085731158,-1.318893735,1.838105438,1.367041226,-0.457024994,0.341510104,0.015474043,0.168827537,RB,MAC,1.06773231
Will Kacmarek,Ohio State,-1.875643882,1.82017764,-0.323853513,0.220958543,-0.094240307,0.275875705,-0.401129064,0.20802246,-0.199420164,0.898980076,-0.009354408,TE,B1G,1.067497447
Jaren Hamilton,Arizona State,-2.559715542,0.854295245,-0.608250811,-0.657610158,1.007730811,-1.146599815,-1.837321125,0.130841069,-0.293927363,-0.396011596,0.151350812,WR,B12,1.067457904
Tylyric Coleman,Virginia,-2.349847922,-1.403089556,-1.007794218,-0.705737168,-0.162992506,0.448595571,-0.633268123,0.126174085,-0.174858063,0.682800034,0.137445331,WR,ACC,1.067452013
Landon Wright,Washington State,-2.27802116,1.643756999,-0.476169004,0.364205461,0.587733891,-0.958162301,-0.584712544,-0.399520665,0.15282903,-2.60904397,0.498419493,WR,PAC,1.067272223
Tayte Vanderleest,Central Michigan,-2.030002451,-1.099665662,-1.077262939,-0.032839615,-0.205962895,0.335319504,-0.5674455,0.066778297,-0.086163081,0.934189991,0.054868347,WR,MAC,1.067227715
John Rogers,Virginia,-2.217372943,0.074451281,-0.736065099,-0.22855359,0.021416165,0.081873043,-0.454202312,0.021839289,-0.097849478,0.044983177,0.146111174,TE,ACC,1.066612362
Jackson Grier,App State,-2.083246678,-3.045562301,-1.258551898,-2.413218738,-0.091958202,0.343226609,-0.652377202,0.000946723,-0.030552446,0.781156621,0.330420691,WR,SBC,1.066501079
James Roberson,Air Force,-2.239493893,2.076395802,-0.410338269,1.518580928,0.201102329,-0.09715713,-0.788435912,0.136114662,-0.101667696,0.863115933,0.256834736,WR,MWC,1.066395032
Wayne Harris,Kent State,-1.389251303,-0.683485645,-0.78738091,-1.542269667,0.39063937,-0.834128497,0.106379627,-0.622836301,0.592225488,0.393748689,0.286857524,WR,MAC,1.066221914
Harry Dalton III,USC,-1.724165911,-1.669969691,0.07102217,0.828777553,-0.972384361,1.049384897,0.820949775,-0.560272327,0.321961476,-1.318040174,0.164154503,RB,B1G,1.065717019
Trelain Maddox,Georgia Tech,-1.520656745,-1.694060154,0.079173856,0.31739774,-0.381758393,0.237384687,-0.116193999,-0.240292841,0.137619048,-0.244696318,0.147850632,RB,ACC,1.065677403
Tre Averhart,Louisiana Tech,-2.29822038,-3.105558388,-1.288635319,-2.239715238,-0.413380903,0.739157485,-0.406489037,0.065188735,-0.224435169,-0.118434841,0.005274975,WR,CUSA,1.065636133
Liam Clifford,Penn State,-1.940494302,1.07792302,-0.57230999,0.329737131,0.166967729,-0.420661572,-0.543311968,-0.304468233,0.073246552,-1.859056614,0.268194931,WR,B1G,1.065508535
Micah Woods,South Alabama,-2.212598361,-0.086538638,-0.726453792,-0.288392559,-0.086617272,0.223802482,-0.439894944,0.05084761,-0.141966022,0.202824219,0.004704235,WR,SBC,1.065490907
Ian Schieffelin,Clemson,-2.19115055,-2.577184152,-1.227790241,-1.337579821,-0.316151545,0.527518516,-0.519658416,0.050576499,-0.175391005,0.040782761,0.058005264,TE,ACC,1.065377599
Taniela Tupou,USC,-2.069579757,-1.179929856,-0.94313285,-0.451429792,-0.061496482,0.164939721,-0.634074883,0.000337899,-0.029998436,0.790750091,0.169776999,TE,B1G,1.065370461
Blake Kendall,James Madison,-2.172817411,-2.746664756,-0.901364335,-0.804904675,-0.628720534,0.881782233,-0.142443322,-0.089622226,-0.114986181,-0.46012418,-0.051038925,QB,SBC,1.065310671
Landon Bell,Colorado State,-2.497272568,1.723870329,-0.572719306,2.522472557,-0.043634937,0.242235069,-0.783941046,0.241910905,-0.185012532,1.50268086,0.047922871,WR,MWC,1.064638649
Kendrick Bell,Michigan,-2.564927926,3.241963185,-0.434542457,3.320987048,0.161334462,-0.106154925,-0.723297382,0.120102218,-0.126448882,0.429148466,0.178388682,WR,B1G,1.064604568
Jamarien Wheeler,Eastern Michigan,-1.756280646,0.823384587,-0.562223689,-0.162139953,-0.147731226,0.172964688,-0.381172882,0.023678272,-0.116466549,-0.160202136,0.02427965,WR,MAC,1.06444825
Cody Howard,Navy,-2.402246365,3.192446854,-0.238078753,2.329838703,0.367485516,-0.28456498,-0.804753465,0.103983165,-0.012047279,1.293852149,0.342482515,TE,AAC,1.063898074
Rickey Taylor Jr.,Northern Illinois,-1.668103124,0.435509111,-0.493384873,-0.3771549,0.245735301,-0.398027555,-0.387400775,-0.185307502,0.194370536,0.874348264,0.205296116,WR,MAC,1.063292604
Matt Jeffery,Notre Dame,-3.276526319,7.665493085,0.224236479,7.483289099,1.091534589,-1.408481627,-1.357104455,-0.066025332,0.127307457,0.387960247,0.458999776,WR,Ind,1.063242809
Sterling Joseph,Florida International,-1.310984722,-2.445060895,1.905757436,1.297834196,-1.773327539,2.293965125,2.566040604,-0.859364631,0.633087469,-0.354716493,0.017443987,RB,CUSA,1.063052318
Evan McCray,UAB,-2.091698151,-0.691322022,-0.932518581,-0.358567431,-0.188745954,0.322105153,-0.45787558,0.050522211,-0.143431601,0.044133774,0.058996089,WR,AAC,1.062899168
Connor Cravaack,Akron,-2.069198912,-0.340832029,-0.639680394,-1.005295608,0.147738709,-0.242606181,-0.159650006,-0.255319198,0.143997738,-0.182498358,0.132046812,TE,MAC,1.062811003
Chris Culliver,North Carolina,-2.326481032,1.57687584,-0.175780982,0.534675852,0.37612478,-0.248182599,-0.794103779,0.118564626,-0.016650366,2.211604026,0.122096032,WR,ACC,1.062647252
Brady Lichtenberg,Cincinnati,-0.900324116,-2.530942146,-0.748202244,-0.331587665,-0.454852797,0.079822877,0.170614891,-0.569202907,0.405742656,-0.946744967,0.227092329,QB,B12,1.062590328
Joakim Dodson,Tennessee,-2.571751502,0.773585506,-0.735046793,1.084777186,0.013494731,0.321718399,-0.805771605,0.261338842,-0.210814508,1.32464951,0.231671536,WR,SEC,1.062509921
Zion Johnson,Cincinnati,-1.015935603,-1.688246202,0.760821776,0.447881896,-0.021990223,-0.457593601,-0.361929011,-0.333894199,0.279518609,0.359743957,0.092559356,RB,B12,1.06242826
Karmello English,Coastal Carolina,-1.958401376,2.085826234,-0.36375762,0.755671288,0.133514697,-0.246347268,-0.213048335,-0.085385283,0.014770533,-0.093127427,0.037350075,WR,SBC,1.062271405
Zion Taylor,Georgia Tech,-2.330355563,-0.684281452,-0.791875201,-0.786918689,-0.059905257,0.207484948,-0.366410936,-0.02870874,-0.092787796,-0.162033093,0.102090403,WR,ACC,1.062165338
Talyn Taylor,Georgia,-2.484564264,-0.463824549,-0.851907228,0.199569485,-0.126662965,0.4207018,-0.717379545,0.168705891,-0.19554501,0.877429174,0.11586718,WR,SEC,1.062020653
Bryce Caufield,Oregon State,-1.876158265,1.568245604,-0.412963679,0.643797353,-0.075586182,0.175339063,-0.360905195,0.134341572,-0.105783701,1.204910128,-0.051875015,TE,PAC,1.061899469
Kamron Beachem,Fresno State,-2.464807232,2.482770924,-0.283358119,1.701273511,0.130731861,0.096111031,-0.519148167,0.149052974,-0.055688393,1.901597565,0.096463605,TE,MWC,1.061833018
Keelan Smith,Nebraska,-2.492121134,-0.993496835,-1.000512585,-0.069038812,-0.157592581,0.36026025,-0.657525356,0.082443207,-0.22335237,-0.431368843,0.140723543,WR,B1G,1.061504276
Jeremiah Melvin,Wake Forest,-2.129276629,0.304804577,-0.725087504,0.244667931,0.546085401,-1.175253757,-0.632169512,-0.685798418,0.307937709,-3.703602661,0.457106843,WR,ACC,1.061456592
Kobe Prentice,Baylor,-1.472512657,3.564669227,0.128795581,-0.13129728,0.33175068,-0.613609561,-0.131238878,-0.239994657,0.12241483,-0.973103389,0.176327541,WR,B12,1.061066416
Cameron Miller,Kentucky,-1.718483976,0.882270765,-0.777322402,0.439916724,0.25423477,-0.692035169,-0.542214072,-0.44417329,0.190731969,-2.348656779,0.350992662,WR,SEC,1.061063546
Danny Lewis Jr.,Alabama,-2.214484889,-1.112394568,-1.1948862,-0.003468032,-0.194091196,0.321042047,-0.57559835,0.048364905,-0.146681204,-0.023098516,0.078751403,TE,SEC,1.060694293
JC Evans,James Madison,-0.994126004,-1.416546943,0.163039588,1.595367748,-1.184927218,1.116900031,1.768210081,-0.173506829,0.126462397,-0.732953404,-0.397806036,QB,SBC,1.059927292
Tashi Braceful,Toledo,-3.148799758,8.560147534,0.235682101,8.487924533,1.234883628,-1.771188904,-1.348989155,-0.187234015,0.232000484,-0.006010491,0.451366266,WR,MAC,1.059729948
Da'Marion Alberic,Massachusetts,-1.956078616,-4.181875279,-1.190256162,-2.36411948,-0.240921903,0.294987623,-0.789089168,-0.012237504,-0.238284982,-0.735550626,-0.108966803,RB,MAC,1.05970354
Joseph McVay,Vanderbilt,-3.041200692,5.859669971,0.10429542,5.501564779,0.804282689,-1.076672418,-1.068765227,-0.124158766,0.068847999,-0.854820732,0.499408695,WR,SEC,1.059424932
Chris Parker,UConn,-1.652046555,2.225524297,-0.168252034,-0.159419549,0.134533408,-0.129819073,-0.39025062,0.046820757,-0.057431189,0.420152534,0.127702292,WR,Ind,1.05822746
Jaylan Sanchez,James Madison,-1.0596595,2.805857167,0.127408682,-1.159163592,2.637856309,0.576220568,-0.009611802,-0.752473945,-0.086861753,-1.076620314,0.391288106,WR,SBC,1.058060466
Max Patterson,Delaware,-1.905443233,1.424459502,-0.438115031,0.222402029,-0.126221852,0.216531954,-0.362238508,0.105109362,-0.175258891,-0.061497875,0.041278027,WR,CUSA,1.058037655
Jaden McGill,Western Kentucky,-0.553031505,-0.898324885,0.962880422,1.347989226,-0.057824159,-0.753265316,-0.210280777,-0.578281085,0.53061109,-0.41256207,0.316112414,RB,CUSA,1.057609816
Dacari Collins,Louisville,-1.573767617,2.560946045,-0.2795631,0.571740969,-0.058712886,0.110367265,-0.425013545,0.125903904,-0.12516468,0.465335227,0.102030671,WR,ACC,1.057569574
Gary Givens III,Northern Illinois,-1.650840814,-0.61314637,-0.765260597,-1.078952223,0.188704088,-0.363815903,-0.238483245,-0.268414964,0.2507971,0.597487579,0.216075363,WR,MAC,1.057539535
Deuce Spann,Pittsburgh,-2.043959375,-1.306864547,-1.243795222,0.206427083,-0.486362655,0.630629264,-0.521593559,0.099594202,-0.233832089,-0.244439271,-0.050209933,WR,ACC,1.057524614
Dino Kaliakmanis,Rutgers,-2.392852507,1.771673188,-0.789718037,2.433890019,0.449352014,-1.067026572,-0.672011763,-0.525613871,0.13834345,-4.092148599,0.350720907,WR,B1G,1.057435656
Willie Rodriguez,Kentucky,-1.735753265,2.237435841,-0.279197375,0.265881827,0.206035098,-0.313050399,-0.435981229,-0.10666049,0.045271933,-0.220020326,0.235599363,TE,SEC,1.057428386
Gabe Fisher,Vanderbilt,-2.22272268,-1.099623001,-1.153382366,0.38313968,0.384802446,1.092618944,-0.494903975,0.079252355,-0.384571061,0.336830769,-0.076905695,TE,SEC,1.057422387
Charlie Coenen,Wyoming,-2.40656234,3.542278684,-0.214479518,2.362042546,0.689425163,-1.133525938,-0.847655824,-0.388205285,0.135562789,-2.929824441,0.567662301,WR,MWC,1.057249506
Jaylen Sargent,Wyoming,-1.600876839,2.505225602,-0.261140368,0.641293541,0.082916252,-0.142549444,-0.512144543,0.057121168,-0.091979073,0.063385854,0.096882454,WR,MWC,1.05723476
Jairus Mack,Western Kentucky,-1.195780702,3.003650814,0.421829582,0.338816226,0.028303708,-0.156505488,-0.035194474,-0.203157031,0.109902937,-0.341958743,0.11409624,WR,CUSA,1.056687812
Alex Taylor,North Carolina,-2.449551561,-0.329860582,-0.895916293,0.559717754,-0.201445226,0.512550637,-0.666016729,0.248387887,-0.25732061,1.132972467,0.003529731,WR,ACC,1.056608766
Soren Rief,UConn,-1.930654282,-2.842771949,-0.715957712,-0.833155232,-0.495675086,0.39027648,0.156523507,-0.553214919,0.157115843,-3.210058612,0.277968936,RB,Ind,1.056571373
Joshua Guerin,Navy,-2.090335779,0.985174107,0.718635493,2.10127497,-0.986791489,1.26110679,2.343858205,-1.191598236,1.063604241,-1.588151747,0.928848033,WR,AAC,1.05634777
Benjamin Brahmer,Iowa State,-1.300868887,3.16191225,-0.099442437,-0.473039398,0.278814627,-0.573288623,0.002559781,-0.259577101,0.1788053,-0.627122175,0.15311016,TE,B12,1.056033043
DeAngelo Irvin Jr.,UNLV,-1.941920195,0.084246143,-0.143549731,-0.219718622,0.032950112,-0.079102409,-0.106877128,-0.304979122,0.151757558,-0.384727928,0.122250621,WR,MWC,1.055919485
Taylor Spierto,Florida,-2.805155039,3.196767394,-0.541341354,4.166839548,0.130943586,-0.145357775,-0.753556239,0.119891088,-0.193104143,-0.25519406,0.066966893,WR,SEC,1.055846913
Jay Lindsey,Alabama,-2.212470896,-3.126890748,-1.313010935,-1.839009755,-0.367501637,0.571540155,-0.4904733,-0.003876464,-0.18778939,-0.526171458,0.035057705,TE,SEC,1.055478479
Dedrick Latulas,Louisiana Tech,-2.346848738,-1.782495915,-1.0521395,-0.847729865,-0.241818336,0.470245516,-0.526628797,0.042485582,-0.15450972,0.15400035,0.067837047,WR,CUSA,1.055399497
Dillon Alfred,Ole Miss,-2.917495047,2.124115828,-0.421527517,2.336829438,0.305466343,-0.145243108,-0.981200545,0.073090498,-0.090818324,0.485854526,0.345092834,WR,SEC,1.054506974
Pearson Baldwin,Jacksonville State,-2.081115973,1.848830065,-0.363818967,0.241892306,0.285395403,-0.355060535,-0.291734884,-0.103573924,0.037394583,-0.143252797,0.169069958,TE,CUSA,1.054197993
Darrien Jones,UNLV,-1.992952276,-2.679672016,-0.653030424,-0.545909845,-0.747281417,0.959588868,0.189489707,-0.253752898,0.043654751,-0.677447165,0.045305353,RB,MWC,1.054097522
Devin Voisin,South Alabama,-0.572452197,3.325372582,0.166391542,-1.484283503,0.229252299,-0.668879792,0.219716527,-0.360387144,0.284192128,-0.558046024,0.082547154,WR,SBC,1.053712902
Jordan Jackson,Kennesaw State,-2.539885165,0.772686689,-0.532295967,0.774090115,0.059770229,0.16081835,-0.681457658,0.145342709,-0.146801859,1.051624603,0.107121074,WR,CUSA,1.053595726
Gus McGee,Charlotte,-2.243192686,-0.544251184,-0.896629001,-0.124268095,-0.204919122,0.392274788,-0.392765814,0.071434238,-0.13388876,0.567163513,-0.009910284,TE,AAC,1.053560078
Suderian Harrison,Virginia,-2.468800347,1.624718027,-0.376139176,1.120561895,0.252035082,-0.174287032,-0.799307851,0.009150924,-0.06136287,0.122589923,0.305211788,WR,ACC,1.05352295
Lonnie Adkism,Sam Houston,-2.091673273,-2.508119703,-1.230686986,-1.414997501,-0.266447763,0.4452722,-0.386011976,-0.000239974,-0.05818824,0.660874933,0.076015655,WR,CUSA,1.053429502
Anthony Rubio,Florida,-1.309245195,-1.949429391,0.030589476,0.649575394,-0.732986856,0.422065797,0.708037944,-0.796570438,0.557759903,-1.499896093,0.197664821,RB,SEC,1.053241003
Chris Dawn Jr.,Texas State,-0.743015829,4.017716386,0.523021903,-2.183781816,0.540505343,-0.990193013,0.573268881,-0.452176786,0.418836238,-0.404205458,0.185277305,WR,SBC,1.053150661
Nehemiah Washington,Utah State,-2.207481486,-2.036244702,-0.605591086,0.222890553,-1.153315469,1.647128962,0.934748089,-0.336566422,0.169577184,-0.34170847,0.108229092,RB,MWC,1.053143266
Deion DeBlanc,Wyoming,-0.853137999,-1.208485223,0.494307898,0.080794107,1.775721679,1.378964176,0.92655825,-1.126526316,0.246457594,-1.171814887,0.321801072,WR,MWC,1.05289631
Carl Jenkins Jr.,UCF,-2.31856025,-0.37107129,-0.961436113,0.437348868,-0.270573025,0.643862081,-0.608721226,0.291304267,-0.238912315,1.735982214,0.018760182,WR,B12,1.052395618
Tyseer Denmark,Penn State,-2.258757446,0.492813455,-0.203686286,1.795106906,-0.31556469,0.371372388,0.381559717,-0.460104298,0.267044351,-1.016148272,0.173258662,WR,B1G,1.052358512
Easton Miller,Iowa State,-1.829448211,-2.212513356,-0.354338202,0.123903658,-0.854085619,1.027736745,0.430358025,-0.319205273,0.159203876,-0.370033621,0.090034714,RB,B12,1.052320116
Tristan Martinez,Clemson,-2.247376518,-3.679402553,-1.429922108,-2.255661885,-0.531962859,0.863760379,-0.476289205,0.094506865,-0.289460938,-0.45782083,-0.011418908,WR,ACC,1.052223658
Jakolbe Baldwin,Marshall,-2.357521035,-1.667391683,-1.044566321,-1.016210464,-0.181919993,0.446346326,-0.519295687,0.083199639,-0.168296938,0.414260181,0.074632225,WR,SBC,1.052198962
Myles Libman,Stanford,-2.170850261,1.262699649,-0.567710638,1.000478135,0.163590789,-0.393776789,-0.582062384,-0.277459943,0.054843541,-1.755829458,0.259119375,WR,ACC,1.052056082
Ty Stamey,Texas State,-2.26238039,-0.477342676,-0.865717396,-0.068298495,-0.138875109,0.293995245,-0.524553299,0.058223653,-0.151125468,0.124904131,0.05850208,TE,SBC,1.051789575
Cam'Ron King,Auburn,-2.528004867,-0.237884531,-1.00601311,1.133143189,-0.282278101,0.541235297,-0.649800012,0.222342342,-0.294992659,0.402886177,-0.035357634,WR,SEC,1.051511305
Carson Bruhn,Kansas,-2.205041473,-1.011512572,-0.915361754,-0.402345247,-0.241314731,0.535016605,-0.555972916,0.182336983,-0.185282929,1.34736163,-0.014576205,TE,B12,1.051357795
Eian Pugh,Ohio,-2.374446867,0.227694288,-0.78589041,0.573519069,-0.138549138,0.398616247,-0.636697981,0.224942872,-0.257171884,0.75452597,0.008448229,WR,MAC,1.050592115
Riley Trujillo,Delaware,-2.123665061,-3.796584924,-1.373825961,-2.202883167,-0.151101994,0.177770641,-1.099721605,0.094278652,-0.350059111,-0.673197177,-0.187646903,QB,CUSA,1.050436287
Rafeald Campbell,UTEP,-2.424342649,-0.5119052,-0.881922952,0.128561261,-0.104581545,0.36177473,-0.688188623,0.144981718,-0.178722416,0.748439427,0.129991336,WR,CUSA,1.050243146
Tanner Arkin,Illinois,-2.163155257,0.851693016,-0.614062763,0.627769685,-0.075109174,0.119561725,-0.330445073,0.05728224,-0.139529165,0.020713082,-0.032898129,TE,B1G,1.049311314
Dermaricus Davis,Hawai'i,-1.210430246,-1.979476714,0.161685354,1.299966912,-1.366536326,1.616984445,2.58328314,0.057529981,-0.106906066,-0.581388371,-0.877550551,QB,MWC,1.049028368
Dale Martin,Louisiana,-2.151964672,2.309352942,-0.177625442,1.217803935,0.255593467,-0.247590854,-0.514268102,-0.056934515,0.105668344,1.361406929,0.186137958,WR,SBC,1.048772909
Josh Altsman,Pittsburgh,-2.256539445,1.670626441,-0.570562245,1.790842724,-0.18435352,0.386637276,-0.499224672,0.230249835,-0.204004757,1.277993564,-0.078664035,TE,ACC,1.048736289
Emanuel Ross,Syracuse,-1.672978914,0.753002791,-0.602194194,0.432124524,-0.152650252,0.288254099,-0.448991229,0.171830457,-0.061042353,2.144952633,-0.014186275,WR,ACC,1.04867844
Salahadin Allah,Oregon State,-1.476327278,-2.334149088,0.333917151,-0.308091767,-0.119163159,-0.225698589,-0.186995654,-0.501684781,0.321584557,-0.682580602,0.200876539,RB,PAC,1.048544308
Cam Sapp,Pittsburgh,-2.494349507,-0.991844905,-1.041103233,0.260711597,-0.308041899,0.596178467,-0.630281748,0.18443505,-0.278709263,0.309280837,-0.010660453,WR,ACC,1.04851076
Monte Harrison,Arkansas,-2.805123725,1.698259654,-0.463783169,1.94444531,0.247408052,-0.078456022,-0.965471776,0.1018857,-0.123943456,0.404451686,0.346657404,WR,SEC,1.048503923
Malik McClain,Arizona State,-1.946371418,1.321775567,-0.333074799,-0.257361465,0.419152458,-0.568102872,-0.383976186,-0.236174139,0.223713661,0.574818965,0.262844418,WR,B12,1.048183037
Hunter Welcing,Northwestern,-1.999491811,2.512048454,-0.282188635,0.941157228,0.232372845,-0.313942425,-0.41525354,0.009862661,-0.060031114,-0.14951473,0.11100441,TE,B1G,1.047680118
Kyle Koch,North Texas,-2.435562764,-0.285140937,-0.948341319,0.903478379,-0.232889755,0.434319671,-0.640762509,0.164850631,-0.24466825,0.36118601,-0.036946207,WR,AAC,1.047370686
Andy Jean,Arkansas,-2.644130356,2.670362778,-0.482874978,3.126299235,0.273827975,-0.297929565,-0.85670244,0.02318712,-0.057699846,0.172989945,0.217289572,WR,SEC,1.047311712
Ethan Davis,Tennessee,-1.849720188,1.664824891,-0.418048535,0.244922585,0.062191888,-0.115149242,-0.324636004,-0.054300436,-0.018531489,-0.109816058,0.094480514,TE,SEC,1.047306404
Juwuan Price,Massachusetts,-1.459635881,-2.611619916,-0.852566469,-0.352162946,-0.212007623,-0.169000187,-0.513296008,-0.336560989,0.220496807,-0.041882946,0.06031864,RB,MAC,1.047190736
AJ Ia,Arizona State,-2.386881358,0.341661283,-0.938525703,1.282005622,0.238122617,-0.590170958,-0.74888581,-0.352053319,0.027815483,-3.041411005,0.322409626,TE,B12,1.04709761
Branson Robinson,Georgia State,-1.515586391,-3.358199451,0.526885042,-0.566696752,0.11255773,-0.633499871,-0.199786604,-0.687986683,0.511535621,-0.213599944,0.174160624,RB,SBC,1.047095436
Malachi Thomas,Pittsburgh,-2.07156834,2.756027278,-0.372189298,1.56276784,0.09405013,-0.094320286,-0.543025176,0.077659681,-0.134563567,-0.028254385,0.076369728,TE,ACC,1.04700956
George Dimopoulos,Northern Illinois,-1.986388628,-0.919474672,-0.946920298,-0.320402083,-0.151493191,0.233311377,-0.441880704,0.031687919,-0.081274699,0.592564424,0.015746996,WR,MAC,1.046847594
Carter Jackson,Nevada,-1.299537087,-1.530422134,0.182714117,1.127158681,-0.986398497,0.897846346,0.805231302,-0.531408565,0.418195738,-0.315418279,0.132217383,RB,MWC,1.046803944
Jaquaize Pettaway,East Carolina,-2.220536978,-0.857018366,-0.836073403,-0.36925882,-0.085911143,0.197164952,-0.410487274,-0.038406984,-0.018490975,0.750708182,0.02171274,WR,AAC,1.046691351
Ta'ir Brooks,Charlotte,-1.976556907,-1.164546444,-1.016831214,-0.285397861,-0.034188847,0.098463502,-0.608540747,-0.029376723,0.045974819,1.19039539,0.196445045,WR,AAC,1.046682955
Dillon Hipp,Missouri State,-2.324480584,-1.66421908,-1.116673161,-0.487324013,-0.305943385,0.536410502,-0.558615294,0.102564337,-0.221029728,-0.044182488,0.061601151,TE,CUSA,1.04665039
Kameron Anthony,Ball State,-2.321587301,2.888341724,-0.175003816,1.620936632,0.075574216,0.154167147,-0.547197963,0.255548552,-0.188289063,1.540029837,0.030815528,TE,MAC,1.046293172
Christian Langford,Florida International,-2.260177269,-3.318505769,-1.033894165,-1.569231203,-0.586128128,0.941848325,-0.224741233,-0.027223586,-0.201333421,-0.528103558,-0.055416409,QB,CUSA,1.046060635
Kaliq Lockett,Texas,-2.074315693,1.97236319,-0.685907101,1.787965841,0.293047362,-0.621036295,-0.609744692,-0.232963335,0.031911537,-2.171371149,0.376233393,WR,SEC,1.04604712
Cortez Mills Jr.,Nebraska,-2.215910674,3.429032648,-0.07883437,1.625293897,0.324434438,-0.315841563,-0.667253109,0.06336237,-0.111316816,-0.433057526,0.362923261,WR,B1G,1.046011679
LeBron Bond,Indiana,-2.346623098,0.230043696,-0.878622385,0.739723789,0.094640093,-0.260443247,-0.623149902,-0.248970621,-0.01271585,-2.10500388,0.256851248,WR,B1G,1.045826764
Harry Stewart III,Kansas,-1.034365033,-2.807533314,-0.100271207,-0.29155774,-0.585094958,0.288335526,0.130081482,-0.484856527,0.313582786,-0.729875867,0.137559806,RB,B12,1.045554844
Dailan Goodman,New Mexico State,-2.207780939,0.23164388,-0.694338698,1.309904376,0.594020759,-1.016047209,-1.533847211,0.012000448,-0.233244404,-0.903072642,-0.211422376,RB,CUSA,1.045455844
Tommy Mcintosh,Central Michigan,-1.444942384,0.664250327,-0.415208767,-1.637059957,0.1370978,-0.293343078,-0.063919776,-0.223599436,0.134254525,-0.346334589,0.159917952,WR,MAC,1.045429586
Donaven McCulley,Michigan,-0.514468367,0.828698281,-1.1098776,1.216757936,-0.583840373,0.258792843,-0.749064681,-0.011904849,-0.128590419,-1.16834078,0.021339799,WR,B1G,1.044916876
Jordan Andrus,UTEP,-2.687090271,1.866134819,-0.762423059,3.161434921,-0.094068868,0.253805812,-0.716474905,0.212683869,-0.223022075,0.767946649,-0.017000766,TE,CUSA,1.044824814
Ayden Williams,Mississippi State,-2.299492635,0.929164485,-0.557653124,0.404183301,0.200543656,-0.174687956,-0.473404364,-0.056274157,-0.002951406,0.02510565,0.227757468,WR,SEC,1.044742122
Dakota Twitty,Virginia,-2.073152937,0.006591557,-0.78378358,0.049526003,-0.179567573,0.351033807,-0.473610618,0.123069436,-0.160954722,0.685787098,-0.004695834,TE,ACC,1.044713566
Sesi Vailahi,Oklahoma State,-1.379813328,-2.626927066,0.196763594,-0.507527825,0.128458029,-0.672717819,-0.246651839,-0.62861195,0.502314905,-0.227647762,0.241290355,RB,B12,1.044671487
Jelani Watkins,LSU,-2.221248581,-1.132632951,-0.978082472,-0.208872219,-0.077295067,0.133008776,-0.640907942,-0.04550268,-0.078222933,-0.38517449,0.224349594,WR,SEC,1.044588871
Greyson Labiad,Florida State,-2.279989216,-2.023811733,-1.201094653,-0.741243787,-0.331037202,0.557641555,-0.560182782,0.074048975,-0.202999466,-0.058356876,0.051912083,TE,ACC,1.044057244
Ben Ford,Boise State,-1.213016284,3.55105487,-0.115322003,0.34820394,0.111278153,-0.341633389,-0.257538992,-0.122204615,0.057870438,-0.326049877,0.098693495,WR,MWC,1.044005072
Benjamin Blackburn,Stanford,-2.292653077,1.519371197,-0.589684627,1.34817781,-0.158311582,0.417237718,-0.602308314,0.324336421,-0.322230452,0.882019225,-0.052199717,TE,ACC,1.043992504
AJ Newberry,Vanderbilt,-1.119483144,-2.0250113,0.429126727,0.476247588,-0.592352705,0.32575927,-0.126177425,-0.208352279,0.018991761,-1.210394112,0.047633063,RB,SEC,1.043909424
Will Cianfrini,San Diego State,-1.915785426,-1.566690296,-1.215317948,-0.694853371,-0.123893482,0.151248816,-0.510594066,-0.03608737,-0.049087069,0.084685186,0.112993629,WR,MWC,1.043667766
Rylan Green,UL Monroe,-2.397668202,0.212685569,-0.751898193,0.562363921,-0.115257765,0.341150328,-0.608929391,0.184339272,-0.233616359,0.583144906,0.018635462,TE,SBC,1.043327365
Makai Cope,Missouri State,-1.730089647,1.257649978,-0.46959502,-0.00828566,0.011123783,-0.043859389,-0.394322057,-0.051808916,-0.012942599,0.052851727,0.104574183,WR,CUSA,1.042883381
Carson Grove,Northwestern,-2.508540174,-0.54323555,-0.966138604,0.522266971,-0.272621582,0.585425033,-0.643497072,0.230067625,-0.287595683,0.658859436,-0.019236452,WR,B1G,1.042543351
Cade Keith,New Mexico,-2.132594602,2.622573902,-0.036089605,0.098852971,0.484534907,-0.79478117,-0.083680602,-0.395338789,0.205268753,-1.676076262,0.273198601,TE,MWC,1.042089451
Royal Capell,Oklahoma State,-1.856329719,-1.498648784,-0.371548405,-0.132285728,0.047860281,1.351081585,0.952122973,-0.647827298,0.253130626,-0.931809981,0.260789882,WR,B12,1.041979526
Caden Williams,Liberty,-0.892081828,-3.292086268,0.340131568,-0.023704341,-0.244605196,-0.396827731,0.002761187,-0.731711032,0.594037753,-0.346591988,0.208530733,RB,CUSA,1.041965822
Jakivion Calip,Central Michigan,-1.4083129,-3.065223389,-0.013935082,-0.447416524,-0.78135816,0.762079548,0.455886195,-0.520182923,0.333627929,-0.397531453,0.114512532,RB,MAC,1.041856977
Pierce Walsh,Minnesota,-2.518234386,0.014079218,-0.91284196,1.114468531,-0.276476735,0.597291812,-0.640151975,0.259546616,-0.281223497,1.033240114,-0.045841756,TE,B1G,1.041690097
Chase Tyler,Duke,-2.485020456,1.075209493,-0.538009057,0.672027349,0.130679622,0.142826222,-0.827339504,0.213991534,-0.192873514,0.914841504,0.27011357,WR,ACC,1.041470713
Willie McCoy,UTSA,-1.626422823,-1.616174313,-1.248838761,-0.738889452,-0.626334797,0.70900762,-0.610524449,0.045025386,-0.295589928,-1.701597898,0.06003348,WR,AAC,1.041104054
TJ Horton,Ball State,-1.062918463,-2.865278762,0.368470478,-0.796797624,0.356124439,-1.237976321,-0.040817983,-1.019507262,0.872811542,-0.25475595,0.280346045,RB,MAC,1.040933264
Jayden Savoury,Michigan State,-2.836461067,2.68392408,-0.535078234,3.606907685,0.064057718,0.157969651,-0.887579897,0.290524316,-0.240178979,1.261057506,0.08895863,TE,B1G,1.040705567
Titus Lyons,Texas State,-2.364036756,0.117650952,-0.777110488,0.266064354,-0.132050386,0.290366794,-0.400673851,0.066897611,-0.152639121,0.161615386,0.011007823,TE,SBC,1.040638667
Sean Brown,Charlotte,-1.10353828,3.000151734,-0.153393735,-0.108273039,-0.043948356,-0.068923875,-0.353478203,0.01555541,-0.093004982,-0.402785836,0.048335071,WR,AAC,1.040304687
Isaiah Spencer,Virginia Tech,-1.761026467,1.509998797,-0.285159771,0.080144858,0.124123276,-0.082908407,-0.687780468,0.026542615,-0.137396926,-0.071996857,0.047674966,WR,ACC,1.040121388
Aneyas Williams,Notre Dame,-0.606693639,-0.76944751,2.403761216,0.718616105,-0.269908037,-0.088596219,0.245534919,-0.318711232,0.20500816,-0.647917044,0.182643571,RB,Ind,1.039987265
Jackson West,Western Kentucky,-2.536704853,3.537663188,-0.442341436,3.507978409,0.098860349,-0.107050774,-0.585184284,0.095699146,-0.153341387,-0.170048188,0.063556302,TE,CUSA,1.039926673
Quanell Farrakhan Jr.,Colorado,-2.486450381,-1.250314416,-0.518101322,-0.412009038,-0.236361271,0.595614886,-0.363754502,-0.068065813,-0.041816384,0.461260869,0.124630573,WR,B12,1.039902357
Luke Nickel,Miami,-2.1538789,-4.74733227,-1.609085551,-3.234582833,-0.610015328,0.938302573,-0.421806434,0.031967073,-0.285301006,-1.045012854,0.032308325,QB,ACC,1.039741141
Dawson Pough,Boston College,-1.869620279,2.712578344,-0.177661967,0.784029482,0.366309761,-0.613320502,-0.489213727,-0.231919349,0.103895384,-1.168019391,0.354718064,WR,ACC,1.039636611
Marcello Bussey,Memphis,-1.842849027,1.238173278,-0.444795959,-0.009612219,-0.028163201,0.075896479,-0.423855517,0.035212297,-0.099084218,0.113041239,0.072080185,WR,AAC,1.039631965
Austin Clemons,Middle Tennessee,-2.120950121,-2.45721166,-0.701704096,-0.60654471,-0.608616463,0.823777802,0.011558162,-0.183875168,-0.000828461,-0.431153134,0.03823098,RB,CUSA,1.039559367
Josh Kattus,Kentucky,-1.980137262,2.305441359,-0.260531328,0.978973649,-0.038438567,0.19558848,-0.461998212,0.247471331,-0.223084067,0.915330079,0.010457122,TE,SEC,1.039546607
Josh Schuchts,UTEP,-1.893744559,1.508370152,-0.076612433,-1.203689589,0.469551863,-0.709923987,0.042867833,-0.370918854,0.276378956,-0.276785084,0.188863278,WR,CUSA,1.039297201
Tyson Turner,Texas Tech,-2.535501361,-0.332902541,-1.024249996,0.96190649,-0.296028004,0.588969851,-0.630167223,0.236900471,-0.299709902,0.572862771,-0.055288772,WR,B12,1.038519509
Leo Scheidler,Notre Dame,-2.127395863,0.344502844,-1.009662688,1.78342808,-0.185212184,0.224463791,-0.547312834,0.054038052,-0.080091003,0.882059642,-0.050618148,WR,Ind,1.038134059
Charles Robertson,Louisiana,-1.910350755,1.608372825,-0.324730124,-0.22607873,0.200327582,-0.240790089,-0.412738468,-0.116421083,0.041108359,-0.166545189,0.229494815,WR,SBC,1.037606157
Evan Boyd,Michigan State,-2.15907561,2.604601119,-0.303350876,1.645474646,0.113494875,-0.085810164,-0.642880035,0.068279602,-0.10801755,0.183464264,0.145994254,WR,B1G,1.037447969
Charles Robinson,Navy,-2.069010131,-2.191831551,-0.809904834,-1.034251251,0.760393594,0.619969881,-0.721245394,-0.086478326,-0.269731429,0.220124608,-0.00340596,WR,AAC,1.037339657
Dramekco Green,SMU,-1.177737939,-2.510978781,0.399189518,-0.061726433,-0.108451441,-0.428770655,-0.233782427,-0.591816451,0.442204668,-0.610307699,0.259088169,RB,ACC,1.036919178
Justus Savage,Jacksonville State,-1.346498656,-3.06297414,-0.316723214,-0.524332399,-0.821018581,0.775052496,0.518134963,-0.520341904,0.347698565,-0.644191704,0.183416874,RB,CUSA,1.036810611
Qian Magwood,Ball State,-1.154166833,1.682449476,-0.279953022,-1.220597632,0.26422941,-0.588217047,-0.114223924,-0.352041834,0.276305687,-0.295213679,0.214988824,WR,MAC,1.036749633
Carson Smith,Army,-1.242818919,-2.630602001,0.29303747,0.093534594,-0.525972073,0.297506729,-0.126224931,-0.229975368,0.099265067,-0.344642435,0.022449725,RB,AAC,1.036366561
Cade Carruth,Alabama,-2.215604881,-2.053105584,-0.217123708,0.355188436,-1.277347624,1.826216096,1.338704887,-0.532578884,0.300604837,-0.739923544,0.100597077,QB,SEC,1.036350723
Trae Swartz,Troy,-2.389967225,2.166724957,-0.509713252,2.091942113,0.045616213,0.081276583,-0.598830453,0.204130167,-0.195136728,0.817748092,0.043135741,TE,SBC,1.03630857
Brady Simmons,Miami (OH),-2.532522238,0.268268432,-0.959543298,1.512184439,-0.222454426,0.462752614,-0.647582379,0.205746673,-0.248963318,0.625781367,-0.011102818,WR,MAC,1.03587279
Cedric Hawkins,Arkansas State,-2.011821134,-2.789554924,-0.661949538,-0.845883577,-0.507355166,0.639290949,-0.353983772,-0.080908824,-0.165654601,-0.908748902,-0.058211101,RB,SBC,1.035816144
Nik McMillan,Buffalo,-0.613923353,3.720009851,0.167930012,-0.724246286,0.38058009,-0.904895143,0.089144998,-0.399495358,0.34920961,-0.638828615,0.220565009,WR,MAC,1.035741899
Landon Morris,California,-2.002304935,2.23584455,-0.359014275,0.848498978,0.115583961,-0.099210094,-0.491942896,0.050621563,-0.089439626,0.040091397,0.181003258,TE,ACC,1.035098862
Ademola Faleye,Washington State,-2.399672915,-0.146207733,-0.864223737,0.658453314,-0.2290276,0.423680451,-0.526627815,0.122123241,-0.202872731,0.390267536,-0.038506599,TE,PAC,1.034932044
Chris Brooks Jr.,Wisconsin,-2.282398148,2.296805341,-0.49981147,2.117273219,0.078143366,-0.024379053,-0.805755284,0.107475677,-0.147761688,0.158071685,0.167944699,WR,B1G,1.03486461
Addison Ostrenga,Iowa,-2.010481056,0.228391094,-0.784019868,0.239440611,-0.122435123,0.168507336,-0.42147683,0.02428006,-0.10049031,0.210872378,-0.010007085,TE,B1G,1.034105868
Julius Gillick,Fresno State,-1.931368769,-2.158155594,-0.25606331,0.211257563,-0.917368355,1.072583475,0.954649712,-0.643356266,0.338501899,-2.011502529,0.220961522,RB,MWC,1.033808069
JP Mikhael,Georgia Southern,-2.116236869,-2.446139415,-1.285147781,-1.053997362,-0.370794761,0.543100103,-0.492674973,0.039544246,-0.176033558,-0.104731583,0.009932968,TE,SBC,1.033545804
Sir Autry,San José State,-2.397738285,-1.847816596,-1.184940351,-0.539370336,-0.356991161,0.612742931,-0.564642473,0.124018856,-0.278164715,-0.359107625,0.026071977,RB,MWC,1.033512206
Zion Kearney,Oklahoma,-1.994025172,0.917419725,-0.660785135,0.907191013,0.091457905,-0.131797164,-0.592733121,-0.119565869,0.10956083,0.794127932,0.203588555,WR,SEC,1.033468853
Gamarion Carter,Middle Tennessee,-2.373401219,1.282720129,-0.556275965,1.101976153,0.093331921,0.016480625,-0.717859378,0.095856276,-0.14765583,0.26021815,0.148213239,WR,CUSA,1.033434436
Nazeviah Burris,Arkansas State,-2.026761854,0.616467872,-0.824279975,0.652673983,-0.16689524,0.314296681,-0.484585631,0.080357043,-0.0958957,0.776775581,0.087834217,WR,SBC,1.033171345
Connor Witthoft,Delaware,-2.312734104,-0.416931229,-0.908292487,0.251993705,-0.212971464,0.432805047,-0.565826994,0.140056216,-0.203288571,0.476337598,0.023591661,TE,CUSA,1.032723748
Kamrean Johnson,Wake Forest,-2.310331641,1.721401362,-0.599091633,1.718048979,-0.083930866,0.239145556,-0.528754376,0.2272438,-0.237541438,0.787297353,-0.071194496,TE,ACC,1.032675884
Aiden Flora,Iowa State,-1.709871091,-0.87849559,0.905397499,1.261972751,-0.9306641,1.202632914,1.246588062,-0.564450012,0.406296258,-0.449906633,0.184978131,RB,B12,1.03231863
Jayden Davis,South Florida,-1.512751826,-1.770304035,0.359311949,1.122283973,-1.039691246,0.905467635,1.416638292,-1.056562724,0.75070815,-2.299142262,0.415424772,WR,AAC,1.032317232
Cam Macon,Akron,-1.536647948,-4.607236842,-1.015925724,-2.370919567,2.22019633,1.047656272,-0.71179405,-0.727738356,-0.357558208,-2.060658867,0.093811967,RB,MAC,1.032295552
Jake Rendina,Army,-1.467221327,-2.465287507,0.116504027,-0.050690546,-0.77796426,0.805202693,0.016065871,-0.092089248,-0.065243167,-0.557182146,-0.012599277,RB,AAC,1.032006393
Ty Harding,Massachusetts,-1.496455032,1.946305826,-0.479262199,0.882914881,-0.040645551,-0.094192004,-0.350199337,-0.020370855,-0.001137979,0.299772234,0.039421569,WR,MAC,1.031518988
Jacob Barrick,West Virginia,-2.402028913,1.651542567,-0.665422092,2.114735846,-0.175289016,0.4127316,-0.598767051,0.239593813,-0.221775045,1.319099535,-0.080796933,TE,B12,1.031156122
Demetric Whitlock Jr.,Boise State,-2.720089873,1.938474487,-0.596605587,2.760807853,-0.039655658,0.237884886,-0.78811896,0.215791899,-0.240407067,0.586715631,0.062831127,WR,MWC,1.031024351
Isaiah McMorris,Missouri State,-2.738984862,5.609115132,-0.382232848,6.813451644,1.380222282,-0.655967717,-0.914434081,-0.283740549,-0.094457296,-1.777011168,0.169885064,WR,CUSA,1.030629251
Trenton Chaney,Louisiana,-2.1146351,-2.157892407,-1.289137208,-1.155408152,-0.231523095,0.356001727,-0.468906583,-0.012498479,-0.110147212,-0.02121764,0.012559093,WR,SBC,1.030590546
Michael Buckley,New Mexico,-1.893556377,1.387552916,-0.690705803,1.333728776,0.026403521,-0.113175312,-0.610459256,-0.062505811,0.017158572,0.173064517,0.152559684,WR,MWC,1.030359584
Landen Thomas,Florida State,-2.222287982,2.59096592,-0.455411354,2.077875328,0.091641789,-0.098461235,-0.49174496,0.014384565,-0.048385444,0.300800847,0.115412797,TE,ACC,1.030143562
Jeremiah Noga,Washington State,-1.778877867,1.646631092,-0.449785604,0.311439349,-0.013590813,0.038693622,-0.405082592,0.033018484,-0.068335505,0.427063191,0.046073349,WR,PAC,1.029993293
Jordan Brown,Fresno State,-1.995976146,0.838479624,-0.684556805,0.556554661,-0.074706723,0.087633673,-0.461666766,-0.001655829,-0.079747156,0.071770863,0.025058975,WR,MWC,1.029966066
Reece Adkins,Massachusetts,-2.252744307,0.302878463,-0.553446971,-0.365201071,0.087019468,0.096888967,-0.448904921,0.078888684,-0.075395262,1.004126264,0.134433713,TE,MAC,1.029832572
Koy Moore,UNLV,-2.07705386,0.738395545,-0.686910835,0.547267508,-0.012366125,0.054015272,-0.582470873,0.01880069,-0.090355131,0.041842379,0.129360816,WR,MWC,1.029762699
Logan Kyle,James Madison,-2.159397802,0.994612726,-0.52503861,0.436282708,-0.079003283,0.199261505,-0.490933719,0.102348672,-0.179972733,0.138591205,0.008248322,TE,SBC,1.029699928
Jude James,Missouri,-2.437188447,0.996674649,-0.529987578,0.209025682,0.258547429,-0.228725427,-0.455988067,-0.043697293,-0.04089343,-0.214698526,0.205275069,TE,SEC,1.02945645
Amaree Williams,Florida State,-2.602956247,2.699447323,-0.257284202,2.193841769,0.217990443,-0.048156196,-0.763831721,0.193287869,-0.149690251,1.219410837,0.135668603,TE,ACC,1.028553579
Mar'Kel Porter,Bowling Green,-1.354109962,-2.477768761,-0.275813786,-0.197182545,-0.525619785,0.362205459,-0.219895133,-0.224824896,0.064831754,-0.43824415,-0.007224887,RB,MAC,1.028493618
Avion McBride,Georgia State,-2.542132039,0.056851092,-0.877937071,0.999704933,-0.069850179,0.296587739,-0.747331606,0.176160569,-0.195542461,0.972633251,0.028857706,TE,SBC,1.028474649
Brett Seither,Georgia Tech,-2.28577832,2.517266309,-0.339330918,1.560399074,0.243390012,-0.28339031,-0.59824101,0.0219562,-0.082547867,-0.063298997,0.114124225,TE,ACC,1.028276379
Cole Boscia,California,-2.299591012,1.359793218,-0.564810586,1.028028111,0.276980673,-0.573963514,-0.551846247,-0.358629092,0.097556005,-2.174410006,0.265014084,WR,ACC,1.02821937
Payton Rhoades,Sacred Heart,-1.026050846,2.280649179,-0.181912458,-1.163070862,0.400863656,-0.913330082,0.053313408,-0.586331787,0.445755255,-1.228002563,0.317530229,WR,INDAA,1.02819699
Isaiah Thacker,Ball State,-2.023846006,-2.51408621,-0.640412552,-0.490750154,-0.752642469,0.984082741,0.294845178,-0.306376725,0.006693157,-1.695289398,0.063773267,WR,MAC,1.028184544
DJ Murray Jr.,Georgia State,-1.756590885,-0.576960095,0.129283126,-0.244616403,-0.26943928,0.22827543,0.482873948,-0.497878188,0.343973727,-0.527066251,0.188164132,RB,SBC,1.027940095
Marcus Brown,Stanford,-2.046277068,-0.060950213,-0.908252359,0.223620069,-0.122899352,0.147670084,-0.384777946,-0.050100943,-0.033746882,0.178105135,0.020901961,WR,ACC,1.027919741
Ben Prosper,Eastern Michigan,-1.277297617,0.30579871,0.046363344,-0.257400373,-0.251177973,0.099004882,0.2220639,-0.466310532,0.27682077,-1.040012355,0.168723636,WR,MAC,1.027901018
Roderick Robinson II,Georgia,-1.252732784,-1.363248182,-0.129389427,0.81965531,-0.566402091,0.286475247,0.009090929,-0.392265292,0.178728555,-1.450748985,0.126191283,RB,SEC,1.027683374
DJ Allen,UTSA,-1.875708696,1.824626061,-0.361556987,0.379936981,-0.028656507,0.07028376,-0.307562896,0.041890204,-0.083749939,0.3272469,0.025838649,WR,AAC,1.027633545
Jaren Randle,UTSA,-2.517159912,0.808253834,-0.770878695,1.372170495,-0.080417443,0.270132124,-0.642100862,0.208937005,-0.25698285,0.515284641,-0.035712912,WR,AAC,1.02755458
Elijah Aragon,Coastal Carolina,-1.973728663,0.25303719,-0.7210955,-0.258740689,0.118571265,-0.163966424,-0.508437747,-0.124654751,0.027487661,-0.226897859,0.208284488,WR,SBC,1.027206142
Kyle Washington,Georgia State,-2.304574344,-0.83081624,-0.802845358,-0.476076221,-0.045461371,0.209343556,-0.596843337,0.021454377,-0.092662099,0.265938738,0.199745882,WR,SBC,1.027151571
MJ Chirgwin,Alabama,-2.556649714,2.872534886,-0.442672523,2.95855588,0.364893074,-0.655236682,-0.684937817,-0.26038521,0.079400701,-1.268585336,0.136404587,WR,SEC,1.026992608
Teriq Mallory,Florida State,-3.00776626,5.136428292,-0.436891609,6.157434895,0.60136471,-0.956785206,-1.018426451,-0.034588813,-0.104869897,-1.536815522,0.147293195,WR,ACC,1.026961406
Ger-Cari Caldwell,Memphis,-2.160692315,-1.981040267,-1.269276197,-0.798462709,-0.271786855,0.430602304,-0.526438349,0.035609099,-0.153018224,-0.116418589,0.077058353,WR,AAC,1.026937196
Kyirin Heath,Southern Miss,-1.836309881,2.020957783,-0.335710124,0.160235437,0.100911669,-0.136831203,-0.325647637,-0.028654247,-0.032077637,0.005757902,0.088330271,TE,SBC,1.026809564
Griffin Reimer,NC State,-2.571087619,1.9525162,-0.827315836,3.379795322,-0.041810959,0.047942045,-0.681967508,0.110603691,-0.16953333,0.150022121,-0.024729489,TE,ACC,1.026775432
Kam Mikell,Colorado,-1.3131866,-2.907436965,-0.100727387,-0.529966744,1.997333285,1.207634313,-0.070629119,-0.88107891,-0.075157681,-0.994094683,0.09760343,WR,B12,1.026752388
Cameron Harpole,Arizona State,-2.153097199,-0.358408479,-0.79438639,-0.417303666,-0.079588434,0.178572308,-0.359522501,0.003656876,-0.087590374,0.179514153,0.040450552,TE,B12,1.026553283
Matt Byrnes,UNLV,-2.489379995,-0.091013429,-0.841209694,0.4429317,-0.113162669,0.350892454,-0.579842798,0.118808549,-0.179576809,0.456585051,0.09009466,TE,MWC,1.026192841
Cam Abshire,Oklahoma State,-2.216200492,-0.907425476,-0.841845073,-0.949249881,0.228964198,-0.409120321,-0.455545843,-0.360613738,0.128083324,-1.596602858,0.30308149,WR,B12,1.026179437
Thai Chiaokhiao-Bowman,UConn,-1.699435263,0.281291106,-0.610252326,0.145099794,-0.020376179,-0.051667335,-0.437617635,-0.056389748,0.045022746,0.742376975,0.082540419,WR,Ind,1.026139732
Kris Hughes,Louisville,-2.027645769,0.825504003,-0.668709452,0.518805633,0.058472059,-0.126872337,-0.491767945,-0.11298516,0.025382006,0.001003195,0.092308856,WR,ACC,1.025869154
Xavier Loyd,Missouri,-2.536837475,1.810166623,-0.718491008,2.570347423,0.254742267,-0.505614965,-0.797405519,-0.197898738,-0.037328412,-2.068767122,0.258115252,WR,SEC,1.025664202
Miller McCrumby,South Alabama,-2.126020342,0.457754093,-0.744287415,0.316110824,-0.156265171,0.3061708,-0.483764435,0.091377683,-0.170305609,0.119476274,0.048276802,TE,SBC,1.025462039
Travis Smith Jr.,Tennessee,-2.283189621,-1.348459471,-1.061499236,-0.455502144,-0.046784483,0.046517337,-0.569697988,-0.158533134,-0.023643925,-0.974295888,0.233324419,WR,SEC,1.02537754
Keron Milton,Georgia State,-2.589222481,1.21125427,-0.741311055,2.442466216,-0.075927157,0.187742512,-0.731562423,0.144071898,-0.201318707,0.255011766,0.05578383,WR,SBC,1.025063761
Jean Louis III,Akron,-1.780166498,-0.806573454,-0.943723181,-0.541376907,0.049334764,-0.094739094,-0.520114629,-0.118981157,0.107621868,0.687155556,0.23313708,WR,MAC,1.024582384
Censere Lee,Pittsburgh,-1.988698256,2.164150047,-0.200141748,0.715993021,0.194119772,-0.21710128,-0.525121656,-0.014417731,-0.013536694,0.418995322,0.13899948,WR,ACC,1.024502772
Jerand Bradley,Kansas State,-1.416882531,3.824481871,0.034271988,0.485454059,0.212289625,-0.395184252,-0.257985135,-0.059566505,0.005487935,-0.325883444,0.116633308,WR,B12,1.024301865
Jaylen Elder,UAB,-2.189982866,-2.156698966,-0.788298111,-0.802109165,-0.148077902,0.101070451,-0.225554489,-0.454379573,0.155163878,-1.857769879,0.249773334,WR,AAC,1.024145928
Keyan Burnett,Arizona,-2.131572532,-0.296668947,-0.826624823,-0.067601017,-0.179697813,0.309141401,-0.519711277,0.061706761,-0.158370607,0.061324415,0.041536929,TE,B12,1.02406706
Greg Spiller,Delaware,-1.079929841,-3.67823041,0.740699106,-0.320514439,0.233114489,0.726743825,0.393871504,-0.735523819,0.269062988,-0.913766389,0.106838595,RB,CUSA,1.023726039
Krosse Johnson,Arkansas,-2.581091174,0.202799201,-0.829906669,1.258796217,-0.169978997,0.40834431,-0.699803595,0.184342875,-0.242844505,0.631811129,-0.022539909,WR,SEC,1.023221277
Davis Dalton,Southern Miss,-2.267571231,2.584487488,-0.355479952,1.818228094,0.170010038,-0.161091249,-0.681263462,0.064143844,-0.1081911,0.16662743,0.130058381,WR,SBC,1.022405979
Adam Parks,New Mexico State,-2.638972031,1.409089121,-0.7295004,2.183567004,0.007014125,0.184437733,-0.785386538,0.185194533,-0.203280946,0.618958426,0.127886769,TE,CUSA,1.022378608
Branden Ganashamoorthy,Washington State,-2.228145933,-0.25958998,-0.930297625,0.229446703,-0.179588485,0.385007429,-0.527090225,0.135518018,-0.173546583,0.616455709,0.053602904,WR,PAC,1.022330948
Brandon Buckhaulter,UL Monroe,-2.013575577,0.123392324,0.222459158,0.791194039,-0.368003151,0.463762618,0.553977972,-0.529910068,0.328844475,-1.159063708,0.313117,WR,SBC,1.021673845
Brennan Ridley,Bowling Green,-2.304313991,-0.375140147,-0.264570422,-2.051703144,1.511755744,-0.301696421,-0.551619175,-0.435968596,0.191740106,0.569829211,0.577853267,WR,MAC,1.021369381
Tylor Latham,Air Force,-1.877208065,-2.108944612,-0.351071398,-0.834189641,-0.418002763,0.483976928,0.40836717,-0.490953263,0.287688889,-0.994139209,0.241293629,WR,MWC,1.021218886
Holden Staes,Indiana,-2.165760278,1.960498959,-0.456216326,1.152221744,-0.032208457,0.079127642,-0.400030367,0.083208048,-0.163723966,-0.073213864,-0.015023184,TE,B1G,1.021176688
Charles Taplin,Michigan State,-2.567151129,-0.421645567,-0.968356316,0.785022652,-0.259408546,0.539348883,-0.659947414,0.197835627,-0.279523937,0.370353914,-0.005186079,WR,B1G,1.021106496
Tyrell Henry,Wisconsin,-2.348624312,0.670350376,-0.679434785,0.91970399,-0.038135512,0.107891199,-0.530668101,0.06449456,-0.14954771,0.139896996,-0.014484193,WR,B1G,1.020955767
Bryce Bohanon,Tulane,-1.694068718,1.442046941,-0.448125501,-0.169013948,0.158261392,-0.290088523,-0.344789772,-0.151485298,0.07364088,-0.277310859,0.189409126,WR,AAC,1.020833447
Noah Fox-Flores,UCLA,-2.813642851,3.763758974,-0.537238386,5.097529025,0.056699385,-0.150187538,-0.655691951,0.109511486,-0.213041852,-0.619102973,-0.03768037,TE,B1G,1.020758191
Sidney Mbanasor,Old Dominion,-2.106361853,0.673470942,-0.816142424,0.886791376,0.179984171,-0.461207492,-0.64325661,-0.326802875,0.094005561,-1.880325319,0.277201026,WR,SBC,1.020603247
Jordan Smart,Arkansas State,-2.437121145,0.984389782,-0.568005434,0.760341067,0.092929992,0.010850309,-0.645653097,0.004303148,-0.077160149,0.148200474,0.170080007,WR,SBC,1.019956422
Brendan Jenkins,South Alabama,-2.124379033,1.046716564,-0.617887736,0.445573203,0.084144113,-0.026403572,-0.469068024,0.034117125,-0.068187903,0.222878654,0.182854334,WR,SBC,1.019781723
Isaiah Rudison,New Mexico State,-1.597549952,-1.967591592,0.675740957,0.176933836,-0.311146754,0.124368656,0.408876112,-0.593655815,0.439155446,-0.413662804,0.226999076,RB,CUSA,1.019683368
Marlion Jackson,Louisiana Tech,-1.544284061,2.610253447,0.359652814,0.31658121,0.175043394,-0.291425311,-0.107540704,-0.259411575,0.144909839,-0.40989332,0.139319508,WR,CUSA,1.018985799
Jordon Harris,Missouri,-2.508631033,0.209567426,-0.806507152,0.801524274,-0.191443109,0.551654,-0.671765257,0.306739907,-0.304195491,1.17556259,0.010463315,TE,SEC,1.018880546
Dekel Crowdus,Wisconsin,-2.006539921,1.890925354,-0.318922728,0.585545373,-0.118216767,0.245025344,-0.46551183,0.122890673,-0.205837272,-0.142596167,0.071743502,WR,B1G,1.018365397
Jerome Bettis Jr.,Notre Dame,-2.531479742,0.983076089,-0.938720785,2.41016446,-0.122939113,0.193256204,-0.657935456,0.120670362,-0.209171749,0.001436913,-0.032952353,WR,Ind,1.017974196
Cameron Flowers,Western Kentucky,-1.952492917,0.994725704,-0.533754375,0.264384457,-0.044484057,0.084400046,-0.428208145,0.021153715,-0.077769279,0.302190332,0.039104737,WR,CUSA,1.017534519
Malik Leverett,East Carolina,-2.342753565,-1.637662494,-1.096600646,-0.459817873,-0.258290315,0.457007394,-0.611559094,0.05586845,-0.18750471,-0.186555755,0.103801563,WR,AAC,1.017472016
Jamai East,Oregon State,-2.175586669,0.51380714,-0.665659669,1.105877031,-0.072591949,0.20070508,-0.650936378,0.145473441,-0.122205188,1.279830222,0.036021782,WR,PAC,1.017464473
Blake Smith,Texas State,-2.310262683,1.313619997,-0.659591267,1.455929124,-0.050344656,0.166222371,-0.627855733,0.141155088,-0.202494529,0.081120826,0.085174058,TE,SBC,1.017447597
Izaiah Hartrup,Ole Miss,-2.305049757,0.88632068,-0.808995866,1.40646061,0.243346879,-0.657958725,-0.554232182,-0.413848945,0.096448801,-2.757788794,0.174281084,WR,SEC,1.017229546
Caleb Cunningham,Ole Miss,-2.716071406,0.010027082,-0.734760083,0.572666355,0.021292307,0.240151491,-0.856698312,0.116416509,-0.18299241,0.286528749,0.248075735,WR,SEC,1.017215903
Reis Stocksdale,Bowling Green,-2.042948046,-1.483807389,-1.119632026,-0.372574477,0.980509215,1.171202321,-0.454988067,-0.044936853,-0.370076329,0.593048323,0.032541173,WR,MAC,1.017149121
Godspower Nwawuihe,Army,-0.78759538,-3.174656008,1.810455698,0.428739424,-0.984936449,0.87601777,1.070445777,-0.597600558,0.377036594,-0.610814716,-0.01025987,QB,AAC,1.016722219
Dante Daniels,NC State,-2.468839203,2.520276912,-0.469527564,2.562753883,0.021339558,0.045778867,-0.625774348,0.137780137,-0.191472206,-0.126658184,0.126511532,TE,ACC,1.016430224
Elijah Faulkner,Massachusetts,-1.800844752,-3.485056763,-0.174952175,-0.726053609,0.108666704,-0.524437868,-0.3725674,-0.661567991,0.505124977,0.08293613,0.203333054,RB,MAC,1.016371858
Sean Wilson,Florida Atlantic,-2.092087865,-0.831337105,-0.825319268,-0.627440483,0.022505252,-0.060332371,-0.450205839,-0.206117125,0.08640204,-0.11913386,0.160776798,WR,AAC,1.016278214
Kelby Valsin,Texas Tech,-2.582075266,1.198176385,-0.738096229,2.057866906,-0.179489181,0.467348169,-0.65268976,0.256444,-0.244831777,1.194717088,-0.008434873,WR,B12,1.01620751
Matt Long,Air Force,-2.037851347,-2.080362875,-0.500973958,0.147591492,-1.015212794,1.273174636,0.753721532,-0.44355391,0.222970513,-1.083838745,0.159981637,WR,MWC,1.016206051
Jyron Waiters,East Carolina,-2.068536036,-0.947387495,-0.966042802,-0.404641242,-0.079693407,0.160021715,-0.515231691,-0.037540741,-0.017142283,0.512722769,0.126968152,WR,AAC,1.016072055
Dan Villari,Syracuse,-0.994120323,0.050822418,-1.039296112,1.105936372,-0.41463851,0.070108383,-0.709971995,-0.105225304,-0.058176179,-1.237718004,0.055284891,TE,ACC,1.01604348
Cooper Eldridge,UL Monroe,-2.381882874,0.052046451,-0.854858807,1.08437115,-0.119267903,0.250523947,-0.69779549,0.087950671,-0.156166507,0.275162835,0.101891708,TE,SBC,1.015961355
Dom Henry,Florida Atlantic,-1.070777125,3.315050243,0.228154166,-1.064233537,0.487626789,-0.967628314,0.03109231,-0.463406226,0.344774954,-1.156422108,0.287235794,WR,AAC,1.015951447
Lucas Farrington,Jacksonville State,-2.029727652,-1.467387375,-0.563025999,-0.140073485,-0.041507307,-0.005151694,-0.586821676,-0.131794682,-0.004640949,-0.121254319,0.048740457,RB,CUSA,1.015944735
Dayton Howard,Iowa,-2.204430573,2.303431255,-0.452856149,1.648403893,0.153079703,-0.156484348,-0.568588424,0.034598983,-0.073933787,0.268852058,0.1039568,WR,B1G,1.015805191
Drew Biber,Minnesota,-2.235378733,0.216454961,-0.736807536,0.29438756,-0.025520039,0.107393323,-0.541957969,0.077642269,-0.162759933,0.0600515,0.016616483,TE,B1G,1.015010402
Kyion Grayes,California,-2.382955329,-0.489410696,-0.974028042,0.47308155,0.030013191,-0.10812267,-0.735839093,-0.114454699,-0.116935545,-1.766346277,0.238029934,WR,ACC,1.014913212
Mekhi Mews,Houston,-2.054184327,-0.284104907,-0.69601304,-0.874678419,0.027750713,-0.039297248,-0.288634129,-0.163727205,0.027932223,-0.350886853,0.095380278,WR,B12,1.01488796
Shaun Terry II,Missouri,-2.690180767,2.20099443,-0.782950354,3.451172216,-0.016501417,0.09975732,-0.72580962,0.148011548,-0.197296456,0.193570501,0.039663449,WR,SEC,1.014868035
Luke McLaughlin,Boston College,-2.31566215,0.76516855,-0.681970004,1.091313756,-0.026856358,0.195011044,-0.61160451,0.111296332,-0.096734773,1.231035459,0.06977668,WR,ACC,1.014778643
Rod Gibbs,South Alabama,-2.228535552,0.835857014,-0.826396261,1.371587777,-0.211694038,0.305005724,-0.502462361,0.038530622,-0.126576971,0.078531795,0.022174187,TE,SBC,1.013803873
Chris Edmonds,Bowling Green,-1.887167948,-2.836179671,-0.555660485,-0.554020688,-0.722705179,0.837507542,0.263462728,-0.328574147,0.103881352,-0.863093376,0.0408445,RB,MAC,1.013478645
Levi Wentz,Kansas,-1.824346742,2.572829486,-0.13266064,0.456008769,0.491916857,-0.719286609,-0.528339243,-0.182843638,0.150310087,-0.046293497,0.296574673,WR,B12,1.013369303
Leyton Cure,Kansas,-2.56519442,4.40041798,-0.314345692,4.170596543,0.473637006,-0.783188513,-0.787274484,-0.154167699,0.008124325,-1.468035166,0.268439316,TE,B12,1.01317788
Courtney Crutchfield,Arkansas,-2.635612883,0.254576932,-0.714509184,0.638149887,0.027364277,0.245411637,-0.788563138,0.155778719,-0.18439368,0.740717161,0.182346714,WR,SEC,1.012840691
Ty Yocum,Merrimack,-2.369522961,-1.25878285,-0.946117114,-0.441582767,-0.061719771,0.178937298,-0.737655467,0.038393462,-0.179408778,-0.474320899,0.161270706,TE,INDAA,1.012567979
Eric Weatherly,Ball State,-0.811603883,-1.642984904,0.471095213,1.184297015,-1.428251754,1.425987462,1.796429957,-0.802843543,0.656436011,-1.388604656,0.416467002,WR,MAC,1.01232257
Jambres Dubar,Boise State,-1.399789606,-2.331868478,0.181874507,0.294519229,-0.861696648,0.87674391,0.344157731,-0.240902593,0.100284499,-0.560946151,0.099294698,RB,MWC,1.012204246
Christian Vaughn,Hawai'i,-1.543143607,-1.992281685,0.252811454,0.550751606,-0.931494686,0.991613647,0.538384849,-0.348870458,0.13577093,-1.310244865,0.147684227,RB,MWC,1.012063356
Daejon Reynolds,UNLV,-1.282772413,3.367972126,-0.027601306,-0.174357312,0.24279449,-0.501798762,-0.237515358,-0.206449924,0.094756087,-1.000925596,0.238545056,WR,MWC,1.01200095
Cole Rusk,Illinois,-1.655470901,1.975778249,-0.463342932,0.33704445,0.142115302,-0.377681105,-0.346949783,-0.237085616,0.092431224,-1.085515434,0.197291693,TE,B1G,1.011973792
Eric Holley,Toledo,-2.108960304,0.844095668,-0.576994233,0.224192128,-0.00651453,0.137936773,-0.448154623,0.070513395,-0.083634555,0.775051402,0.080447818,WR,MAC,1.01178524
Cade Conley,Western Michigan,-2.101257097,0.700050247,-0.544242785,0.267563915,-0.07003879,0.120679674,-0.36640402,-0.001879943,-0.078751525,0.17661669,-0.005666274,TE,MAC,1.011681453
Joseph Griffin Jr.,Wisconsin,-2.203256352,0.427151475,-0.673354004,0.389561792,-0.089389822,0.203252088,-0.426863111,0.054558115,-0.104509787,0.291310748,0.093081435,WR,B1G,1.011428331
Michael Valentino,Florida Atlantic,-2.280877645,-3.384317306,-1.446244453,-1.806567622,-0.566747689,0.892794015,-0.462649967,0.114130212,-0.315785139,-0.572692623,-0.040195691,QB,AAC,1.010942798
Za'Ron Collins,James Madison,-2.267594668,1.401263558,-0.680133532,1.179664551,0.269503003,-0.60367665,-0.573722702,-0.357005794,0.061877641,-2.7458194,0.307999361,WR,SBC,1.010836369
Matthew Maxey,Kent State,-2.497602578,-0.234146661,-1.047512843,0.872246282,-0.201563584,0.452811222,-0.633734341,0.158408877,-0.206769266,0.595136025,0.045189174,WR,MAC,1.010757477
Sam Phillips,Iowa,-1.628151735,2.425877113,-0.271389758,0.367526874,0.148659757,-0.216839564,-0.595948335,-0.038370646,-0.038056709,-0.557403635,0.307330194,WR,B1G,1.010652605
Luka Gilbert,Miami,-2.50936279,-0.192120178,-0.807805615,0.098382163,0.013363131,0.163850239,-0.673056514,-0.056951053,-0.015773203,-0.085433501,0.390004675,TE,ACC,1.010393688
Marvin Sims,Western Kentucky,-2.055500669,-0.088069613,-0.902309409,0.879262891,-0.07407013,0.018454519,-0.544662316,-0.032277684,-0.032322725,0.134032192,0.076512237,WR,CUSA,1.010186187
Jadon Porter,Baylor,-2.202140334,0.948924515,-0.680823607,1.022135571,-0.174135827,0.404207106,-0.487893526,0.206819567,-0.180208031,1.285642354,-0.014279574,WR,B12,1.010093376
Var'Keyes Gumms,UNLV,-2.048939171,0.431782117,-0.629118437,-0.484260594,-0.202795029,0.346626142,-0.328959698,0.036924443,-0.157055253,-0.381972643,0.06045953,TE,MWC,1.009823467
Kaleb Edwards,Alabama,-2.147380215,1.537935117,-0.410118588,0.469442755,-0.086979941,0.342261615,-0.53352836,0.284642946,-0.286949195,0.720628159,0.034747328,TE,SEC,1.009791912
Shamar Porter,UConn,-1.991116668,2.034182075,-0.272922101,0.260886768,0.28483585,-0.325492179,-0.340971484,-0.082169556,0.081939523,0.667321965,0.160251762,WR,Ind,1.009593374
Sincere Brown,Colorado,-1.326329278,1.956355254,-0.238881437,-1.408326078,0.532480251,-0.999248942,-0.293476937,-0.627558014,0.451454131,-1.583377153,0.543683987,WR,B12,1.00939469
Kourdey Glass,Oregon State,-2.145686042,-3.392463608,-0.981316841,-2.057338634,-0.204648124,0.312429792,-0.543210078,-0.130893827,-0.166473105,-1.523024064,0.049842764,RB,PAC,1.009356395
Dillon Newton-Short,Virginia,-2.460489512,0.165933376,-0.811904069,0.739806969,0.094945148,-0.156861703,-0.687860723,-0.167762504,-0.036023445,-1.434647299,0.284732588,WR,ACC,1.009082366
Jaylan Hornsby,Syracuse,-2.199420517,1.080215703,-0.615047777,1.110227154,-0.081579555,0.237388747,-0.565439432,0.177193126,-0.169117815,1.021046246,0.005248473,WR,ACC,1.008873875
Baylin Brooks,Western Michigan,-1.666600922,1.941159033,-0.419048283,0.459458383,-0.078584301,0.108738733,-0.475587129,0.059479095,-0.114143087,0.163079643,0.059154476,WR,MAC,1.008838723
Sacovie White,Georgia,-2.256298563,-0.051441468,-0.900138184,0.240397873,0.070435705,-0.161490917,-0.601542821,-0.165279106,-0.043241273,-1.575775879,0.250852236,WR,SEC,1.008806777
Treyshun Hurry,Louisville,-1.562470681,2.08585351,-0.463575672,0.058413668,-0.075738531,0.038993141,-0.3595366,-0.022001169,-0.079391152,-0.438764552,0.063525527,WR,ACC,1.008735837
Hogan Hansen,Michigan,-1.891186479,-0.001297497,-0.755133078,0.15632091,-0.086062541,0.175658201,-0.510694948,0.065959364,-0.030755532,1.378847622,0.059043363,TE,B1G,1.008690541
Marshaun Brown,Nevada,-1.952558707,1.180398782,-0.670773105,0.944164643,0.089760843,-0.198959344,-0.526603874,-0.067935347,-0.0044096,-0.172305374,0.136458693,WR,MWC,1.008608153
Anthony Miller Jr.,Tulane,-2.213205924,-0.949690376,-0.976075176,-0.344411304,-0.126594352,0.217752897,-0.488450686,-0.029256623,-0.077058905,0.098874427,0.050051182,TE,AAC,1.008465021
Hunter Tipton,Middle Tennessee,-1.559407471,0.967297025,-0.383250279,-1.151295066,0.03864164,-0.141028407,-0.080720948,-0.152685054,0.045430365,-0.414392275,0.067519374,TE,CUSA,1.008347858
Quincy Porter,Ohio State,-2.550783861,2.347917631,-0.427259128,2.614475755,0.029169304,0.10861577,-0.798747999,0.187972439,-0.205691531,0.603767305,0.070200802,WR,B1G,1.00802282
Carson Brown,Iowa State,-2.115872789,2.069822149,-0.535807392,1.453141999,0.313580803,-0.611622876,-0.636974768,-0.290573712,0.087024678,-1.811906255,0.320587829,WR,B12,1.007679561
Khyair Spain,Memphis,-1.48636608,1.125677218,0.903037465,2.733410619,-0.200306458,-0.246722235,0.264365361,-0.61380581,0.429665167,-1.918163531,0.379863005,RB,AAC,1.007281215
Jason Wright,Buffalo,-1.488515861,-3.109780977,-0.344326329,-0.571287854,-0.499904237,0.273943888,0.015613323,-0.504189112,0.311039025,-0.655689499,0.124351247,QB,MAC,1.007215041
Ethan Dowdy,NC State,-1.934405447,1.203528863,-0.882640997,2.148262512,0.226074567,-0.726480336,-0.580293396,-0.420824267,0.209173618,-1.855535811,0.224082448,WR,ACC,1.006975993
Jacob Stewart,Louisville,-2.220889354,1.745831878,-0.277758546,0.268946172,0.158608752,-0.089073552,-0.366035735,-0.025541917,-0.012272058,0.581191715,0.075143456,TE,ACC,1.006691083
Trace Bruckler,Ole Miss,-2.111465384,1.894882324,-0.510868205,1.227709547,-0.036145049,0.095911867,-0.460647786,0.108087912,-0.169240709,0.011062274,0.035626215,TE,SEC,1.006625083
Arrington Maiden,Memphis,-1.805744183,-3.329386166,-0.633294316,-1.15870074,-0.641193013,0.779083967,-0.068038848,-0.160393036,-0.048108602,-0.647165779,0.007544338,QB,AAC,1.006529393
Jake Appleget,Northern Illinois,-2.243314037,-0.751560969,-0.896443326,-0.367854081,-0.061397744,0.136179334,-0.478122116,-0.034559186,-0.071148075,0.070296924,0.052622435,TE,MAC,1.006382009
Jordan King,California,-1.743797149,1.687237673,-0.449099496,0.04771458,0.11983718,-0.256915712,-0.375139401,-0.166513354,0.053544194,-0.642238925,0.205713782,WR,ACC,1.006280974
Rashid Williams,Washington,-2.150600707,1.413187448,-0.603242362,1.360374901,0.091407354,-0.132075902,-0.569463673,-0.068109999,0.010040723,0.076763956,0.184838665,WR,B1G,1.00607504
Will Monney,Oklahoma State,-2.356254443,0.279315534,-0.731773767,0.419966776,-0.206473957,0.538585745,-0.585316762,0.267715442,-0.266739874,1.171621514,-0.013242843,TE,B12,1.006056224
Anthony Simpson,Michigan,-1.63769236,-0.634804384,-1.085352414,0.466914627,-0.609764815,0.689509528,-0.588439879,0.139855412,-0.291495495,-0.650980264,-0.052181327,WR,B1G,1.006040632
Tre Williams III,North Texas,-1.596780888,2.57826412,0.178114083,-1.860369927,0.419480249,-0.629597924,0.303145358,-0.317344997,0.225102926,-0.581823091,0.169120726,TE,AAC,1.005973053
Sam Lee,Toledo,-2.484699875,-0.191774913,-0.85046366,0.174253486,0.091699481,0.085221944,-0.820549735,0.071127472,-0.129922174,0.128745508,0.309020393,TE,MAC,1.005885961
Sanfrisco Magee,Mississippi State,-2.418262365,0.325268639,-0.706746583,0.402551228,0.047712862,0.075961693,-0.567766806,0.016287389,-0.079414264,0.411332243,0.110033705,WR,SEC,1.004939373
Michael Scott,James Madison,-1.903225615,1.158233086,-0.573570853,0.712434835,2.827030248,0.339451312,-1.121235564,-0.446389483,-0.510968379,-1.52956691,0.054737696,WR,SBC,1.004712781
TK Hodges,Navy,-2.048591932,-2.178108949,-0.473539508,0.107651685,-0.991957071,1.346175032,0.679694219,-0.318536194,0.141952178,-0.421296412,0.079228154,WR,AAC,1.004638828
Terrance Gibbs,Georgia Southern,-1.789327408,-2.442100856,-0.63803575,-0.456726992,-0.604281295,0.663336033,-0.084033811,-0.217346096,-0.002574155,-0.959769998,0.031071271,RB,SBC,1.004474668
Jaquise Martin,Houston,-2.28499191,-0.629858457,-0.833791545,-0.395648771,0.077345706,-0.052898691,-0.593338464,-0.137618945,0.015823571,-0.191753332,0.194515181,WR,B12,1.003402003
TJ Lott,Old Dominion,-1.628042518,0.185259802,-0.749183799,-0.073106443,0.531750792,-1.206248008,-0.407048598,-0.716973019,0.460086281,-2.513983868,0.499656705,WR,SBC,1.003342067
Tim Grear Jr.,Akron,-1.903494819,1.346453839,-0.508126101,0.755984989,-0.01281693,0.055109367,-0.482853082,0.058402671,-0.052379009,0.845146371,0.073096947,WR,MAC,1.003155087
Malick Meiga,Coastal Carolina,-2.123586027,1.152039358,-0.557127713,0.623981382,-0.03521241,0.115457945,-0.524262521,0.035105344,-0.112416234,0.017359919,0.106966738,WR,SBC,1.00308732
Dasaahn Brame,Tennessee,-2.104672828,-0.274517136,-0.792104893,0.185481232,0.098620142,-0.295744557,-0.525342877,-0.311896102,0.122210088,-1.147587291,0.242252084,TE,SEC,1.003060842
Jackson Worley,Troy,-2.338633396,0.949326218,-0.774334629,1.185623303,0.016995125,-0.099725957,-0.546244513,-0.087904781,-0.119796148,-1.75812538,0.219981761,TE,SBC,1.002843007
Jackson Owens,New Mexico State,-2.177956968,-0.154107784,-0.802282674,0.074641717,0.183589932,-0.464379991,-0.542215582,-0.423297463,0.155187834,-2.064344907,0.305473987,WR,CUSA,1.002805347
Brayden Loftin,Kansas State,-2.183014452,-0.318058968,-0.81687105,-0.23404469,-0.107353565,0.259412788,-0.476859334,0.079369724,-0.144767958,0.328685872,0.061198373,TE,B12,1.002699097
Jamarion McDougle,Ball State,-2.520394469,1.44941124,-0.452034558,1.658221554,0.276604145,-0.215926682,-0.95609347,0.158286125,-0.155960737,0.75357491,0.168245323,WR,MAC,1.002495438
Jacob Jordan,Oklahoma,-2.226279666,2.144402768,-0.482000673,1.610058521,0.251677084,-0.31062984,-0.706866973,0.007778255,-0.064401643,-0.2155343,0.230096751,WR,SEC,1.002476129
Shelton Sampson Jr.,Louisiana,-0.741123743,4.32995782,0.325833305,-1.577728638,0.445357299,-0.96130645,0.386917718,-0.462764347,0.381791162,-0.788697875,0.14193359,WR,SBC,1.002247761
Jeffrey Johnson,California,-2.483083488,0.793022361,-0.841809302,1.468664241,0.094501125,-0.183569591,-0.739778616,-0.068148032,-0.143105114,-1.554994237,0.142882354,TE,ACC,1.002180955
David Pierro,Louisiana Tech,-2.198904047,0.339206043,-0.615232831,-0.249237838,0.443190684,-0.743254275,-0.504458791,-0.442021322,0.214175356,-1.760227605,0.380373308,WR,CUSA,1.001906494
Daylyn Upshaw,Miami,-2.235410908,3.158629514,-0.396172914,2.449799794,0.328451033,-0.507338283,-0.790155641,-0.108727649,-0.016912192,-1.131235631,0.326308069,WR,ACC,1.001902153
TJ Holmes,Memphis,-2.171272607,-0.149638343,-0.850120042,0.655158877,-0.137463075,0.288691675,-0.6052107,0.126955556,-0.132093482,1.02300128,0.047708684,WR,AAC,1.001793196
Jaden Greathouse,Notre Dame,-1.309031285,3.948552375,-0.035086573,0.695101421,0.114597638,-0.243795969,-0.414231786,-0.003449926,-0.032459439,-0.233128384,0.179967329,WR,Ind,1.001773539
Daniel Blood,Missouri,-2.308488108,0.990210731,-0.718888641,1.353982295,-0.039717524,0.128851752,-0.660330781,0.101449028,-0.163698959,0.231678934,0.055141752,WR,SEC,1.001601395
Simeon Evans,North Texas,-1.313601962,1.426693791,-0.289218134,-1.359371962,0.151906816,-0.3959699,-0.026423705,-0.287587747,0.168517453,-0.69756207,0.140619493,WR,AAC,1.001361939
Brooks Johnson,Coastal Carolina,-2.089990757,-0.166350213,-0.793775719,-0.00958975,0.006835753,0.022194121,-0.438898035,-0.015279695,-0.031695411,0.50666413,0.062981372,TE,SBC,1.001258439
Bryce Yates,Pittsburgh,-2.035489503,3.289902282,0.050003218,0.941729813,0.516593232,-0.77286591,-0.583680432,-0.294231311,0.157518663,-1.130425167,0.396780578,WR,ACC,1.000698993
Malik Elzy,Illinois,-2.18986562,1.198816073,-0.595647967,1.039509101,0.113731685,-0.134664034,-0.613983723,-0.039321815,-0.034035155,-0.144093342,0.211065508,WR,B1G,0.9999942
Justin Olson,Charlotte,-1.895707285,2.530061438,-0.322049255,1.685780477,0.142455891,-0.18438916,-0.614505857,-0.030254151,0.059057494,0.863262374,0.230649502,WR,AAC,0.999931763
Josh Dallas,Georgia Southern,-0.85851043,1.895602943,-0.201663867,-0.541089477,-0.051108278,-0.240564804,-0.240346357,-0.140904543,0.070926508,-0.409103972,0.096470097,WR,SBC,0.999299956
Tiger Bachmeier,BYU,-1.776575247,-0.031408995,-0.470224171,-0.301149436,-0.116866738,0.059578596,-0.237331472,-0.245801531,0.046490541,-0.913207488,0.051941427,WR,B12,0.999157679
Tre Shackelford,Tulane,-2.022891737,2.858373454,-0.311615636,1.699628663,0.048485158,-0.025083072,-0.487700888,0.048361529,-0.058734973,0.545307363,0.080245412,WR,AAC,0.999143226
Justin Williams-Thomas,Marshall,-1.114219275,-1.875332342,0.627045361,0.663619654,-0.695146297,0.395925472,0.228285403,-0.484725454,0.20613895,-1.966913294,0.12703921,RB,SBC,0.998791535
Taeo Todd,Georgia Southern,-1.057401879,-2.415409642,0.228850072,-0.532142865,-0.085393105,-0.430491529,0.135100255,-0.707005432,0.574217857,-0.417379146,0.270825665,RB,SBC,0.998679355
Jake Tarwater,Fresno State,-2.301239606,-0.724330556,-0.886550197,0.060047132,-0.193058704,0.343405673,-0.453894316,-0.004760604,-0.118769349,-0.12143016,0.039224997,TE,MWC,0.998227233
Devin Hyatt,Arizona,-2.50977084,1.516307807,-0.657948909,1.937508789,0.190608216,-0.365379174,-0.728456608,-0.213210956,-0.017609695,-1.945361254,0.302472904,WR,B12,0.99822316
Mack Moeller,Kansas,-2.605223907,-0.149696253,-0.940479961,1.059292332,-0.248097397,0.525604305,-0.665725068,0.205077595,-0.283276148,0.391819763,-0.015521243,WR,B12,0.998134811
Kyler Kasper,Oregon,-2.522918196,1.832235535,-0.69868466,2.309767266,0.384086131,-0.593658583,-0.84637821,-0.17356083,0.026857992,-1.238564491,0.34019937,WR,B1G,0.99800532
Thomas Wadsworth,UCF,-2.432770266,1.532072375,-0.789884296,2.347249553,0.151153313,-0.382149098,-0.702566668,-0.171725157,-0.054877182,-1.750458571,0.119049477,TE,B12,0.997865735
Chris Lawson Jr.,App State,-2.537275702,2.084021901,-0.648098811,2.621348764,0.119987275,-0.117415282,-0.773112522,0.043534391,-0.113786453,0.015175378,0.096890424,WR,SBC,0.997818233
Josh Phifer,James Madison,-2.641867386,1.58122104,-0.469136585,1.717677842,0.155957638,-0.161527442,-0.582490327,-0.103698429,-6.24E-05,-0.052597176,0.093439594,TE,SBC,0.997470096
Carson Tabaracci,USC,-2.491866801,2.550652764,-0.453809276,2.866544674,0.018004092,0.187930608,-0.697705072,0.215542502,-0.096915335,2.05436222,0.086844223,TE,B1G,0.997417119
Mario Sanders II,Illinois,-2.912836734,4.839486094,-0.35291864,5.535273435,0.40492898,-0.570625946,-0.931217071,-0.002096739,-0.07800702,-0.615137243,0.199885514,WR,B1G,0.997405456
Houston Thomas,UTSA,-1.2128779,2.263345825,-0.278975855,-0.590304765,-0.05116592,-0.074163682,-0.195033616,-0.108688926,0.020400374,-0.44203091,0.103156465,TE,AAC,0.996930059
Christian Berry,Kent State,-2.335277671,1.168974169,-0.564059822,1.294406421,-0.070596053,0.306604948,-0.735577771,0.232279595,-0.200692211,1.280917999,0.074016503,TE,MAC,0.996905802
Quentin Moore,Washington,-2.595373775,2.344371454,-0.476749294,2.607458954,0.015502563,0.142208406,-0.73347635,0.226565397,-0.247764415,0.599558002,0.013711744,TE,B1G,0.996864009
KD Hunter-Gibson,Charlotte,-2.872500585,5.411883301,-0.317912136,5.928222459,0.719872169,-1.234429151,-0.899633557,-0.191073812,0.030018735,-1.771085633,0.133826773,WR,AAC,0.996755153
Blake Buntyn,Texas A&M,-2.774235064,1.728984665,-0.678458866,2.752817529,-0.011388,0.204552558,-0.815734499,0.212081856,-0.241541259,0.529587154,0.080838913,WR,SEC,0.996674152
Amani Givens,Louisiana Tech,-1.020446092,-2.205890116,0.597256571,0.608183335,-0.908905083,0.720157959,0.555516942,-0.463289179,0.30756578,-0.887827271,0.173353602,RB,CUSA,0.996438523
Alex Capka-Jones,Illinois,-2.638789403,1.297625984,-0.677668491,1.958652507,0.046453925,0.077573145,-0.78799089,0.118103022,-0.182429231,0.182035539,0.101879478,WR,B1G,0.996344121
Jamarian Samuel,Georgia Southern,-0.993069504,-1.547084597,0.924565027,1.419268397,-1.19814721,1.194230416,1.144877521,-0.473459186,0.330367171,-0.826653278,0.148308074,RB,SBC,0.996254752
Cam'Ron Lacy,Middle Tennessee,-0.866522629,2.725068924,0.557080231,-1.262147562,0.409646082,-0.839713988,0.126539171,-0.561664911,0.377840093,-1.195675275,0.190099888,WR,CUSA,0.996212561
Leyton Smithson,Washington State,-2.239518355,-3.437030828,-1.38805683,-2.112952957,-0.35476064,0.590975356,-0.501071802,0.025341765,-0.208524217,-0.508661226,0.070860565,WR,PAC,0.996061665
Sam West,Mississippi State,-2.663394869,2.265794935,-0.428993185,2.526078594,0.128924897,0.010475292,-0.796395629,0.198136529,-0.210023184,0.643581473,0.085958744,TE,SEC,0.996020095
Javon Brown,Toledo,-1.959527896,2.14247623,-0.323062126,0.700956134,0.308840716,-0.408273512,-0.573102732,-0.114185166,0.094915107,0.538671839,0.186988426,WR,MAC,0.995107706
Jordan Dingle,South Carolina,-2.037296847,2.096533604,-0.345230565,1.026869003,0.068749434,-0.015236612,-0.527436358,0.063657011,-0.077553124,0.547427738,0.113596608,TE,SEC,0.994946289
Chauncey Magwood,Purdue,-2.449812507,0.581183549,-0.705120705,0.890839081,0.028911794,0.07951555,-0.70477955,0.053981588,-0.143165067,-0.055435249,0.149228266,WR,B1G,0.99456699
Kade Eldridge,Washington,-2.482918569,0.1109961,-0.886035785,1.401459565,-0.287671428,0.506846023,-0.642614124,0.207456964,-0.299734906,0.026896777,0.005047484,TE,B1G,0.994460934
Tony Kinsler,Pittsburgh,-2.398174852,-1.585878846,-1.149946008,-0.20377493,-0.303073892,0.443042201,-0.575466601,0.005797326,-0.205479335,-0.796645528,0.017132514,WR,ACC,0.994199678
Tate Nagy,Kansas,-2.152850105,-0.57223965,-0.899212365,0.492693106,0.58815927,0.8034126,-0.569408448,-0.023857488,-0.239216255,0.901338724,-0.035747601,WR,B12,0.994106535
Benji Gosnell,Virginia Tech,-1.706026573,0.605708037,-0.577615331,-0.541547534,-0.024860549,-0.054861397,-0.312405383,-0.088471373,-0.039244654,-0.567012948,0.054244273,TE,ACC,0.99404353
Nathan Leacock,North Carolina,-2.434424411,-0.426703413,-0.919665286,0.434658582,-0.088614271,0.249513996,-0.589324094,0.04342177,-0.113758937,0.22636684,0.154744818,WR,ACC,0.99378734
Tristian Gentry,Texas Tech,-2.390440941,1.112917259,-0.80562104,1.454498525,0.297938614,-0.585503764,-0.782986994,-0.248281935,-0.020131309,-2.47955827,0.290568971,WR,B12,0.993581569
Malachi Coleman,Minnesota,-2.356608862,1.561386188,-0.374282455,0.773477053,0.311880412,-0.340695528,-0.659592767,-0.098479685,-0.000134057,-0.515271379,0.333701591,WR,B1G,0.99349588
Davon Mitchell,Louisville,-2.564065153,-0.471474375,-0.973796799,0.731355899,-0.259052357,0.535929092,-0.658112643,0.190595266,-0.276629858,0.321505164,0.000800918,TE,ACC,0.993427457
Marquez Dortch,Troy,-1.931857772,-0.380925727,-0.872585341,0.486444934,-0.225848526,0.227104568,-0.521398994,0.031175788,-0.121226718,-0.055567951,0.032037112,WR,SBC,0.993156314
Christian Ross,Memphis,-2.077768037,0.526931239,-0.560553245,-0.648708453,0.12338017,-0.106028536,-0.271832943,-0.087604361,-0.008750879,-0.2845779,0.170521109,TE,AAC,0.993135305
Malik Clark,South Carolina,-2.613781653,0.69892839,-0.905594318,1.887270298,-0.131108264,0.308691343,-0.688631054,0.146375135,-0.220382562,0.194608935,0.041776969,WR,SEC,0.992986531
Cooper Rusk,Toledo,-2.188735899,0.563130598,-0.771036876,1.021403449,0.190846205,-0.470327231,-0.659655376,-0.298889522,0.071622438,-1.838614803,0.278291233,WR,MAC,0.99258438
Grayson Brousseau,Oklahoma State,-2.17558671,-1.771836114,-0.944156153,-1.128906885,-0.139436464,0.265855634,-0.412426997,-0.057821416,-0.035063472,0.385906615,0.069683504,TE,B12,0.992409718
Jer'Michael Carter,Oklahoma,-1.905590556,0.773317816,-0.786394451,0.599564144,0.086557372,-0.229410141,-0.629705423,-0.124298378,-0.02247702,-1.177215175,0.288381382,WR,SEC,0.991925688
Keontez Lewis,Oklahoma,-1.627951716,2.899011684,-0.355770576,1.346106416,0.221890981,-0.546740589,-0.410155635,-0.203973513,0.097157098,-0.834731693,0.145263689,WR,SEC,0.991821013
Jaedon Wilson,UCLA,-2.142572671,1.587085051,-0.501063982,1.400430308,0.080989394,-0.121312322,-0.58836796,-0.015403741,-0.045543439,0.144109498,0.094528827,WR,B1G,0.99175726
Nate Boerkircher,Texas A&M,-2.050124374,1.851252607,-0.437046865,1.152972076,-0.079242197,0.16930904,-0.545704771,0.169095884,-0.220588174,0.090324131,0.039790898,TE,SEC,0.991369019
Sterling Lockett,Kansas State,-1.638745005,0.181630392,-0.869980651,1.011892661,2.913036072,1.859929151,-0.466263442,-0.458372597,-0.493973996,0.44860351,0.218401968,WR,B12,0.990844543
Jacob Jenkins,Liberty,-1.914838871,2.281307153,-0.268496114,0.563405012,0.125876961,-0.177695989,-0.362618903,-0.02869218,-0.040972119,-0.268892646,0.151214138,TE,CUSA,0.990745957
Logan Ramper,West Virginia,-2.689118192,1.350157442,-0.818413903,2.651515372,-0.150067204,0.3599725,-0.715281099,0.240066728,-0.279678753,0.522140737,-0.015356855,WR,B12,0.990708936
Cade Cunningham,Jacksonville State,-2.159732989,-4.978955761,-1.624982673,-3.386302765,-0.597816916,0.919214845,-0.394273071,0.006148821,-0.250415884,-0.741704702,-0.028630245,QB,CUSA,0.990540664
Camden Etheredge,Auburn,-2.737136071,3.184474858,-0.63410656,4.154013245,0.294089451,-0.435186324,-0.856442744,-0.002950677,-0.077263434,-0.443170425,0.134684899,TE,SEC,0.99044013
Andreas Paaske,Arkansas,-2.328853298,1.63801011,-0.595676444,1.826646872,-0.091463836,0.259917299,-0.556719328,0.230548981,-0.217711691,0.975896324,-0.020798724,TE,SEC,0.990420953
Reggie Frischknecht,BYU,-2.651379007,1.028744691,-0.840226246,2.38864668,-0.171807972,0.361340404,-0.709292543,0.21178612,-0.273883937,0.319974834,-0.015070468,WR,B12,0.990394693
Will Anciaux,Kansas State,-2.316477745,1.225175722,-0.62868042,0.997483326,-0.150879776,0.377818006,-0.384169216,0.195798407,-0.195022457,0.960808805,-0.039668575,TE,B12,0.990394184
Jaylen McGill,North Carolina,-2.09158534,-2.209257676,-0.782309365,-1.230283408,-0.003830729,0.012475726,-0.492773659,-0.174491232,-0.012683295,-0.459441018,0.060045571,RB,ACC,0.99017136
Nick Devereaux,Eastern Michigan,-0.968668999,2.981182182,0.228540332,-2.632499895,0.573281942,-1.14089622,0.656443399,-0.663948219,0.576275558,-0.541222184,0.149221914,WR,MAC,0.989442353
Ryan Manning,Maryland,-2.285455676,-0.440012929,-0.985554287,0.44207034,-0.12864783,0.239166073,-0.608546578,0.052727965,-0.141215451,0.1242148,0.055468529,WR,B1G,0.988735232
Jake Taylor,Duke,-2.253335501,0.228881861,-0.868443538,1.000054119,-0.046377772,0.069514399,-0.596074771,-0.013439414,-0.059923759,0.129094397,0.098485728,TE,ACC,0.988459492
Brandon Phelps,Arizona,-2.31017448,0.594776882,-0.549546352,0.148173595,0.094315788,0.070807929,-0.502142875,0.065467582,-0.065081634,0.927706843,0.171636082,WR,B12,0.988161446
Christian Abney,Illinois,-2.513603979,0.365945757,-0.81086064,1.066267252,-0.148069297,0.405640134,-0.676933927,0.249005601,-0.289767651,0.613016857,-0.001794851,TE,B1G,0.988095148
Austin Smith,Sam Houston,-2.236275514,0.327191168,-0.775226366,0.712922299,-0.034529707,0.054897275,-0.547578583,-0.032059029,-0.064928851,-0.062061945,0.084983529,TE,CUSA,0.988021105
Justius Lowe,Oregon,-2.034915306,0.627175731,-0.700154294,0.425029432,-0.04797587,0.055106629,-0.466033848,-0.020269738,-0.07638158,-0.176741812,0.074318428,WR,B1G,0.987915479
Mavin Anderson,Texas State,-1.959581311,1.387683586,-0.473454436,0.34886619,0.086364779,-0.118144179,-0.455666806,-0.066506052,-0.013445027,-0.133088255,0.152062254,WR,SBC,0.987803482
Parker Poloskey,Army,-2.61660082,2.821437391,-0.554613316,3.386804498,0.050470337,0.007483364,-0.592404553,0.084254735,-0.120127879,0.430125747,0.036044464,TE,AAC,0.987619248
Jay Fair,USC,-2.092966824,0.601335598,-0.742735273,0.477209343,-0.201135606,0.302330486,-0.439520561,0.058004987,-0.172398083,-0.252745923,0.020286126,WR,B1G,0.987547888
Bryce Anderson,Memphis,-2.088435664,0.649906665,-0.740527193,0.653274163,-0.185972934,0.304196404,-0.522717564,0.098416865,-0.181653239,0.047272878,0.025181936,TE,AAC,0.987411251
Preston Rex,BYU,-1.953171077,-0.308321764,-0.22934331,0.073250801,0.466590239,-0.696759098,-1.037573768,-0.116709453,0.007589246,-0.021365396,0.143210126,RB,B12,0.987344625
Mason Dossett,Baylor,-2.809461822,3.010591743,-0.639839132,4.144641986,0.23497729,-0.368451001,-0.865832395,0.007452983,-0.160412794,-1.260123335,0.166504295,WR,B12,0.986619235
Riley Williams,Oregon State,-2.33912085,0.079980718,-0.781904561,0.348236071,-0.10283504,0.35006194,-0.659810123,0.155294191,-0.165403968,0.984924578,0.096053044,TE,PAC,0.986519263
Rowan Reay,BYU,-2.558567653,-0.149576963,-0.955294292,1.060741466,-0.238003786,0.495111662,-0.655748019,0.188637611,-0.262833837,0.4127291,-0.00928036,WR,B12,0.986003426
Luke Lindenmeyer,Nebraska,-1.532625177,-0.730460106,-1.288151516,0.269087892,-0.617967261,0.709003096,-0.579742259,0.123970199,-0.259932969,-0.499642764,-0.022756953,TE,B1G,0.98555715
Price Morgan,Texas Tech,-2.871804687,3.978946566,-0.531138721,5.065738009,0.358793231,-0.583514565,-0.924197493,-0.019147858,-0.131960627,-1.481781664,0.199082974,WR,B12,0.985511202
Tommy Winton III,Tennessee,-2.100442133,1.03606541,-0.808027844,1.918516682,-0.009057653,-0.161033354,-0.554279723,-0.185311646,0.086850628,-0.089121539,0.044699118,WR,SEC,0.985288426
Nate Floyd,Nevada,-1.893977469,-2.242425355,-1.123985723,-1.155025379,-0.178749484,0.173852055,-0.248462133,-0.24157742,0.062919697,-1.078472463,0.277369883,WR,MWC,0.985259885
Justice Williams,Washington,-2.473102515,1.161936737,-0.723806979,2.000927751,-0.082929841,0.29015549,-0.707942341,0.171620795,-0.144611792,1.337745493,0.051371645,WR,B1G,0.985209123
Jackson Wade,Florida,-2.427541338,-0.490332883,-1.008792303,0.655066697,-0.194043163,0.409874615,-0.645440471,0.117678393,-0.176261969,0.507220145,0.079592487,WR,SEC,0.984791025
Malcolm Gillie,Coastal Carolina,-1.795809369,1.040096452,0.35996572,-0.537041218,0.164440417,-0.186663994,0.126596687,-0.459472988,0.286029041,-0.470905846,0.175921197,WR,SBC,0.98456022
Gabe Daniels,Syracuse,-2.384797391,1.505858127,-0.514760577,1.854594594,0.053172143,-0.011094517,-0.666054968,0.057026906,-0.087492226,0.478078967,0.114451005,WR,ACC,0.984544696
Tucker Holloway,Virginia Tech,-2.2128108,1.048479995,-0.651291721,1.297778121,-0.057710469,0.194963015,-0.645891255,0.133755652,-0.141069329,0.685005101,0.13715494,WR,ACC,0.984448568
Micah Hudson,Texas Tech,-2.354315786,0.012236514,-0.635826986,-0.578655371,0.200108407,-0.167712453,-0.432308279,-0.110275632,0.003169218,-0.352067308,0.251091605,WR,B12,0.984357885
Mekhi Anderson,UTSA,-2.095576248,-1.059797737,-0.915163274,0.515889774,-0.322816947,0.217164885,-0.324991345,-0.299928176,-0.043285151,-2.554418086,0.07459757,WR,AAC,0.98392661
Malique Dieudonne,Western Michigan,-1.939236332,1.572186571,-0.413501667,0.261947233,0.159456672,-0.18257238,-0.529169882,-0.0445438,-0.01574791,-0.036861268,0.217329818,WR,MAC,0.98379874
Isaac Torres,California,-2.587133219,0.387988627,-0.938658121,1.558350825,-0.122764136,0.278824094,-0.690529593,0.114247145,-0.214141601,-0.076736892,0.060734697,WR,ACC,0.983667573
Mike Tyler,South Carolina,-2.814989218,3.09985698,-0.593883779,4.113724441,0.228209037,-0.301857862,-0.867507274,0.0384459,-0.139478205,-0.671426803,0.172061109,TE,SEC,0.983528933
Tank Hawkins,Florida,-2.337185786,0.338277314,-0.734408906,0.848650811,-0.002172645,0.005279965,-0.562794117,-0.055336623,-0.059664763,-0.150955434,0.06045475,WR,SEC,0.983293596
Otto Tia,Utah,-1.928623157,2.391030725,-0.24615097,0.560372575,0.143540018,-0.163431563,-0.396560655,0.021440996,-0.07135684,-0.093899907,0.144843228,TE,B12,0.98320763
Jaylen Jenkins,Texas State,-1.209275392,-2.72266933,0.507720448,0.15043714,-0.676628345,0.499265115,0.325568997,-0.447665333,0.243472548,-0.937670665,0.112065949,RB,SBC,0.982959357
Koby Young,Houston,-1.99614677,0.318533954,-0.603939051,-0.0306076,0.145245244,-0.268351288,-0.549889749,-0.206650856,0.073425735,-0.745316185,0.298943399,WR,B12,0.982322993
Elijah Jackson,Ball State,-1.769431426,0.578397825,0.966721227,1.742828103,0.235954047,-0.487548792,-0.167765265,-0.408646037,0.324027285,-0.5372937,0.451276587,RB,MAC,0.982313312
Joseph Young,Florida Atlantic,-2.397584386,0.87721532,-0.661593286,1.016330122,0.337329561,-0.52988775,-0.877522048,-0.2237842,0.014205992,-1.900635462,0.447004545,WR,AAC,0.982200575
Miles Burris,Charlotte,-2.15571363,0.656248636,-0.564142676,0.37754302,0.072600545,0.038926154,-0.578851067,0.042040503,-0.024330961,1.138957974,0.133580304,WR,AAC,0.982148798
Gio Richardson,Arizona,-1.563767264,1.717432146,-0.191556582,-1.504263997,0.773581486,-1.188828348,-0.721979554,-0.394943965,0.164090011,-1.593659524,0.269276957,WR,B12,0.98208428
Will Huggins,Oklahoma,-2.581290085,1.251354192,-0.779461147,2.17517142,-0.151435235,0.377746108,-0.62460367,0.203044956,-0.22830849,0.802193925,-0.007705956,TE,SEC,0.981828172
Gavin Grover,Cincinnati,-2.469561161,1.653346977,-0.534729942,1.59897931,0.286985326,-0.432212144,-0.709393337,-0.176076708,-0.010636946,-1.486424904,0.307268478,TE,B12,0.981630672
Chase Dawkins,Western Michigan,-1.771790226,-3.225837584,-0.960476026,-1.245236069,-0.467315833,0.495849349,-0.262820087,-0.188604579,-0.020580651,-0.676822613,-0.004072307,RB,MAC,0.981509824
Finn Hogan,Bowling Green,-1.720914355,2.048271803,-0.432631423,0.856114436,0.073030099,-0.188540684,-0.491592377,-0.081727061,0.013161237,-0.088079495,0.122392253,WR,MAC,0.981468031
Samari Howard,Army,-1.505554357,0.097475975,0.224110051,0.165337724,-0.090670246,-0.05696334,-0.062766599,-0.305041062,0.156927021,-0.527322709,0.106340678,WR,AAC,0.981439232
Josh Sapp,Clemson,-2.257865833,0.523136655,-0.660760326,0.188629449,-0.001991171,0.11077832,-0.557208952,0.027731548,-0.129096156,-0.194626034,0.14473808,TE,ACC,0.981228672
Kanen Hamlett,App State,-2.403327099,1.746401505,-0.405334467,1.050261065,0.294810249,-0.509271421,-0.327709899,-0.303150159,0.114145951,-1.427321583,0.22876546,TE,SBC,0.980746631
Jadon Thompson,Memphis,-2.078270208,1.445971665,-0.425775881,0.450635416,0.088387872,-0.042459479,-0.464436464,0.010086063,-0.060462044,0.10027349,0.17907302,WR,AAC,0.980688854
Brady Mott,Army,-2.903490927,5.471015864,-0.388036514,6.365588,0.75264506,-1.326737974,-1.063626053,-0.216533791,0.00764716,-2.401167996,0.195315445,RB,AAC,0.980681399
Khamani Alexander,App State,-1.648549995,-1.092006276,0.119627594,0.62628777,-0.293821859,0.120319978,-0.140536022,-0.322706824,0.190967771,-0.485177152,0.169148058,RB,SBC,0.980178931
Jake Woods,Temple,-2.633404821,1.941374099,-0.588903114,2.648963378,-0.011882879,0.226771818,-0.774778242,0.215567661,-0.186558696,1.230190467,0.070139276,TE,AAC,0.980165023
Amorion Walker,Middle Tennessee,-2.136597822,0.708578507,-0.620667884,0.28271732,0.052593106,-0.028934768,-0.5324019,0.002097109,-0.098408219,-0.187174042,0.104227104,WR,CUSA,0.980101826
Sage Ennis,Virginia,-2.178555158,-0.399589391,-0.801379094,-0.608157892,-0.026418082,0.031456696,-0.315066023,-0.129541186,-0.021622856,-0.737022975,0.158180052,TE,ACC,0.979626667
Jax Markovich,Massachusetts,-2.094930556,-1.776465702,-1.119944722,-0.908102217,0.684813489,0.535358388,-0.365123407,-0.301086444,-0.117761875,-1.28720319,0.260920232,TE,MAC,0.979211709
Jaylen Hampton,Charlotte,-2.182620982,-0.508116585,-0.943979771,0.443918937,0.060101873,-0.281196012,-0.61157206,-0.312995489,0.073077893,-1.775629814,0.272661301,WR,AAC,0.97902482
Jon Montiero,Liberty,-3.293754246,8.265022235,0.282240832,7.899204014,1.273468039,-1.713550058,-1.435746627,-0.160614416,0.194857891,-0.440634408,0.67801762,WR,CUSA,0.979002231
Koby Gross,Ball State,-1.89126882,1.109065019,-0.473333481,0.067614609,0.877116471,0.403353539,-0.380041904,-0.131454011,-0.105764697,0.606344916,0.160480723,TE,MAC,0.978699605
Garrett Mmahat,Tulane,-1.879097058,0.151418605,-1.1479006,1.254794821,-0.452544514,0.463972863,-0.639827909,0.070768681,-0.27449932,-1.367816376,0.003079112,WR,AAC,0.978531269
Taeshaun Lyons,UNLV,-2.16845073,0.86206268,-0.425888567,-0.615233191,0.38345152,-0.601162571,-0.269255387,-0.382209657,0.189242771,-1.492826372,0.355733253,WR,MWC,0.978243821
Branden Hoch,Florida Atlantic,-2.210744334,1.047827877,-0.43691723,0.26827253,0.087266142,-0.004998011,-0.562537398,0.017421974,-0.087113376,0.025849785,0.186301725,WR,AAC,0.977949007
Xavier Daisy,UAB,-1.76003944,2.045387472,-0.512841987,1.542135981,0.270693087,-0.560323663,-0.531851254,-0.139899531,0.101743794,0.004629433,0.12037037,WR,AAC,0.977756962
Chauncy Cobb,Arkansas State,-1.053596303,-0.068651035,-1.188560612,0.499903965,-0.595325552,0.437503896,-0.716958536,-0.050489579,-0.150794508,-1.352822111,0.048320009,WR,SBC,0.977673007
Tayte Crable,South Florida,-2.503226145,1.175619574,-0.720894529,2.126232542,-0.05236758,0.160517293,-0.726353025,0.130236076,-0.185863865,0.203565275,0.101623835,TE,AAC,0.977223723
Devin Brown,California,-1.535420859,-1.177768512,-1.169318828,0.438434934,-0.067901091,-0.329475008,-0.843986774,-0.16711025,-0.031463776,-1.295609077,0.041612839,QB,ACC,0.976732997
Jaylen Poe,Northern Illinois,-0.820626325,-2.349175897,0.371326356,0.332404055,-0.820047536,0.581794457,0.55782737,-0.5048415,0.36163358,-0.502138526,0.071955708,RB,MAC,0.976648165
Zach Ortwerth,Iowa,-2.432556668,1.758757618,-0.439885762,1.372112399,0.206799043,-0.110415679,-0.688851646,0.054017575,-0.062723647,0.759191949,0.165180624,TE,B1G,0.976609625
Dom Dorwart,Ohio,-2.004909986,0.100416045,-0.694940393,-0.16350205,0.26711296,-0.526356166,-0.435739544,-0.398958317,0.223057852,-1.273384266,0.376362428,WR,MAC,0.976297807
Nathan Vantimmeren,Central Michigan,-2.383225646,-0.940120509,-1.110447278,0.24391311,-0.246089342,0.439966084,-0.590904524,0.100391268,-0.21283473,-0.060681772,0.045193899,TE,MAC,0.97612026
TJ West,Texas Tech,-2.461035326,0.148256355,-0.972663264,1.16227278,0.020206779,-0.14644044,-0.631650735,-0.150098618,-0.102860058,-1.90334554,0.123656175,WR,B12,0.976010106
Michael Pettway,Jacksonville State,-1.67649442,2.067657617,-0.275664613,-0.112539935,0.053542178,-0.07331084,-0.424312291,-0.007278621,-0.079602343,-0.306796667,0.122132701,WR,CUSA,0.975964589
Tama Uiliata,Hawai'i,-1.569541195,0.679104014,-0.574974658,-0.136235628,-0.052791337,-0.112105707,-0.393348317,-0.173154626,0.037814,-0.764580618,0.1552473,WR,MWC,0.975923857
Viliami Teu,San José State,-1.498587397,-2.212037464,0.050608594,0.21722011,-0.478116618,0.149937519,0.006621388,-0.573883814,0.309706224,-1.603928899,0.1498948,RB,MWC,0.975653042
Terence Marshall,Western Michigan,-2.323295601,1.627485193,-0.685892425,1.976625937,0.024299109,0.054572947,-0.627448897,0.090424851,-0.099313237,0.689682386,0.09143461,WR,MAC,0.975523974
Marques Hicks,Kent State,-1.894870058,-3.872316084,-1.011625631,-1.92694139,-0.439313223,0.483240281,-0.321728088,-0.235314901,-0.037206195,-1.094442878,-0.002943013,RB,MAC,0.975470567
Max Rodarte,Ohio,-2.16277822,0.238438804,-0.739978921,0.263534246,-0.023587868,0.119933075,-0.528498756,0.021293972,-0.064696368,0.514075707,0.103623526,WR,MAC,0.975214755
Harold Duvall,Fresno State,-2.526715541,3.075197463,-0.234764436,2.631364438,0.305544839,-0.429900318,-0.783292913,-0.099930129,-0.03143367,-1.139653527,0.341586357,WR,MWC,0.975192065
Daryl Barnett Jr.,Toledo,-2.796161117,2.626963727,-0.646430503,3.645238796,0.146355002,-0.126148215,-0.842636516,0.098601517,-0.173388627,-0.239466156,0.140438662,WR,MAC,0.975183925
Lavon Brown,Colorado State,-1.77242764,1.197521827,-0.587855601,0.395782885,0.019255609,-0.085797078,-0.459180432,-0.039141548,-0.035026175,-0.259927345,0.154145586,WR,MWC,0.974781654
Clark Sanderson,Clemson,-2.622210012,1.519075963,-0.518172759,1.651471297,0.355821988,-0.40866106,-0.883364488,-0.082547702,-0.026828253,-0.247541075,0.195572372,WR,ACC,0.974760425
Seth Anderson,Iowa,-2.036633634,0.819490304,-0.534354826,0.376708301,0.223805702,-0.427378109,-0.453586432,-0.225747121,0.09822569,-0.635132747,0.180795671,WR,B1G,0.974707859
Collin Payne,Central Michigan,-2.21514707,1.088113841,-0.476603039,0.007500211,0.719678466,-1.100540002,-0.843366423,-0.467766721,0.252936251,-1.870970793,0.539253618,WR,MAC,0.974607192
Cole Adams,Alabama,-2.175313552,1.351945032,-0.644252446,1.330791191,0.221246251,-0.463296769,-0.553533224,-0.272959764,0.103395914,-1.177191513,0.224172396,WR,SEC,0.974502852
Jason Fowler,Northern Illinois,-2.178809631,0.627832747,-1.017238512,1.864523119,-0.125287605,0.137279886,-0.582347021,0.037738124,-0.080103318,0.486982741,-0.006413897,TE,MAC,0.974072542
Jojo Phillips,BYU,-1.989113098,0.99086024,-0.516086134,0.293643946,0.178220498,-0.276075907,-0.434919734,-0.140193105,0.070740312,-0.229416054,0.264412762,WR,B12,0.973950802
Joseph Bearns III,Charlotte,-2.350144352,-0.505188409,-0.879012126,0.1551385,-0.170638645,0.359533632,-0.52959183,0.086588755,-0.156907631,0.379022392,0.056395909,TE,AAC,0.973600674
Stone Eby,SMU,-2.567183162,-0.458751859,-0.923010234,0.531171962,-0.211568355,0.542703782,-0.707474251,0.242606292,-0.280248496,0.764583569,0.057349896,TE,ACC,0.973577384
Dozie Ezukanma,TCU,-2.443102865,-0.260764063,-0.806690927,0.477270794,-0.190987709,0.525422824,-0.68304324,0.207953985,-0.183888685,1.569601369,0.043654008,WR,B12,0.97357591
Ryan Ghea,Auburn,-2.12005877,0.777789336,-0.778012037,1.913288826,2.212484391,1.236590302,-0.573399234,-0.417495962,-0.428729053,-0.563165717,0.109195046,TE,SEC,0.973385437
Jayden McGowan,Charlotte,-1.452095678,-0.503929212,-0.779109774,-0.660579572,0.004974121,-0.337320093,-0.359459879,-0.312150236,0.11785364,-1.478287755,0.199082263,WR,AAC,0.973174563
Landon Baptiste,Louisiana,-2.483707016,0.824092835,-0.89785749,1.661885127,0.112264132,-0.274004976,-0.668222603,-0.112353575,-0.115313317,-1.849862395,0.137417315,WR,SBC,0.972965503
Ty Lockwood,Boston College,-2.639778586,1.074126244,-0.784181757,2.014957999,0.001961364,0.118795437,-0.796630348,0.14286886,-0.229226057,-0.117151437,0.101614936,TE,ACC,0.972810005
Marquez Taylor,UTEP,-1.808632228,-2.768078639,-0.773565121,-0.713010005,-0.568848067,0.603638515,-0.196417487,-0.183721718,-0.0184972,-0.820875532,0.061112417,RB,CUSA,0.972439427
Fred Robertson,Louisiana Tech,-2.040157258,-2.10450756,-0.741189049,-0.690549902,-0.016588219,-0.075558847,-0.605341684,-0.201695762,0.032331369,-0.297489428,0.068899479,RB,CUSA,0.972143183
Luke Harpring,Georgia Tech,-2.000284736,1.949005623,-0.518044948,1.456620262,-0.034333372,0.103852134,-0.618892376,0.126795141,-0.147407648,0.431795554,0.089860556,TE,ACC,0.97179427
Jayvontay Conner,East Carolina,-1.896735024,1.994740517,-0.455355881,0.487502271,0.156317727,-0.261467808,-0.376443351,-0.072220301,-0.016001308,-0.164515543,0.058096882,TE,AAC,0.971379176
Dan Dishman,UTSA,-2.216208149,1.442344489,-0.518737889,0.809799276,-0.017708921,0.138127399,-0.477762061,0.115027005,-0.162766377,0.362064369,0.03610924,TE,AAC,0.971345266
Bennett Christian,Ohio State,-2.545301018,0.448589302,-0.720122964,0.819777166,0.05187084,0.104963289,-0.616695735,0.129758483,-0.180489037,0.599619427,0.010974504,TE,B1G,0.970994964
Gi'Bran Payne,Notre Dame,-1.320570777,-2.496611908,0.01971433,0.033825617,-0.649609016,0.501549988,0.218763979,-0.402827011,0.218481549,-0.741589613,0.072738431,RB,Ind,0.970699916
Jelani Thurman,Ohio State,-2.490022593,2.07219763,-0.505136336,2.22839538,-0.005287205,0.136433097,-0.613261255,0.168379505,-0.189068574,0.529208776,0.046415353,TE,B1G,0.970559373
Lane Wadle,Georgia State,-1.976965683,0.091609572,-0.721540429,0.55243189,2.176443936,1.348320381,-0.446542871,-0.398095517,-0.450432171,-0.659983806,0.178534918,TE,SBC,0.969371262
Max Bredeson,Michigan,-2.415545075,-0.427023881,-0.943940147,0.476256156,-0.177681696,0.372071886,-0.621737161,0.114280511,-0.202503752,0.183783312,0.050099067,TE,B1G,0.969206307
Kaleb Mathis,Colorado,-2.200117268,0.747298541,-0.879677999,1.647760835,0.160332399,-0.487264557,-0.633346678,-0.295126842,0.064437057,-1.770521965,0.147316495,WR,B12,0.968588077
Ezavier Staples,UCLA,-2.479803138,0.908051269,-0.795152659,1.914090696,-0.057752236,0.143040186,-0.720497352,0.098668559,-0.180119569,-0.134517057,0.136573071,WR,B1G,0.968555267
Tyshawn Russell,Syracuse,-1.909814321,0.913513316,-0.632258478,0.662342018,0.173742906,-0.347773306,-0.600527246,-0.156643553,0.062005598,-0.459174672,0.243546403,WR,ACC,0.968162228
Javarius Green,North Carolina,-1.928651546,0.632921387,-0.642497012,0.449115177,0.170257774,-0.390728935,-0.530217864,-0.26741196,0.131076967,-0.793086988,0.258812524,WR,ACC,0.968006955
Justyn Reid,Tulane,-2.198581455,1.691905086,-0.363549442,0.375930029,0.198107378,-0.168282718,-0.463266621,0.0185169,-0.082644278,-0.101378766,0.163811051,TE,AAC,0.967890686
Nate Kurisky,Louisville,-1.785895972,1.816662834,-0.375611833,0.205467087,0.041308757,-0.154258934,-0.222685815,-0.093320912,-0.022043706,-0.644707476,0.068375809,TE,ACC,0.96787647
Dylan Goffney,SMU,-2.123574744,3.145458245,-0.377880696,2.279440778,0.18200838,-0.277042345,-0.674961117,0.054085226,-0.13684602,-0.567921125,0.1342485,WR,ACC,0.967755384
Ty Washington,Notre Dame,-2.315981462,2.039299686,-0.535895788,2.046137702,0.035508333,-0.010552623,-0.577562799,0.072740882,-0.112852094,0.241940585,0.083832135,TE,Ind,0.967437614
Roy Alexander,Texas Tech,-1.767841458,-0.429690212,-0.990908482,0.53602659,0.696066625,0.463163517,-0.429144754,-0.270434233,0.019630129,0.75824952,0.091830805,WR,B12,0.967000398
D'Andre Rogers,TCU,-1.609763706,2.620223059,-0.203942963,0.268642962,0.095653584,-0.254807959,-0.21489593,-0.137004334,0.027140283,-0.659580172,0.10060967,TE,B12,0.966953922
Dylan Gary,Georgia Southern,-2.249544119,-0.068912442,-0.872757563,0.157553694,0.088504561,-0.197890897,-0.474269175,-0.20452227,0.019876857,-1.414412892,0.295009079,WR,SBC,0.966908359
Connor Lair,Missouri State,-2.082463918,-0.269355769,-0.396720374,-0.163274852,0.90907877,0.279402346,-0.468490242,-0.224272092,-0.140335381,-0.399277106,0.089501803,RB,CUSA,0.9667782
Josh Smith,Tulsa,-2.507168897,0.174838844,-0.58720662,-0.216181976,0.250954166,-0.296403324,-0.518321353,-0.250604051,0.079731449,-1.01527793,0.326180835,WR,AAC,0.966599517
Max Dowling,Massachusetts,-1.670400933,1.54497652,-0.12941201,-1.467812448,0.475540162,-0.750983003,0.007726715,-0.403876469,0.309458861,-0.411261972,0.27363485,TE,MAC,0.966594412
Ryan Wolfer,San Diego State,-2.638441985,2.596860739,-0.644295434,3.13841308,0.488302039,-0.743405378,-0.924570381,-0.129808401,-0.002768019,-1.113831998,0.249005937,TE,MWC,0.966498354
Cameron Monteiro,Akron,-1.590191729,0.019010236,-0.881867968,-0.032050429,0.210811323,-0.622401657,-0.576598881,-0.475092191,0.290721629,-1.418792149,0.375846581,WR,MAC,0.966406531
Willie Shaw III,Toledo,-0.8328884,-2.220477289,0.627384162,0.516079032,-0.706824356,0.328107153,0.17601372,-0.424310076,0.270657351,-0.82987934,0.100843955,RB,MAC,0.966218699
Will Swanson,Kansas State,-2.44071649,2.369710078,-0.441476233,2.143981598,0.04204305,0.065058595,-0.614366226,0.161499768,-0.193316174,0.432222902,0.0277146,TE,B12,0.966084242
Markeston Douglas,Florida State,-2.086247251,0.403156858,-0.816145219,0.653367584,-0.090618493,0.111318706,-0.513237902,-0.034503098,-0.05808534,-0.070283544,0.092923195,TE,ACC,0.965993873
Donovan Faupel,New Mexico State,-1.06788669,3.379199414,0.035939047,-0.46787082,0.438425608,-0.945196629,0.157833163,-0.449431388,0.380174336,-0.647064954,0.217386851,WR,CUSA,0.965512251
Ty Robinson,Ball State,-2.053937957,1.467844455,-0.667036768,1.444232211,0.0379468,-0.055129862,-0.508056901,-0.004751176,0.001770126,0.710299922,0.09337537,WR,MAC,0.965482903
Dominic Overby,Iowa State,-2.177713719,0.360636029,-0.765941181,0.41945038,0.072754791,-0.061365444,-0.501325661,0.039097224,-0.089825947,0.275744172,0.050632492,WR,B12,0.965222697
Max Drag,UCF,-2.439345466,-0.379255989,-0.972705444,0.650006095,-0.107696016,0.235353323,-0.61306984,0.098428173,-0.184319595,0.280747353,-0.038798712,TE,B12,0.964680234
Dorian Boyland,Ohio,-1.790835782,-2.110596873,-0.27534231,0.20327369,-0.777662747,0.841449757,0.504121895,-0.431423469,0.200448497,-1.044132966,0.041130139,RB,MAC,0.964365232
Cace Reed,Southern Miss,-2.131182302,-4.668195181,-1.591895338,-3.117534936,-0.625868602,0.946757338,-0.395204769,0.041184802,-0.285707929,-0.891470708,-0.01783607,WR,SBC,0.964328843
Shamar Easter,North Carolina,-2.51018632,-0.542328215,-0.979434219,0.383782352,-0.16180621,0.445071116,-0.700522632,0.214223389,-0.266972882,0.523613795,0.074497791,TE,ACC,0.964050531
Donnell Gee Jr.,Tulsa,-1.779204511,0.766776327,0.214481385,0.343212534,0.01908651,-0.106497099,0.488610519,-0.832237161,0.711130743,-0.855482189,0.72139498,WR,AAC,0.963994587
KK Smith,Notre Dame,-2.392108533,1.584358355,-0.452238566,1.016482596,0.097627485,0.018944992,-0.511476198,0.068322976,-0.089741858,0.709268074,0.066203385,WR,Ind,0.963944866
Josiah Abdullah,Virginia,-2.039772999,-2.955232195,-1.290739639,-1.713848003,-0.229909284,0.269568761,-0.494596793,-0.130690035,-0.069500886,-0.893337253,0.151539485,WR,ACC,0.96374908
Micah Davis,Southern Miss,-0.877238137,-0.129110048,-1.070207568,0.552765822,-0.61427842,0.411749223,-0.680990151,-0.018432784,-0.152262746,-1.099958664,-0.003031385,WR,SBC,0.962568735
Kylan Fox,UCF,-1.970710522,-0.256431459,-0.844840593,-0.447627672,-0.101986275,0.142651618,-0.40096463,-0.02430216,-0.089893256,-0.31469464,0.088102403,TE,B12,0.96200168
Lyndon Ravare,Kennesaw State,-1.701867043,0.408637837,-0.670916284,-0.389524382,0.191751724,-0.510001801,-0.307928311,-0.400227877,0.223513869,-1.245843327,0.264789332,WR,CUSA,0.961381557
Eli Wood,Virginia,-1.937032862,1.295639029,-0.625757518,0.320965887,0.119546262,-0.294555702,-0.416656252,-0.250593808,0.099320379,-0.926915668,0.214871235,WR,ACC,0.9612816
Bryce Baker,Georgia Southern,-1.88799846,-2.493681282,-0.374625122,-0.763042481,0.013816332,-0.262376761,-0.32440427,-0.484431322,0.280148977,-0.420690664,0.067712497,RB,SBC,0.96115283
Michael Smith,South Carolina,-2.442188059,1.861034632,-0.655291471,2.301595262,-0.057784221,0.201805422,-0.627614241,0.167287079,-0.18930454,0.673513831,0.020322745,TE,SEC,0.960763838
Jaden Reddell,Georgia,-2.455593006,-0.569925055,-0.955528428,0.491572555,-0.223965104,0.445124632,-0.620396273,0.107270774,-0.194304464,0.21877283,0.071570989,TE,SEC,0.960564711
Henry Boyer,Kentucky,-2.386072686,0.130872854,-0.809398619,0.7167342,-0.163081513,0.395098683,-0.642420586,0.154863422,-0.203384056,0.579314848,0.062907574,TE,SEC,0.960286159
Winn Sharp,Bowling Green,-2.262949179,-2.701883207,-1.223174274,-1.862558953,0.123459381,-0.247838881,-0.467999586,-0.387641892,0.136871824,-1.748783286,0.388860836,WR,MAC,0.960243419
Henry Dryden,Central Michigan,-2.177899489,-0.13654795,-0.87014434,0.100091303,-0.071131331,0.177964993,-0.54460669,0.059164646,-0.152964779,-0.216325348,0.156206489,TE,MAC,0.960005196
Jaime Ffrench,Texas,-2.317323186,-0.166713602,-1.156588799,1.167368814,-0.154137693,0.201414812,-0.583137285,0.039730238,-0.146648833,-0.174531694,0.00356107,WR,SEC,0.959995786
Landen King,Duke,-2.156351269,3.995128937,-0.158496901,2.523065696,0.320628951,-0.536705379,-0.646131613,-0.007385563,-0.107169336,-0.902640351,0.04935538,TE,ACC,0.959995041
Max Whisner,Akron,-2.491733612,1.108244612,-0.602359813,1.464067149,-0.076372316,0.207622746,-0.498904062,0.039648198,-0.103212062,0.511238086,0.013952308,TE,MAC,0.95917509
Porter Rooks,Eastern Michigan,-1.570192247,0.668276062,-0.712391937,-0.407393563,0.123725654,-0.339502757,-0.294549724,-0.271187213,0.167210487,-0.52535289,0.220861237,WR,MAC,0.959046076
Olsen Patt-Henry,Clemson,-2.210319443,0.952479948,-0.576615995,0.39517051,0.132233476,-0.167348352,-0.426391711,-0.079613721,-0.030468394,-0.35207583,0.118469703,TE,ACC,0.958616437
Kory Pettigrew,South Florida,-2.458844942,1.491256979,-0.75741906,2.433426323,0.027057372,-0.052617733,-0.668016698,-0.011120449,-0.071988757,-0.045795383,0.070426294,WR,AAC,0.958413967
Cole Weaver,Miami (OH),-0.925182158,1.386099122,-0.368029141,-1.735363404,0.349034386,-0.790971597,-0.063201739,-0.436521345,0.332958494,-0.916167085,0.295994212,WR,MAC,0.958396456
Rico Walker,Purdue,-2.09302662,0.34157764,-0.783746152,0.364535298,-0.069147073,0.145732421,-0.554963502,0.028943878,-0.094764441,0.319844483,0.066305354,TE,B1G,0.95824632
Cody Hagen,BYU,-1.880363378,-0.490747951,-0.72695306,-0.233388965,-0.083645623,0.015423225,-0.507551184,-0.090510502,-0.03284677,-0.386733849,0.105596541,WR,B12,0.957711756
Deakon Tonielli,Michigan,-2.043390305,0.220140836,-0.828201138,0.254574629,0.019585665,-0.088191729,-0.545100896,-0.123916716,-0.010824734,-0.281535576,0.04578183,TE,B1G,0.957589805
TJ Johnson,Old Dominion,-2.339337251,1.670637137,-0.474604469,1.161662585,0.263831986,-0.292848213,-0.66824211,-0.046975187,-0.031968256,-0.398009396,0.313683054,WR,SBC,0.956615267
Jimmy Calloway,Tulane,-2.146171023,0.212953855,-0.634180025,-0.113356863,0.1586386,-0.206512913,-0.614483127,-0.123197198,0.001714567,-0.465026887,0.221926331,WR,AAC,0.956550996
Brock Schott,Miami,-2.319128105,-0.193946618,-0.945430927,0.677304131,-0.071387203,0.200730928,-0.683226023,0.080427472,-0.137237183,0.330867599,0.132568779,TE,ACC,0.956027357
C.J. Stokes,Charlotte,-1.075119706,-3.296486863,-0.01107529,-0.284135598,-0.154837061,-0.495112958,-0.025338586,-0.766251928,0.582494294,-0.736928417,0.171389212,RB,AAC,0.955404487
Julian Nixon,UL Monroe,-1.892935062,1.882560303,-0.359024415,1.049747551,0.071059704,-0.21864817,-0.509923776,-0.089979307,-0.068642302,-1.27425218,0.18392673,TE,SBC,0.955198042
Charles Montgomery,Southern Miss,-1.562497948,2.134795351,-0.37841622,0.107564404,0.061487871,-0.29213941,-0.300869341,-0.172587369,-0.006849486,-1.356996046,0.057828487,WR,SBC,0.954892351
Tyson Carter,Florida International,-2.260645062,-1.597871644,-1.018577718,-1.008825797,0.05831,-0.084907144,-0.622794631,-0.185833814,-0.015013784,-1.209381731,0.289314563,WR,CUSA,0.954472087
Brandon Frazier,Auburn,-2.265166832,1.041974384,-0.692687781,1.336272812,-0.028345363,0.088303354,-0.56607191,0.037572401,-0.08956287,0.287499764,0.099368936,TE,SEC,0.9544405
Jake Johnson,North Carolina,-1.817324822,0.744616908,-0.661823713,0.194842469,-0.055091494,-0.020311617,-0.369244893,-0.090868763,-0.018299692,-0.484081292,0.121506597,TE,ACC,0.954355738
Ethan Conner,Troy,-1.377340652,1.760548261,-0.378675331,-0.487990495,0.26357872,-0.621849156,-0.077687074,-0.369672191,0.26876425,-0.65615382,0.193773855,TE,SBC,0.953947849
Kyre Duplessis,Delaware,-0.991334813,1.976703534,0.267437444,-1.99687049,0.381220567,-0.740728218,0.014459447,-0.437922534,0.273049739,-1.205990814,0.221088852,WR,CUSA,0.953475755
Johnny Pascuzzi,Tulane,-2.403826434,1.034732503,-0.521663733,0.696550367,0.181712426,-0.073695996,-0.70867719,0.024175588,-0.049046429,0.510117004,0.256760132,TE,AAC,0.952939356
Brady Kluse,Memphis,-1.845368914,3.356581945,-0.284756501,1.6707699,0.22933426,-0.501234549,-0.477383002,-0.201986723,0.049528832,-1.356440815,0.217530619,WR,AAC,0.952729876
Cameron Wright,Coastal Carolina,-1.203798716,2.861597326,-0.196061925,-0.01989642,0.298003505,-0.710321613,-0.271465112,-0.418161148,0.292751266,-1.018777054,0.301053437,WR,SBC,0.952319005
Lamar Sperling,Buffalo,-0.825955376,-1.963643929,1.048869274,0.944810278,-0.799423471,0.517170252,0.338165056,-0.344960242,0.144978951,-1.401626528,0.101324989,RB,MAC,0.952210644
Ryan McConnell,Colorado State,-2.603931084,1.3665666,-0.847583245,2.207887826,0.060999183,0.003214385,-0.7943947,0.117430606,-0.228316914,-0.742308916,0.219362622,TE,MWC,0.952125347
Shandon King,North Texas,-2.385904637,0.424092449,-0.918464819,1.43300344,0.013685844,-0.176084887,-0.624260049,-0.181557489,-0.062608368,-1.808977622,0.128622666,WR,AAC,0.951996013
Jackson Verdugo,Florida International,-2.212249316,-0.16421382,-0.780837705,-0.302579336,0.128780593,-0.220217577,-0.410704243,-0.198553218,0.022483624,-1.142521532,0.238417847,TE,CUSA,0.951782511
PaSean Wimberly,Bowling Green,-1.470970931,-2.142020325,0.327691261,0.545515521,-0.969552219,1.00458679,0.740577233,-0.466724161,0.25707232,-1.11234583,0.139964249,RB,MAC,0.951774165
Reese Smith,Liberty,-1.490008566,2.165142119,-0.39244332,0.028607254,0.086831439,-0.28649579,-0.286140583,-0.17347533,0.059734242,-0.743708018,0.144504805,WR,CUSA,0.951764903
Ryder Treadway,Toledo,-1.719316784,3.189507923,-0.288588348,1.238678808,0.109889842,-0.270385387,-0.331315913,-0.066726625,-0.001737988,-0.397576136,0.112750574,WR,MAC,0.951735529
Aziah Johnson,North Carolina,-1.999694666,0.315855211,-0.679516966,0.131392339,-0.070994868,0.049209447,-0.500292919,-0.073214145,-0.061640741,-0.593653961,0.138002027,WR,ACC,0.951462608
Joshisa Trader,Miami,-2.094029539,1.656113844,-0.426370447,0.495178712,0.344861757,-0.55796286,-0.444246315,-0.273116077,0.140043482,-0.779566634,0.239414293,WR,ACC,0.951036094
Antonio Ferguson,UAB,-2.05797609,1.206960483,-0.655416619,0.760443244,0.012916182,0.014398927,-0.579821335,0.015941695,-0.08998334,-0.102928677,0.152707486,TE,AAC,0.950848275
Jayden Moore,Duke,-1.909909881,-0.622333558,-1.071553293,0.078602214,-0.028710464,-0.129704657,-0.470436053,-0.204926745,0.048369505,-1.023774375,0.221869672,WR,ACC,0.950627174
Leon Haughton Jr.,Maryland,-2.569260074,0.953748057,-0.677737616,1.52608078,-0.082051666,0.249709106,-0.627898096,0.108302775,-0.173404583,0.281508086,0.066733113,TE,B1G,0.950512197
Rico Powers Jr.,UL Monroe,-1.678816413,0.092847414,-0.979075008,0.539248254,0.199398925,-0.621112483,-0.564933556,-0.427664561,0.230927936,-1.646428589,0.347070196,WR,SBC,0.950130447
David Mbadinga,Georgia Southern,-0.803283306,-2.284433721,1.067767059,0.23195521,-0.148692524,-0.493369883,-0.214832383,-0.523712611,0.398527881,-0.573381704,0.209709175,RB,SBC,0.949943983
Micah Barnett,Rice,-1.822963907,-2.618234767,-1.208097861,-2.153758967,0.172885245,-0.278440265,-0.57999586,-0.304089469,0.198653303,-0.309871546,0.431881799,TE,AAC,0.949734917
Justin Wolf,Western Kentucky,-2.58882126,0.673141887,-0.814398004,1.607477199,-0.063355104,0.217857206,-0.754626058,0.15622887,-0.256989567,-0.376970282,0.17044689,TE,CUSA,0.949728941
Marshall Pritchett,Alabama,-2.017094131,-0.274494104,-0.977319682,0.386312878,-0.218951711,0.356130537,-0.503533844,0.109660397,-0.131730043,0.687899779,0.051957385,TE,SEC,0.949235775
Caleb Ryan,Liberty,-2.501970317,2.355167511,-0.323176441,1.49734656,0.561086098,-0.69108413,-0.876158206,-0.162730735,0.052721353,-1.007039184,0.520919654,TE,CUSA,0.948997948
Tyson Davis,Central Michigan,-1.263228003,3.586861114,-0.032015802,0.110701177,0.257687832,-0.566687846,-0.201595086,-0.244250715,0.150461833,-0.651520247,0.147827666,WR,MAC,0.948948441
Elijah Moore,Florida State,-2.426000927,0.136628687,-0.832317965,0.693899858,0.021495695,0.068208528,-0.726880739,0.006949586,-0.117031328,-0.429704099,0.25921106,WR,ACC,0.948763423
Jaydon Johnson,Louisiana,-2.336475221,0.44007194,-0.785318458,0.822029589,0.12557457,-0.243430767,-0.6593277,-0.180059841,-0.014141031,-1.304210671,0.21999767,WR,SBC,0.947741163
Tyler Moore,Iowa State,-2.266131018,1.597574747,-0.613829261,1.607331178,-0.106447215,0.323593699,-0.573550785,0.212625256,-0.167936992,1.3671602,0.021303435,TE,B12,0.94770993
Johncarlos Miller II,Texas Tech,-2.127659181,1.300610586,-0.547053619,0.885107528,-0.047961217,0.1143578,-0.456580408,0.046334426,-0.09989941,0.399338094,0.015626283,TE,B12,0.945667594
Cooper Alexander,Iowa State,-2.320380894,-0.902284066,-1.07937054,-0.265534717,-0.062204083,0.188190464,-0.578480535,0.02268103,-0.143202179,-0.770555867,0.320357524,TE,B12,0.945036585
Judah Ezinwa,UTEP,-2.203632445,1.532659475,-0.430899335,1.294777035,0.35420079,-0.610532984,-0.769113515,-0.300019211,0.151406235,-0.819917418,0.286941435,TE,CUSA,0.944995795
Jahzae Kimbrough,Kent State,-1.345569328,-2.56242215,0.03893088,-0.322483999,0.210708617,-0.852028848,-0.313157771,-0.739068396,0.592382558,-0.336023442,0.260883846,RB,MAC,0.944770247
Kaleb Brown,UAB,-1.836058225,3.01159564,-0.255984606,1.809767243,0.247862023,-0.480661924,-0.537431153,-0.110325069,0.046529327,-0.292526746,0.152131675,WR,AAC,0.944712146
Christian Hamilton,West Virginia,-2.313819806,0.647695579,-0.61271338,0.635762557,0.010017079,0.141222647,-0.637898751,0.070943206,-0.093169039,0.68987774,0.158168274,WR,B12,0.944561773
Eamonn Dennis,Ohio,-2.273353442,-1.784924892,-1.137328225,-0.596665615,-0.33332401,0.531359583,-0.560324219,0.080480517,-0.234413327,-0.404560339,0.038721574,WR,MAC,0.944003413
Taven Curry,Akron,-1.36730101,-1.996135686,0.08278022,0.498334845,-1.006304127,1.044532286,0.662916261,-0.409755769,0.260661942,-0.554700947,0.124091064,RB,MAC,0.943861086
Terrell Timmons Jr.,Colorado,-2.434884981,1.468648806,-0.54942816,1.53927465,0.092720845,0.04561513,-0.748730095,0.135741195,-0.148005067,0.670196845,0.15106139,WR,B12,0.94383873
Jacob Bostick,San Diego State,-1.767193956,1.708714754,-0.537832963,0.643703707,0.247978038,-0.557375649,-0.414134356,-0.326186017,0.192397769,-1.02192009,0.295134375,WR,MWC,0.943426849
Eli Green,Iowa State,-2.082728837,1.398183101,-0.576457472,0.97002236,0.137817146,-0.317819583,-0.572032414,-0.203999543,0.01901084,-1.350377813,0.209977631,WR,B12,0.943271488
Jack Larsen,Notre Dame,-2.308322613,-1.768188811,-1.035831897,-1.070731172,-0.099397116,0.268767628,-0.605107818,-0.002257891,-0.133117589,-0.257783377,0.191817651,TE,Ind,0.943251511
Shawn Simeon,Toledo,-2.182034838,-1.667580225,-0.086206224,0.863105615,-1.274724326,1.785362438,1.409211385,-0.525235679,0.330448126,-0.493366203,0.085428319,RB,MAC,0.943250692
Adonis Moise,Kansas State,-2.12116999,-0.561309579,-0.419182691,0.175361051,-0.04752613,-0.031198168,-0.254882089,-0.391495631,0.155351548,-1.171342031,0.150211868,WR,B12,0.942450628
Carson Kent,Oklahoma,-2.080819414,2.478827695,-0.52137481,1.950658428,0.090265518,-0.263242689,-0.552015035,-0.087866265,-0.066089013,-1.005784467,0.057254719,TE,SEC,0.942348318
Logan Saldate,Notre Dame,-2.206156903,-4.420860073,-1.547959635,-3.141928859,-0.616010356,1.011248463,-0.410554415,0.068665961,-0.287878934,-0.674667529,0.030623083,WR,Ind,0.942298164
C.J. Smith,Memphis,-2.182685256,-1.544991002,-1.269321531,-0.038639825,-0.407477445,0.4915886,-0.511146154,-4.60E-05,-0.214313287,-1.120205326,0.001401918,WR,AAC,0.942218089
Caleb Gossett,Ohio,-2.089653473,0.532160639,-0.622023405,-0.228027282,0.132046341,-0.157911526,-0.45234695,-0.136994639,0.015791561,-0.641121835,0.269511701,WR,MAC,0.942059161
Douglas Emilien,Kansas,-2.323443727,0.39304088,-0.864511237,1.114042681,-0.069123002,0.131298707,-0.618484281,0.06881897,-0.160918486,-0.135733934,0.07219399,WR,B12,0.941961235
Brady Hunt,South Carolina,-1.941443873,0.938891134,-0.612107661,0.229827403,0.029863246,-0.105506991,-0.404234171,-0.065642252,-0.060466658,-0.583798598,0.05337908,TE,SEC,0.941019708
Luke Mcgary,Houston,-2.125097702,0.073355227,-0.802361094,-0.150090511,-0.076384403,0.124106744,-0.472319901,-0.031359671,-0.115264983,-0.784206184,0.157626882,TE,B12,0.940441199
Terrence Lewis,North Texas,-2.121847946,2.975117201,-0.002498729,1.015379175,1.073148153,0.053395962,-0.294266497,-0.220889145,-0.100485295,-0.501888718,0.117602042,WR,AAC,0.940115908
Tyler Little,Arkansas State,-2.277068969,1.177040678,-0.657912225,1.285313195,0.018897266,-0.007341738,-0.558044701,0.022794894,-0.108695164,-0.264204849,0.130300478,TE,SBC,0.939955859
Bryson Rodgers,Ohio State,-2.141836883,1.007299447,-0.767550728,1.172628528,0.168384509,-0.368393575,-0.564337212,-0.207270412,0.056689596,-0.830756968,0.149782673,WR,B1G,0.939787464
Kelsey Johnson,Baylor,-2.292720073,-0.570292506,-0.861114516,-0.057948707,-0.095123809,0.176150323,-0.552860428,-0.030299304,-0.10550859,-0.331678838,0.098644779,TE,B12,0.939625521
Oliver Lundberg-Coleman,UConn,-1.254629832,-2.179776919,0.515045969,0.512260772,-0.249978632,1.558633628,0.537587156,-0.332019039,-0.050456611,-0.732266374,0.033784404,RB,Ind,0.939156744
Tripp Walsh,Iowa State,-2.440693415,-0.319110239,-1.03533627,0.799449339,-0.163852561,0.348466798,-0.651320884,0.103337965,-0.181903744,0.23956916,0.069010622,TE,B12,0.938976636
David Clerk,Army,-1.992974303,-1.817645567,-0.152875071,0.703350474,-1.334854835,1.788053913,1.420058278,-0.546717312,0.372240262,-0.561232559,0.182372814,WR,AAC,0.938956313
Chase Penry,Boise State,-1.568397279,2.375163186,-0.461771413,0.890184997,0.094071029,-0.312554181,-0.489911635,-0.20299416,0.09545758,-0.60522297,0.199196752,WR,MWC,0.938504543
Matthew Klopfenstein,Baylor,-2.189240422,0.776829521,-0.723444294,0.895665182,-0.092220411,0.144143321,-0.488214014,0.01200821,-0.099446034,0.076840731,0.031258866,TE,B12,0.938345102
JoJo Earle,UNLV,-1.746691549,0.88374409,-0.45107096,-0.412802109,0.068541833,-0.16699998,-0.431934994,-0.112776077,-0.013094639,-0.722938555,0.191130741,WR,MWC,0.93801305
Camden Kruisenga,Central Michigan,-2.940647936,3.608128304,-0.319543022,3.839862862,0.553539024,-0.633850703,-1.107374989,-0.007822606,-0.040318008,-0.365159128,0.409071587,WR,MAC,0.937933778
David Larkins,App State,-2.011074916,0.879352676,-0.584867451,0.025598348,-0.026308407,0.00805569,-0.272924832,-0.059085656,-0.064503078,-0.451421311,0.027941995,TE,SBC,0.937424018
Daijon Calimon,Nevada,-1.976963279,-1.056069968,-1.122643948,-0.416831193,0.007955535,-0.114764984,-0.513940444,-0.190209794,0.053575229,-0.574844435,0.169395952,WR,MWC,0.936968376
Hunter Hopperton,Kent State,-2.270599734,-0.681184973,-0.963694471,0.067695534,-0.153944916,0.258322299,-0.549537627,0.002471878,-0.127047496,-0.237497252,0.080660895,TE,MAC,0.936730406
Eni Falayi,Wake Forest,-1.990529245,1.623793222,-0.461384807,0.615774056,0.088488324,-0.158078986,-0.439759012,-0.052290047,-0.051164584,-0.477291985,0.107149309,TE,ACC,0.936454832
Iverson Young,Missouri State,-1.888838616,-0.629132685,0.008292642,1.024550887,0.241504366,-0.682891737,-0.557692226,-0.434314212,0.128611247,-1.844577921,-0.033524369,RB,CUSA,0.936404749
Keenan Arcega-Whiteside,Rice,-2.542242892,2.647636382,-0.839484745,3.903798192,0.287453564,-0.61483251,-0.781571421,-0.127103301,-0.057585266,-1.611278555,0.077643185,WR,AAC,0.935902394
Ny Carr,Miami,-2.448001895,0.436765016,-0.802692198,1.040393859,0.029549572,0.035902629,-0.719829774,0.007109788,-0.11123055,-0.36648215,0.216552213,WR,ACC,0.935199016
Marcus Burke,UCF,-1.82501407,0.685624073,-0.651170626,0.202764499,0.181278228,-0.3991948,-0.554899305,-0.254787039,0.119404735,-0.896684749,0.306964313,WR,B12,0.935137671
Malachi Durant,Oregon State,-2.601428416,2.066103126,-0.683203342,2.637430987,0.005922075,0.047857385,-0.681473579,0.146780399,-0.265753268,-0.737283769,0.091534021,WR,PAC,0.934736986
Patrick Gurd,Cincinnati,-2.456653334,-0.447023128,-0.912581381,0.42557748,-0.118046314,0.313364029,-0.665124211,0.090448996,-0.169454838,0.235260208,0.123340073,TE,B12,0.933844189
Nolan James Jr.,Notre Dame,-1.716495666,-3.103900009,-0.657985096,-0.795840389,-0.271678298,0.075078904,-0.289881041,-0.403609727,0.166361324,-0.986273933,0.086560347,RB,Ind,0.933599292
Josiah McLaurin,Maryland,-2.424752847,-0.374589657,-0.959879445,0.307046911,0.047991123,-0.020203066,-0.760994345,0.009697141,-0.163996189,-0.893082671,0.181932619,RB,B1G,0.933155892
Petey Tucker,Colorado State,-1.869124384,1.126969656,-0.623423881,0.316478425,0.191505993,-0.260212921,-0.785718615,0.006111497,-0.08960024,-0.48441217,0.263952934,WR,MWC,0.932951261
Hayden Large,Iowa,-2.196737032,-0.472546934,-0.95251982,0.264562369,-0.193554536,0.289464429,-0.555993205,0.033554836,-0.156815647,-0.276983855,0.061913579,TE,B1G,0.932828476
Jeyquan Smith,South Florida,-2.050760736,1.151297232,-0.520805672,0.302337589,0.347848007,-0.583298099,-0.610740979,-0.316751325,0.148970549,-1.171097991,0.342852222,WR,AAC,0.932632958
Brendon McQueen,Missouri State,-2.04424239,-2.974805614,-1.422057063,-1.687155832,-0.239428,0.256225912,-0.508216503,-0.142107697,-0.084111555,-1.321157521,0.160118639,WR,CUSA,0.932009118
JoJo Stone,Florida International,-1.387095112,1.070267135,0.013561155,-1.353746833,0.385937409,-0.693320076,-0.050162922,-0.47357477,0.31231306,-0.879756366,0.243554382,WR,CUSA,0.931836463
Andre Greene Jr.,Virginia,-2.354334943,-0.21127239,-0.959279786,0.584260117,-0.120995024,0.223834518,-0.597491993,0.044307497,-0.167881478,-0.401001382,0.107530949,WR,ACC,0.931577554
Jacob Newell,Akron,-1.793128118,-0.627081506,-0.806590012,-0.988138783,-0.087997443,-0.014884112,-0.241676383,-0.213125499,0.044975575,-0.838455876,0.096267936,TE,MAC,0.931195267
DeJuan Lacy,East Carolina,-1.412874711,-2.059560305,0.18591006,0.535790853,-0.683185438,0.419896343,0.369125067,-0.616962706,0.371655874,-1.572201023,0.191477466,RB,AAC,0.931139887
George Burhenn,Purdue,-2.092011386,0.571139974,-0.747556096,0.976532198,-0.077120517,0.054829327,-0.558397414,-0.03749135,-0.065967113,-0.244488098,0.095680747,TE,B1G,0.930226234
Max Ware,Hawai'i,-1.878010185,-1.486166755,-1.046051198,-0.859677809,0.115999808,-0.355640814,-0.508368927,-0.356947756,0.187057937,-0.823852328,0.229716083,WR,MWC,0.93011237
Jalen Bonds,Ball State,-0.860294989,-0.637080893,1.168935122,0.266852326,1.258867278,-2.641666449,-0.970097584,-1.204077278,1.090243588,-0.776179703,0.766493708,RB,MAC,0.928796872
Bo MacCormack III,Boston College,-1.564889137,-1.500796898,0.071386604,0.276679284,-0.058839382,-0.3015004,-0.399896401,-0.377112621,0.189995376,-1.012223751,0.172205151,RB,ACC,0.928561578
David Adolph,Ohio State,-2.058293256,0.26527985,-1.065600655,1.140889713,0.032336257,-0.160905536,-0.606364473,-0.121487281,0.016341066,-0.597422847,0.21816136,WR,B1G,0.928214584
Chase Curtis,TCU,-1.866495275,0.354714809,-1.147663977,1.583920694,-0.538484864,0.608158365,-0.565363388,0.095042034,-0.236600478,-0.556291497,-0.041592933,TE,B12,0.927393551
Kezion Dia-Johnson,Massachusetts,-2.301505963,-1.46609605,-0.944744583,-1.375349291,0.130000314,-0.097842134,-0.430921869,-0.165746575,0.039591503,-0.545932903,0.327386434,WR,MAC,0.926067877
Quin Smith,Air Force,-1.762327176,3.664050403,-0.182622808,0.943030562,0.379017463,-0.554536611,-0.535189799,-0.063651876,-0.013365938,-0.594839306,0.199083769,WR,MWC,0.925590441
CJ Johnson II,Tulsa,-2.191480472,1.10343598,-0.67923569,1.29524655,0.148884866,-0.360029459,-0.61278308,-0.233937961,0.053038757,-1.310015762,0.23338344,WR,AAC,0.925169439
Leyton Stone,Texas Tech,-2.605851615,3.019976529,-0.422485793,3.268116361,0.201015058,-0.257582174,-0.748747883,0.039512282,-0.123278232,-0.573686947,0.214545769,WR,B12,0.924985282
Leo Blackburn,Georgia State,-2.17186773,2.315870933,-0.431783316,1.665896745,0.347093903,-0.579828847,-0.709238275,-0.120033101,-0.006400937,-1.111450922,0.279446693,WR,SBC,0.923667855
Micah Gilbert,Notre Dame,-1.987421313,1.17420431,-0.690143569,0.686622832,0.19926169,-0.456291302,-0.497353986,-0.26709152,0.079139857,-1.442756463,0.219910466,WR,Ind,0.922451228
Tyrese Hunt-Thompson,North Texas,-2.859669226,3.602836618,-0.524118547,4.498581074,0.315421599,-0.401304549,-0.943923826,0.077936109,-0.15020862,-0.538678188,0.193992299,WR,AAC,0.922429464
Casey Cain,Liberty,-2.217327719,2.499550671,-0.461195352,1.963405218,0.260163535,-0.409181768,-0.678279188,-0.08975904,-0.016013851,-0.701722706,0.216033964,WR,CUSA,0.922184722
Dane Benedix,Louisiana Tech,-2.19814427,-1.541879334,-1.199098184,-0.501706063,-0.150457375,0.162367359,-0.559398833,-0.063772593,-0.137932157,-1.158615258,0.091718758,WR,CUSA,0.922133416
Jake McConnachie,Massachusetts,-2.247949411,1.71056073,-0.553179049,1.394358144,0.525762313,-0.913459004,-0.650209334,-0.350534567,0.178455489,-1.425092818,0.281554549,WR,MAC,0.922047177
Jaylan Bean,Wyoming,-2.277460247,2.076652984,-0.647628246,2.235921806,0.150500824,-0.281936548,-0.759712733,-0.084140009,-0.055218882,-0.99792371,0.23095953,WR,MWC,0.921790965
Preston Fox,West Virginia,-2.089053473,1.368785223,-0.491823693,0.649197978,0.027102846,-0.006754087,-0.559018339,0.010894725,-0.107037767,-0.291545819,0.125314194,WR,B12,0.920074529
Kaden Helms,Oklahoma,-2.453088172,0.755249633,-0.83704089,1.39144151,-0.127404824,0.259993119,-0.585879354,0.125955832,-0.22935308,-0.300208402,0.076438308,TE,SEC,0.91960514
Jaden Bray,West Virginia,-1.968612026,2.849298527,-0.269108652,1.666009944,0.6265578,-1.029635815,-0.719429027,-0.295259615,0.208533397,-0.831916741,0.380812847,WR,B12,0.918943744
Connor Cox,North Carolina,-2.450048597,0.12867433,-0.943813848,1.166818025,-0.018808821,0.001213035,-0.646622109,0.018390839,-0.187287403,-1.057128188,0.08333618,TE,ACC,0.918401229
Isaiah Blair,New Mexico,-2.636158463,1.371536127,-0.761467942,1.996084564,0.287367632,-0.344153024,-0.903426177,-0.024805764,-0.087246892,-0.650197274,0.237561594,WR,MWC,0.918340032
Justin Cayenne,Florida International,-2.320243617,0.089211019,-0.819332015,0.591437464,-0.106621182,0.187801109,-0.570643552,0.007890221,-0.136187973,-0.359852555,0.084021757,TE,CUSA,0.917401645
Sam Olson,Arizona,-1.65614058,2.363084791,-0.295813643,0.452023163,0.104989077,-0.25774574,-0.357253986,-0.090189719,-0.009353807,-0.623533426,0.14018829,TE,B12,0.916985509
Taylor Bradshaw,Georgia Southern,-2.309399925,0.957576818,-0.602263908,0.647106553,0.307929588,-0.421367682,-0.601520622,-0.112616315,-0.002803687,-0.697200037,0.243942662,WR,SBC,0.916163762
Luke Reed,Akron,-2.356319841,-1.093590642,-0.685094933,0.354588293,-0.350764755,0.546016762,-0.194749027,-0.11440679,-0.078912914,-0.808638186,0.075613866,RB,MAC,0.91615149
Jamie Tremble,Syracuse,-2.52799394,-0.661195147,-1.070303413,0.58167266,-0.181923507,0.349880296,-0.682971885,0.117030529,-0.260478525,-0.428236802,0.030855085,TE,ACC,0.916066137
Donovan Delaney,Kent State,-1.358361587,-3.894688045,-0.814293572,-1.483860713,-0.082624276,-0.370941279,-0.625113854,-0.415433211,0.223026904,-0.65163261,0.07787568,RB,MAC,0.915960329
Brody Dalton,Alabama,-2.12144286,1.437703221,-0.574108616,1.075288169,0.074300798,-0.151927015,-0.550754709,-0.084929541,-0.035382768,-0.645220436,0.171702249,TE,SEC,0.914543633
Karsyn Pupunu,Hawai'i,-1.771635657,1.563159509,-0.481555717,0.420790192,0.036169534,-0.15157691,-0.500669645,-0.136775811,0.002821163,-0.840205765,0.19723712,WR,MWC,0.914416026
Blaze Kamoku,Hawai'i,-2.259211449,0.291147116,-0.789430178,0.542844408,-0.056259993,0.050958986,-0.50839499,-0.076170254,-0.084847254,-0.821388475,0.112591534,WR,MWC,0.914324547
Landen Lucas,Tulsa,-2.138991527,-1.516459872,-1.062799584,-1.056369356,-0.033080379,-0.029037076,-0.364644149,-0.228565629,0.024516592,-1.018819518,0.119416274,TE,AAC,0.914263482
Amari Niblack,Texas A&M,-2.219643337,1.490603889,-0.552827887,0.973677106,0.067157723,-0.08114266,-0.584303248,-0.027779203,-0.094657616,-0.58100664,0.137033946,TE,SEC,0.913669961
Scott Moore,Delaware,-2.323578651,-1.166620692,-0.940554616,-0.806899215,-0.06812605,0.175924071,-0.442009952,-0.037988206,-0.104575639,-0.535345156,0.170755212,TE,CUSA,0.912661066
Zion Fowler-El,Pittsburgh,-2.201022286,-0.321835895,-0.968237648,0.392523281,-0.035546365,-0.028327892,-0.504392529,-0.143973998,-0.017216705,-0.879716155,0.168023945,WR,ACC,0.912393861
Malik Phillips,Sam Houston,-1.827718412,0.905833067,-0.540373134,0.076746915,0.123116165,-0.260976598,-0.428562168,-0.083613631,-0.015011763,-0.500124625,0.127209651,WR,CUSA,0.912203032
William Fowles,App State,-2.256726423,0.641516827,-0.788450641,1.19374976,0.105273018,-0.198424703,-0.701999049,-0.127025799,-0.000877845,-0.608376088,0.219636468,WR,SBC,0.911674886
Tyson Mobley,Liberty,-1.621494039,1.868100645,-0.416450633,0.189469561,0.106629115,-0.267614294,-0.413352336,-0.121933336,0.009349374,-0.785476124,0.193836048,WR,CUSA,0.911182876
Jake Bruno,Ohio,-2.035709916,-0.49944364,-0.799459254,-0.265055866,-0.134095896,0.083509229,-0.444032959,-0.081182516,-0.11096768,-1.104129484,0.064076845,TE,MAC,0.911112316
Jaylon Hawkins,San Diego State,-1.554288742,-1.777861154,-0.65702555,-1.313679882,0.399331952,-0.8440671,-0.36842924,-0.641418775,0.421814813,-1.008960708,0.238348923,WR,MWC,0.911030354
Nasir Williams,Central Michigan,-2.537446923,2.819111215,-0.483402937,2.520240329,0.41522674,-0.530689019,-0.804819013,-0.033429082,-0.045922865,-0.679848293,0.320780665,WR,MAC,0.909630433
Bralon Brown,Southern Miss,-1.667144426,1.810702621,-0.467801226,0.153667166,0.152340237,-0.335610405,-0.403005667,-0.170394458,0.061888635,-0.649163087,0.183673464,WR,SBC,0.909458627
Tobias Merriweather,Utah,-2.027959751,2.075089577,-0.340698425,0.915180285,0.438641126,-0.681854867,-0.559518565,-0.28130274,0.19653749,-0.555957912,0.386850536,WR,B12,0.908857668
Nick Delgadillo,Hawai'i,-2.235622058,-0.547094824,-1.08364072,0.156830911,-0.043729788,0.092788045,-0.75567276,0.051047594,-0.205165338,-1.029749733,0.21533378,WR,MWC,0.90847387
Shawn Brown,New Mexico State,-2.304494079,1.463136501,-0.607516673,1.397913739,0.179815226,-0.239085081,-0.792305891,-0.08024644,-0.032687722,-0.574357959,0.25839935,WR,CUSA,0.907369676
Tayvion Galloway,Middle Tennessee,-2.145301943,-1.704238371,-1.155724944,-0.987607676,-0.030176323,0.082050344,-0.638713671,-0.055299287,-0.080384278,-0.628762793,0.25794453,TE,CUSA,0.906460029
Malachi Riley,San José State,-2.371882281,0.248859827,-0.842394517,1.154274568,-0.044289839,0.019646849,-0.6535484,-0.055401527,-0.113979614,-0.953430413,0.12966261,WR,MWC,0.906190844
Khamari Anderson,Arizona State,-2.329006407,-0.90322131,-1.059323252,-0.020707697,-0.091237826,0.131033765,-0.513097831,-0.02251292,-0.136213303,-0.674894715,0.05898422,TE,B12,0.904625738
Dylan Burk,Sam Houston,-2.006667824,0.585168459,-0.808298822,0.964537206,-0.009177516,-0.143004228,-0.603655332,-0.160006417,-0.00536084,-1.03960812,0.167169578,TE,CUSA,0.904136177
Ross Fournet,Florida International,-2.165534111,0.349203934,-0.724160164,0.691140147,0.032106531,-0.133306693,-0.594616306,-0.131586007,-0.034280253,-1.015264391,0.184642163,WR,CUSA,0.90360815
Franklin Baret Jr.,Jacksonville State,-2.451607151,1.627722337,-0.641045312,1.917541983,0.040631068,0.006188068,-0.740405197,0.061530952,-0.174758649,-0.59200909,0.176938494,WR,CUSA,0.903316078
Chance Morrow,Buffalo,-1.896743901,1.44909002,-0.58026392,0.886847446,0.232902796,-0.428982863,-0.609627003,-0.159420515,0.073428586,-0.446096757,0.257313129,WR,MAC,0.903107693
D.C. Temple,Central Michigan,-2.223026719,0.808766381,-0.669731599,0.46428016,0.182684528,-0.218469403,-0.552449709,-0.069596442,-0.02766344,-0.59396944,0.294653833,TE,MAC,0.902329348
Ramier Hardy,Temple,-2.169806318,-1.591283972,-1.110726787,-0.472129961,-0.128027911,0.146443884,-0.62752279,-0.094187585,-0.069153714,-0.728130024,0.185001519,WR,AAC,0.901282509
Bryan Robinson,Marshall,-2.33044878,0.596972732,-0.820620263,1.13869705,-0.000455311,0.008953865,-0.632798798,-0.01681452,-0.105809369,-0.504512963,0.129891271,WR,SBC,0.90127799
Cooper Hoch,San José State,-2.153165571,-0.503960755,-0.97153755,0.075245258,-0.047267861,0.003857959,-0.535187813,-0.132124217,-0.033212934,-0.985242608,0.209547851,WR,MWC,0.899414968
Taz Williams Jr.,Baylor,-2.370044851,-0.400080425,-1.017352868,0.567623741,-0.119683283,0.200706885,-0.609201695,-0.07279354,-0.050307423,-0.274266885,0.161066388,WR,B12,0.899195398
Ricky Johnson,Mississippi State,-2.335527676,-0.810359877,-1.082366367,0.314991512,-0.121042325,0.16801162,-0.646662865,0.031836884,-0.203464378,-0.858521387,0.063335714,WR,SEC,0.898213121
Austin Henderson,Liberty,-2.312587022,0.956930714,-0.69232329,1.041528104,0.035262261,-0.066005804,-0.585186845,-0.055451367,-0.097225279,-0.836517803,0.123333556,TE,CUSA,0.897866926
Quinton Stewart,Oklahoma State,-2.437585365,0.118500358,-0.819968382,0.462084265,0.141224873,-0.123673511,-0.727692429,-0.010846657,-0.128790494,-0.836439706,0.24338943,TE,B12,0.897358729
Kojo Antwi,Colorado State,-2.295843364,-0.78913019,-0.994032693,0.142868819,-0.083789642,0.087744229,-0.496108452,-0.109549903,-0.044425681,-0.529441552,0.086577164,WR,MWC,0.897352149
Nate Sullivan Jr.,UL Monroe,-2.209353192,-0.824787383,-0.96203511,-0.507794466,-0.066413107,0.122386215,-0.491717654,-0.072830579,-0.077505329,-0.607220323,0.145726262,TE,SBC,0.897303904
Elijah Canion,Liberty,-1.873401547,1.370848572,-0.568196907,0.481538031,0.01483315,-0.061191117,-0.521748907,-0.042782719,-0.056563135,-0.476931064,0.167901388,WR,CUSA,0.895995004
Da'Wain Lofton,Oklahoma State,-2.08776953,1.29616298,-0.538432093,0.982332654,0.206883208,-0.37966055,-0.641520653,-0.186467055,0.055109516,-0.694522921,0.218722106,WR,B12,0.894952932
Mekhi Miller,Tulsa,-2.066391673,0.08899943,-0.877781767,0.277193231,0.055421155,-0.148143217,-0.560417283,-0.132620501,0.006667832,-0.438790228,0.11726352,WR,AAC,0.894882031
Navelle Dean,Kennesaw State,-2.438270959,1.184773737,-0.688174409,1.361445634,0.042739954,-0.000990707,-0.624908239,0.01989832,-0.135005451,-0.481842847,0.139601541,WR,CUSA,0.894488865
Artis Cole,Rice,-2.119304932,0.052232513,-0.948165846,0.465594967,-0.183204058,0.23993341,-0.506647089,-0.00896023,-0.117810534,-0.408406656,0.063476179,WR,AAC,0.893656011
Dawson Johnson,Old Dominion,-2.047093567,1.084958826,-0.699826727,0.726345415,-0.066919056,0.093473932,-0.511365111,0.032783343,-0.138875159,-0.562683045,0.152410313,TE,SBC,0.892975722
DJ Riles,Georgia State,-1.645433733,1.104452038,-0.388990181,0.127136992,0.002217807,-0.127925748,-0.526525086,-0.037223191,-0.075556443,-0.611367125,0.120940485,WR,SBC,0.892663401
Maximus Webster,Ball State,-2.502738858,1.469093971,-0.655689816,2.310241288,-0.09361354,0.159287735,-0.689772933,0.115759718,-0.239478995,-0.611631305,0.083136353,TE,MAC,0.891649742
Deion Colzie,Miami (OH),-1.920939816,2.48455468,-0.502886642,1.804613592,0.240632642,-0.469572791,-0.605490553,-0.158079949,0.070708745,-0.575080481,0.248142555,WR,MAC,0.889310971
Nick Harris,Eastern Michigan,-2.75175206,2.495357797,-0.71833293,3.598537636,0.177267356,-0.28555455,-0.76649903,3.80E-05,-0.141204429,-0.996407661,0.105509189,TE,MAC,0.889059648
La'Don Bryant,Northern Illinois,-2.178519453,-0.617036565,-0.957491751,-0.009747684,0.020958548,-0.060845585,-0.564573742,-0.137390581,-8.56E-06,-0.544472157,0.18458934,WR,MAC,0.888115267
Braylen Walker,Rice,-1.469516448,1.444906551,-0.544065338,0.301936564,0.171805584,-0.481372671,-0.46264654,-0.216221039,0.09878068,-0.838579866,0.177041563,WR,AAC,0.887042775
Harrison Saint Germain,Virginia Tech,-2.328586217,-0.494776538,-0.964535491,0.392270563,-0.105698698,0.113403813,-0.568497925,-0.073207207,-0.103161893,-0.793947721,0.062556338,TE,ACC,0.885752564
Creed Whittemore,Utah,-1.865532994,1.110370036,-0.628069973,0.986025958,0.109130173,-0.324499235,-0.50235598,-0.152396779,0.033403189,-0.895271646,0.218467441,WR,B12,0.885209322
Carter Nelson,Nebraska,-2.439727103,-0.663548532,-1.092188684,0.538395435,-0.179418841,0.302731187,-0.624470548,0.079875617,-0.231065147,-0.583927935,0.033466922,TE,B1G,0.885166955
Christian Leary,Western Michigan,-1.990378736,0.438499,-0.721305685,0.142940723,-0.048740419,-5.52E-05,-0.468576078,-0.124461929,-0.023776574,-0.719294506,0.14226629,WR,MAC,0.883193872
Donnie Gray,Massachusetts,-1.861174136,0.432902611,-0.692656325,0.327761104,0.077707312,-0.268116622,-0.492578454,-0.220438878,0.08757406,-0.713134217,0.208562057,WR,MAC,0.882730496
Carmelo Mays,Georgia Southern,-2.110007576,-2.412734314,-1.277635323,-1.086792914,-0.206554996,0.203431786,-0.532345362,-0.126090713,-0.088690316,-0.978927639,0.049742311,WR,SBC,0.881374347
Jackson Harper,UConn,-2.120613265,-0.457280525,-1.009386135,0.134478272,-0.067753653,-0.007320821,-0.398111911,-0.170988678,0.014295308,-0.701956723,0.103424593,WR,Ind,0.881338579
Rahji Dennis,Louisiana,-2.401263823,-0.048907395,-0.893608401,0.848825302,-0.074029165,0.073865471,-0.594854244,-0.072070298,-0.106699994,-0.852109666,0.076794183,WR,SBC,0.879423015
Hykeem Williams,Colorado,-1.9380162,1.240103024,-0.627552832,0.706620242,0.035333926,-0.111725757,-0.543558793,-0.071723326,-0.042770202,-0.62706978,0.181145294,WR,B12,0.878815634
Jermane Hayes,Southern Miss,-2.188018881,-0.498838102,-0.982399868,0.284496025,-0.055331829,0.037019757,-0.620658674,-0.076730977,-0.076430706,-0.797728171,0.175958195,WR,SBC,0.878713832
CC Ezirim,Toledo,-2.52379433,0.884815006,-0.757610898,1.589594769,-0.010404581,0.054089471,-0.62965717,0.05451504,-0.181856879,-0.405466843,0.032885481,TE,MAC,0.878657579
Tyson Thompson,Rice,-2.077231287,-1.329473884,-1.231397008,0.249760836,-0.359385119,0.385094102,-0.53750451,-0.005651188,-0.171747021,-0.768219997,-0.009879489,WR,AAC,0.878374913
Payton Mangrum,East Carolina,-2.508204402,2.143149705,-0.519009182,1.887069301,0.373772311,-0.515211593,-0.745417565,-0.152274279,0.022487857,-0.751476763,0.24083604,WR,AAC,0.877955672
Xavier Irvin,Temple,-2.332860237,1.669429674,-0.592785938,1.51701087,0.355191988,-0.524195111,-0.721301114,-0.144911374,0.045251648,-0.538668011,0.248423301,WR,AAC,0.877237146
Ardell Banks,Kent State,-2.160893121,1.389765165,-0.484099758,0.431915583,0.186288124,-0.25313968,-0.484878678,-0.122784532,0.008198069,-0.560194713,0.203756984,WR,MAC,0.875681276
Weston Wolff,South Florida,-2.375585817,0.432181781,-0.779542243,0.983739029,-0.066523336,0.117254335,-0.610205096,0.002041829,-0.138993386,-0.45569464,0.071691284,TE,AAC,0.871289194
Evan King,Buffalo,-1.952146359,0.66845801,-0.88505235,1.155703387,-0.000367345,-0.191481749,-0.596033553,-0.158139633,-0.002381804,-1.033545971,0.132423141,TE,MAC,0.871113694
Owen Anderson,Massachusetts,-2.544793611,1.333869441,-0.766194921,1.990677454,0.130899832,-0.226399753,-0.650200795,-0.028351869,-0.131362161,-1.042625904,0.074910508,TE,MAC,0.869832909
Ryan Guillo,Rice,-2.423118658,-0.120317928,-1.070626718,0.975359526,-0.10642936,0.175774361,-0.640967667,0.038953242,-0.18156689,-0.524142667,0.043826751,WR,AAC,0.869224928
Noah Moeaki,BYU,-2.455274655,0.938755943,-0.790240122,1.663682446,-0.028534038,0.031343558,-0.591427131,0.000749384,-0.146417113,-1.062834424,0.215817732,TE,B12,0.868820667
Tobi Olawole,Army,-2.284574094,0.563342075,-0.873958315,1.119641674,0.012209727,-0.061421062,-0.60420079,-0.079333036,-0.079604817,-0.941333788,0.149508175,WR,AAC,0.865185059
Brian Shane,Miami (OH),-2.222462305,1.550958205,-0.577079598,1.220632459,-0.013673887,0.016231598,-0.486529237,0.018025748,-0.138129001,-0.519224533,0.053083799,TE,MAC,0.863063889
Quincy Brown,Florida Atlantic,-2.41130682,0.621622128,-0.772550005,1.175916365,-0.006770903,-0.00629117,-0.614699894,-0.066119247,-0.091125115,-0.846498668,0.147417569,WR,AAC,0.862966166